[08Apr2025 21:43:27.460] [main/INFO] [cpw.mods.modlauncher.Launcher/MODLAUNCHER]: ModLauncher running: args [--launchTarget, forgeserver, --fml.forgeVersion, 47.3.7, --fml.mcVersion, 1.20.1, --fml.forgeGroup, net.minecraftforge, --fml.mcpVersion, 20230612.114412, nogui]
[08Apr2025 21:43:27.464] [main/INFO] [cpw.mods.modlauncher.Launcher/MODLAUNCHER]: ModLauncher 10.0.9+10.0.9+main.dcd20f30 starting: java version 17.0.14 by Ubuntu; OS Linux arch amd64 version 6.8.0-1021-azure
[08Apr2025 21:43:28.193] [main/INFO] [net.minecraftforge.fml.loading.ImmediateWindowHandler/]: ImmediateWindowProvider not loading because launch target is forgeserver
[08Apr2025 21:43:28.248] [main/INFO] [mixin/]: SpongePowered MIXIN Subsystem Version=0.8.5 Source=union:/workspaces/PlanetQu/servidor_minecraft/libraries/org/spongepowered/mixin/0.8.5/mixin-0.8.5.jar%2365!/ Service=ModLauncher Env=SERVER
[08Apr2025 21:43:28.644] [main/WARN] [net.minecraftforge.fml.loading.moddiscovery.ModFileParser/LOADING]: Mod file /workspaces/PlanetQu/servidor_minecraft/libraries/net/minecraftforge/fmlcore/1.20.1-47.3.7/fmlcore-1.20.1-47.3.7.jar is missing mods.toml file
[08Apr2025 21:43:28.645] [main/WARN] [net.minecraftforge.fml.loading.moddiscovery.ModFileParser/LOADING]: Mod file /workspaces/PlanetQu/servidor_minecraft/libraries/net/minecraftforge/javafmllanguage/1.20.1-47.3.7/javafmllanguage-1.20.1-47.3.7.jar is missing mods.toml file
[08Apr2025 21:43:28.646] [main/WARN] [net.minecraftforge.fml.loading.moddiscovery.ModFileParser/LOADING]: Mod file /workspaces/PlanetQu/servidor_minecraft/libraries/net/minecraftforge/lowcodelanguage/1.20.1-47.3.7/lowcodelanguage-1.20.1-47.3.7.jar is missing mods.toml file
[08Apr2025 21:43:28.647] [main/WARN] [net.minecraftforge.fml.loading.moddiscovery.ModFileParser/LOADING]: Mod file /workspaces/PlanetQu/servidor_minecraft/libraries/net/minecraftforge/mclanguage/1.20.1-47.3.7/mclanguage-1.20.1-47.3.7.jar is missing mods.toml file
[08Apr2025 21:43:28.937] [main/WARN] [net.minecraftforge.jarjar.selection.JarSelector/]: Attempted to select two dependency jars from JarJar which have the same identification: Mod File:  and Mod File: . Using Mod File: 
[08Apr2025 21:43:28.939] [main/WARN] [net.minecraftforge.jarjar.selection.JarSelector/]: Attempted to select a dependency jar for JarJar which was passed in as source: resourcefullib. Using Mod File: /workspaces/PlanetQu/servidor_minecraft/mods/resourcefullib-forge-1.20.1-2.1.25.jar
[08Apr2025 21:43:28.939] [main/WARN] [net.minecraftforge.jarjar.selection.JarSelector/]: Attempted to select a dependency jar for JarJar which was passed in as source: curios. Using Mod File: /workspaces/PlanetQu/servidor_minecraft/mods/curios-forge-5.9.1+1.20.1.jar
[08Apr2025 21:43:28.939] [main/INFO] [net.minecraftforge.fml.loading.moddiscovery.JarInJarDependencyLocator/]: Found 13 dependencies adding them to mods collection
[08Apr2025 21:43:31.821] [main/INFO] [mixin/]: Compatibility level set to JAVA_17
[08Apr2025 21:43:32.079] [main/INFO] [cpw.mods.modlauncher.LaunchServiceHandler/MODLAUNCHER]: Launching target 'forgeserver' with arguments [nogui]
[08Apr2025 21:43:32.115] [main/WARN] [mixin/]: Reference map 'naturalist-forge-forge-refmap.json' for naturalist.mixins.json could not be read. If this is a development environment you can ignore this message
[08Apr2025 21:43:32.272] [main/WARN] [mixin/]: Reference map 'yungsextras.refmap.json' for yungsextras.mixins.json could not be read. If this is a development environment you can ignore this message
[08Apr2025 21:43:32.275] [main/WARN] [mixin/]: Reference map 'yungsextras.refmap.json' for yungsextras_forge.mixins.json could not be read. If this is a development environment you can ignore this message
[08Apr2025 21:43:32.298] [main/WARN] [mixin/]: Reference map 'nitrogen_internals.refmap.json' for nitrogen_internals.mixins.json could not be read. If this is a development environment you can ignore this message
[08Apr2025 21:43:32.485] [main/INFO] [Puzzles Lib/]: Loading 99 mods:
	- ad_astra 1.15.18
	- aether 1.20.1-1.2.0-neoforge
	- aiimprovements 0.5.2
	- alexscaves 1.1.4
	- alexsmobs 1.22.8
	- architectury 9.2.14
	- artifacts 9.5.7
	- bagus_lib 1.20.1-4.4.0
	- betterdeserttemples 1.20-Forge-3.0.3
	- betterdungeons 1.20-Forge-4.0.3
	- betterendisland 1.20-Forge-2.0.5
	- betterfortresses 1.20-Forge-2.0.5
	- betterjungletemples 1.20-Forge-2.0.4
	- bettermineshafts 1.20-Forge-4.0.4
	- bettermobs 1.0.0
	- betteroceanmonuments 1.20-Forge-3.0.4
	- betterstrongholds 1.20-Forge-4.0.3
	- bettervillage 3.1.0
	- betterwitchhuts 1.20-Forge-3.0.3
	- born_in_chaos_v1 1.0.0
	- botarium 2.3.3
	- brutalbosses 1.20.1-6.8
	- carryon 2.1.2.7
	- cataclysm 1.0
	- citadel 2.5.4
	- cloth_config 11.1.118
	- clumps 12.0.0.4
	- coroutil 1.20.1-1.3.3
	- cosmeticarmorreworked 1.20.1-v1a
	- creeperoverhaul 3.0.2
	- cumulus_menus 1.20.1-1.0.0-neoforge
	- cupboard 1.20.1-2.5
	- curios 5.9.1+1.20.1
	- deeperdarker 1.2.1
	- dungeons_arise 2.1.58-1.20.x
	- earthmobsmod 1.20.1-10.3.1
	- easyanvils 8.0.1
	- ecologics 2.2.0
	- eeeabsmobs 1.20.1-0.91
	- elevatorid 1.20.1-lex-1.9
	- enchantinginfuser 8.0.2
	- endermanoverhaul 1.0.3
	- endrem 5.2.3-R-1.20.1
	- enemyexpansion 2.3.1
	- expandability 9.0.4
	- explorerscompass 1.20.1-1.3.3-forge
	- ferritecore 6.0.1
	- forge 47.3.7
	- friendsandfoes 2.0.10
	- furnitura 1.12-1.20.1
	- geckolib 4.4.2
	- hangglider 8.0.1
	- iceandfire 2.1.13-1.20.1-beta-4
	- illagerinvasion 8.0.3
	- incendium 5.3.5
	- infernalmobs 1.20.1.2
	- ironchest 1.20.1-14.4.4
	- jei 15.3.0.8
	- libraryferret 4.0.0
	- luminousworld 1.3.6
	- minecraft 1.20.1
	- mixinextras 0.3.5
	- mixinsquared 0.1.1
	- moonlight 1.20-2.11.0
	- mowziesmobs 1.6.4
	- multimine 1.20.1.3
	- mutantmonsters 8.0.7
	- naturalist 4.0.3
	- naturescompass 1.20.1-1.11.2-forge
	- nitrogen_internals 1.20.1-1.0.2-neoforge
	- nullscape 1.2.4
	- placeablesmod 1.9
	- polymorph 0.49.2+1.20.1
	- puzzlesaccessapi 8.0.7
	- puzzleslib 8.1.17
	- quark 4.0-438
	- recipes_unlocked 7.0.0
	- resourcefulconfig 2.1.2
	- resourcefullib 2.1.25
	- securitycraft 1.9.9
	- sophisticatedbackpacks 3.20.2.1022
	- sophisticatedcore 0.6.8.567
	- spectrelib 0.13.14+1.20.1
	- stalwart_dungeons 1.2.8
	- supplementaries 1.20-2.8.6
	- takesapillage 1.0.3
	- tombstone 8.6.3
	- torchmaster 20.1.6
	- twilightforest 4.3.2145
	- undead_revamp2 1.0.0
	- vanillaplustools 1.20-1.0
	- warriorrage 1.0.0
	- watching 1.9.2
	- watut 1.20.1-1.0.11
	- xaerominimap 24.1.1
	- yungsapi 1.20-Forge-4.0.4
	- yungsbridges 1.20-Forge-4.0.3
	- yungsextras 1.20-Forge-4.0.3
	- zeta 1.0-14
[08Apr2025 21:43:33.749] [main/WARN] [mixin/]: Error loading class: net/minecraft/client/renderer/entity/PhantomRenderer (java.lang.ClassNotFoundException: net.minecraft.client.renderer.entity.PhantomRenderer)
[08Apr2025 21:43:33.749] [main/WARN] [mixin/]: @Mixin target net.minecraft.client.renderer.entity.PhantomRenderer was not found mixins.deeperdarker.json:PhantomRendererMixin
[08Apr2025 21:43:34.432] [main/WARN] [mixin/]: Error loading class: noobanidus/mods/lootr/config/ConfigManager (java.lang.ClassNotFoundException: noobanidus.mods.lootr.config.ConfigManager)
[08Apr2025 21:43:34.732] [main/INFO] [MixinExtras|Service/]: Initializing MixinExtras via com.llamalad7.mixinextras.service.MixinExtrasServiceImpl(version=0.3.5).
[08Apr2025 21:43:41.040] [modloading-worker-0/INFO] [Puzzles Lib/]: Constructing common components for illagerinvasion:main
[08Apr2025 21:43:41.044] [modloading-worker-0/INFO] [Puzzles Lib/]: Constructing common components for easyanvils:main
[08Apr2025 21:43:41.150] [modloading-worker-0/INFO] [atomicstryker.multimine.common.MultiMine/]: mod instantiated
[08Apr2025 21:43:41.152] [modloading-worker-0/INFO] [atomicstryker.multimine.common.MultiMine/]: MultiMineServer initializing
[08Apr2025 21:43:41.246] [modloading-worker-0/WARN] [net.minecraftforge.common.ForgeConfigSpec/CORE]: Configuration file /workspaces/PlanetQu/servidor_minecraft/config/naturalist.toml is not correct. Correcting
[08Apr2025 21:43:41.247] [modloading-worker-0/WARN] [net.minecraftforge.common.ForgeConfigSpec/CORE]: Incorrect key Mob Spawn Weights was corrected from null to its default, SimpleCommentedConfig:{}. 
[08Apr2025 21:43:41.247] [modloading-worker-0/WARN] [net.minecraftforge.common.ForgeConfigSpec/CORE]: Incorrect key Mob Spawn Weights.forestRabbitSpawnWeight was corrected from null to its default, 6. 
[08Apr2025 21:43:41.247] [modloading-worker-0/WARN] [net.minecraftforge.common.ForgeConfigSpec/CORE]: Incorrect key Mob Spawn Weights.forestFoxSpawnWeight was corrected from null to its default, 6. 
[08Apr2025 21:43:41.247] [modloading-worker-0/WARN] [net.minecraftforge.common.ForgeConfigSpec/CORE]: Incorrect key Mob Spawn Weights.snailSpawnWeight was corrected from null to its default, 5. 
[08Apr2025 21:43:41.248] [modloading-worker-0/WARN] [net.minecraftforge.common.ForgeConfigSpec/CORE]: Incorrect key Mob Spawn Weights.snakeSpawnWeight was corrected from null to its default, 4. 
[08Apr2025 21:43:41.248] [modloading-worker-0/WARN] [net.minecraftforge.common.ForgeConfigSpec/CORE]: Incorrect key Mob Spawn Weights.coralSnakeSpawnWeight was corrected from null to its default, 4. 
[08Apr2025 21:43:41.248] [modloading-worker-0/WARN] [net.minecraftforge.common.ForgeConfigSpec/CORE]: Incorrect key Mob Spawn Weights.rattlesnakeSpawnWeight was corrected from null to its default, 4. 
[08Apr2025 21:43:41.248] [modloading-worker-0/WARN] [net.minecraftforge.common.ForgeConfigSpec/CORE]: Incorrect key Mob Spawn Weights.fireflySpawnWeight was corrected from null to its default, 8. 
[08Apr2025 21:43:41.248] [modloading-worker-0/WARN] [net.minecraftforge.common.ForgeConfigSpec/CORE]: Incorrect key Mob Spawn Weights.bluejaySpawnWeight was corrected from null to its default, 8. 
[08Apr2025 21:43:41.249] [modloading-worker-0/WARN] [net.minecraftforge.common.ForgeConfigSpec/CORE]: Incorrect key Mob Spawn Weights.canarySpawnWeight was corrected from null to its default, 8. 
[08Apr2025 21:43:41.249] [modloading-worker-0/WARN] [net.minecraftforge.common.ForgeConfigSpec/CORE]: Incorrect key Mob Spawn Weights.cardinalSpawnWeight was corrected from null to its default, 8. 
[08Apr2025 21:43:41.249] [modloading-worker-0/WARN] [net.minecraftforge.common.ForgeConfigSpec/CORE]: Incorrect key Mob Spawn Weights.robinSpawnWeight was corrected from null to its default, 8. 
[08Apr2025 21:43:41.249] [modloading-worker-0/WARN] [net.minecraftforge.common.ForgeConfigSpec/CORE]: Incorrect key Mob Spawn Weights.finchSpawnWeight was corrected from null to its default, 8. 
[08Apr2025 21:43:41.249] [modloading-worker-0/WARN] [net.minecraftforge.common.ForgeConfigSpec/CORE]: Incorrect key Mob Spawn Weights.sparrowSpawnWeight was corrected from null to its default, 8. 
[08Apr2025 21:43:41.250] [modloading-worker-0/WARN] [net.minecraftforge.common.ForgeConfigSpec/CORE]: Incorrect key Mob Spawn Weights.butterflySpawnWeight was corrected from null to its default, 20. 
[08Apr2025 21:43:41.250] [modloading-worker-0/WARN] [net.minecraftforge.common.ForgeConfigSpec/CORE]: Incorrect key Mob Spawn Weights.duckSpawnWeight was corrected from null to its default, 15. 
[08Apr2025 21:43:41.250] [modloading-worker-0/WARN] [net.minecraftforge.common.ForgeConfigSpec/CORE]: Incorrect key Mob Spawn Weights.bearSpawnWeight was corrected from null to its default, 8. 
[08Apr2025 21:43:41.250] [modloading-worker-0/WARN] [net.minecraftforge.common.ForgeConfigSpec/CORE]: Incorrect key Mob Spawn Weights.deerSpawnWeight was corrected from null to its default, 8. 
[08Apr2025 21:43:41.250] [modloading-worker-0/WARN] [net.minecraftforge.common.ForgeConfigSpec/CORE]: Incorrect key Mob Spawn Weights.rhinoSpawnWeight was corrected from null to its default, 15. 
[08Apr2025 21:43:41.251] [modloading-worker-0/WARN] [net.minecraftforge.common.ForgeConfigSpec/CORE]: Incorrect key Mob Spawn Weights.lionSpawnWeight was corrected from null to its default, 8. 
[08Apr2025 21:43:41.251] [modloading-worker-0/WARN] [net.minecraftforge.common.ForgeConfigSpec/CORE]: Incorrect key Mob Spawn Weights.elephantSpawnWeight was corrected from null to its default, 10. 
[08Apr2025 21:43:41.251] [modloading-worker-0/WARN] [net.minecraftforge.common.ForgeConfigSpec/CORE]: Incorrect key Mob Spawn Weights.zebraSpawnWeight was corrected from null to its default, 10. 
[08Apr2025 21:43:41.252] [modloading-worker-0/WARN] [net.minecraftforge.common.ForgeConfigSpec/CORE]: Incorrect key Mob Spawn Weights.giraffeSpawnWeight was corrected from null to its default, 10. 
[08Apr2025 21:43:41.252] [modloading-worker-0/WARN] [net.minecraftforge.common.ForgeConfigSpec/CORE]: Incorrect key Mob Spawn Weights.hippoSpawnWeight was corrected from null to its default, 15. 
[08Apr2025 21:43:41.252] [modloading-worker-0/WARN] [net.minecraftforge.common.ForgeConfigSpec/CORE]: Incorrect key Mob Spawn Weights.vultureSpawnWeight was corrected from null to its default, 15. 
[08Apr2025 21:43:41.253] [modloading-worker-0/WARN] [net.minecraftforge.common.ForgeConfigSpec/CORE]: Incorrect key Mob Spawn Weights.boarSpawnWeight was corrected from null to its default, 8. 
[08Apr2025 21:43:41.253] [modloading-worker-0/WARN] [net.minecraftforge.common.ForgeConfigSpec/CORE]: Incorrect key Mob Spawn Weights.dragonflySpawnWeight was corrected from null to its default, 1. 
[08Apr2025 21:43:41.253] [modloading-worker-0/WARN] [net.minecraftforge.common.ForgeConfigSpec/CORE]: Incorrect key Mob Spawn Weights.catfishSpawnWeight was corrected from null to its default, 8. 
[08Apr2025 21:43:41.253] [modloading-worker-0/WARN] [net.minecraftforge.common.ForgeConfigSpec/CORE]: Incorrect key Mob Spawn Weights.alligatorSpawnWeight was corrected from null to its default, 15. 
[08Apr2025 21:43:41.254] [modloading-worker-0/WARN] [net.minecraftforge.common.ForgeConfigSpec/CORE]: Incorrect key Mob Spawn Weights.bassSpawnWeight was corrected from null to its default, 8. 
[08Apr2025 21:43:41.254] [modloading-worker-0/WARN] [net.minecraftforge.common.ForgeConfigSpec/CORE]: Incorrect key Mob Spawn Weights.lizardSpawnWeight was corrected from null to its default, 15. 
[08Apr2025 21:43:41.254] [modloading-worker-0/WARN] [net.minecraftforge.common.ForgeConfigSpec/CORE]: Incorrect key Mob Spawn Weights.tortoiseSpawnWeight was corrected from null to its default, 15. 
[08Apr2025 21:43:41.590] [modloading-worker-0/INFO] [betterfortresses/]: Creating directory for additional Better Nether Fortresses configuration at /workspaces/PlanetQu/servidor_minecraft/config/betterfortresses/forge-1_20
[08Apr2025 21:43:41.701] [modloading-worker-0/WARN] [net.minecraftforge.common.ForgeConfigSpec/CORE]: Configuration file /workspaces/PlanetQu/servidor_minecraft/config/endrem.toml is not correct. Correcting
[08Apr2025 21:43:41.702] [modloading-worker-0/WARN] [net.minecraftforge.common.ForgeConfigSpec/CORE]: Incorrect key endrem was corrected from null to its default, SimpleCommentedConfig:{}. 
[08Apr2025 21:43:41.702] [modloading-worker-0/WARN] [net.minecraftforge.common.ForgeConfigSpec/CORE]: Incorrect key endrem.throw_ender_eye was corrected from null to its default, false. 
[08Apr2025 21:43:41.702] [modloading-worker-0/WARN] [net.minecraftforge.common.ForgeConfigSpec/CORE]: Incorrect key endrem.use_ender_eye was corrected from null to its default, false. 
[08Apr2025 21:43:41.702] [modloading-worker-0/WARN] [net.minecraftforge.common.ForgeConfigSpec/CORE]: Incorrect key endrem.frame_has_eye was corrected from null to its default, false. 
[08Apr2025 21:43:41.702] [modloading-worker-0/WARN] [net.minecraftforge.common.ForgeConfigSpec/CORE]: Incorrect key endrem.eye_break_chance was corrected from null to its default, 10. 
[08Apr2025 21:43:41.703] [modloading-worker-0/WARN] [net.minecraftforge.common.ForgeConfigSpec/CORE]: Incorrect key endrem.can_remove_eye was corrected from null to its default, false. 
[08Apr2025 21:43:41.703] [modloading-worker-0/WARN] [net.minecraftforge.common.ForgeConfigSpec/CORE]: Incorrect key endrem.is_cryptic_eye_obtainable was corrected from null to its default, true. 
[08Apr2025 21:43:41.704] [modloading-worker-0/WARN] [net.minecraftforge.common.ForgeConfigSpec/CORE]: Incorrect key endrem.is_evil_eye_obtainable was corrected from null to its default, true. 
[08Apr2025 21:43:41.862] [modloading-worker-0/INFO] [Puzzles Lib/]: Constructing common components for hangglider:main
[08Apr2025 21:43:42.106] [modloading-worker-0/INFO] [com.jtorleonstudios.libraryferret.LibraryFerret/]: Welcome! /workspaces/PlanetQu/servidor_minecraft/config/libraryferret_1.properties created and initialized with default value
[08Apr2025 21:43:42.106] [modloading-worker-0/INFO] [com.jtorleonstudios.libraryferret.LibraryFerret/]: Welcome! /workspaces/PlanetQu/servidor_minecraft/config/bettervillage_1.properties created and initialized with default value
[08Apr2025 21:43:42.142] [modloading-worker-0/INFO] [betterstrongholds/]: Creating directory for additional Better Strongholds configuration at /workspaces/PlanetQu/servidor_minecraft/config/betterstrongholds/forge-1_20
[08Apr2025 21:43:42.310] [modloading-worker-0/INFO] [com.aetherteam.cumulus.Cumulus/]: Disabling Cumulus as it is on server.
[08Apr2025 21:43:42.414] [modloading-worker-0/INFO] [dev.architectury.networking.forge.NetworkManagerImpl/]: Registering C2S receiver with id architectury:sync_ids
[08Apr2025 21:43:42.453] [modloading-worker-0/WARN] [com.cupboard.Cupboard/]: Config cupboard.json not found, recreating default
[08Apr2025 21:43:42.454] [modloading-worker-0/INFO] [com.cupboard.Cupboard/]: Loaded config for: cupboard.json
[08Apr2025 21:43:42.474] [modloading-worker-0/INFO] [Puzzles Lib/]: Constructing common components for enchantinginfuser:main
[08Apr2025 21:43:42.529] [modloading-worker-0/INFO] [Puzzles Lib/]: Constructing common components for mutantmonsters:main
[08Apr2025 21:43:42.760] [modloading-worker-0/INFO] [com.jtorleonstudios.libraryferret.LibraryFerret/]: Initialize mod Library Ferret
[08Apr2025 21:43:42.775] [modloading-worker-0/INFO] [com.jtorleonstudios.libraryferret.LibraryFerret/]: Initialized mod Library Ferret
[08Apr2025 21:43:42.815] [modloading-worker-0/INFO] [betterdeserttemples/]: Creating directory for additional Better Desert Temples configuration at /workspaces/PlanetQu/servidor_minecraft/config/betterdeserttemples/forge-1_20
[08Apr2025 21:43:42.883] [modloading-worker-0/INFO] [dev.architectury.networking.forge.NetworkManagerImpl/]: Registering C2S receiver with id artifacts:networking_channel/42a7ad70b1cc371599a0eff744096b8a
[08Apr2025 21:43:42.884] [modloading-worker-0/INFO] [net.minecraftforge.common.ForgeMod/FORGEMOD]: Forge mod loading, version 47.3.7, for MC 1.20.1 with MCP 20230612.114412
[08Apr2025 21:43:42.885] [modloading-worker-0/INFO] [net.minecraftforge.common.MinecraftForge/FORGE]: MinecraftForge v47.3.7 Initialized
[08Apr2025 21:43:42.885] [modloading-worker-0/INFO] [dev.architectury.networking.forge.NetworkManagerImpl/]: Registering C2S receiver with id artifacts:networking_channel/74a5e841822a3a87854ae896a33430d6
[08Apr2025 21:43:42.888] [modloading-worker-0/INFO] [dev.architectury.networking.forge.NetworkManagerImpl/]: Registering C2S receiver with id artifacts:networking_channel/eb3d1e2748533430848cadf0f37c7e9c
[08Apr2025 21:43:42.889] [modloading-worker-0/INFO] [dev.architectury.networking.forge.NetworkManagerImpl/]: Registering C2S receiver with id artifacts:networking_channel/91c8520f19f93b3e8b6a727568e194ab
[08Apr2025 21:43:42.890] [modloading-worker-0/INFO] [dev.architectury.networking.forge.NetworkManagerImpl/]: Registering C2S receiver with id artifacts:networking_channel/8c2784d778293fd482ed84b8aa5fedb9
[08Apr2025 21:43:42.891] [modloading-worker-0/INFO] [dev.architectury.networking.forge.NetworkManagerImpl/]: Registering C2S receiver with id artifacts:networking_channel/ea038224ea783d40b2863f52239e2604
[08Apr2025 21:43:42.893] [modloading-worker-0/INFO] [dev.architectury.networking.forge.NetworkManagerImpl/]: Registering C2S receiver with id artifacts:networking_channel/97ad64b7ecaf33209991c4f031501a58
[08Apr2025 21:43:44.503] [ForkJoinPool.commonPool-worker-1/INFO] [friendsandfoes/]: [Friends&Foes] An update is available! You are using 2.0.10 version, but the latest version is 3.0.9.
[08Apr2025 21:43:44.626] [modloading-worker-0/WARN] [net.minecraftforge.common.ForgeConfigSpec/CORE]: Configuration file /workspaces/PlanetQu/servidor_minecraft/config/supplementaries-common.toml is not correct. Correcting
[08Apr2025 21:43:44.628] [modloading-worker-0/WARN] [net.minecraftforge.common.ForgeConfigSpec/CORE]: Incorrect key redstone was corrected from null to its default, SimpleCommentedConfig:{}. 
[08Apr2025 21:43:44.628] [modloading-worker-0/WARN] [net.minecraftforge.common.ForgeConfigSpec/CORE]: Incorrect key redstone.speaker_block was corrected from null to its default, SimpleCommentedConfig:{}. 
[08Apr2025 21:43:44.629] [modloading-worker-0/WARN] [net.minecraftforge.common.ForgeConfigSpec/CORE]: Incorrect key redstone.speaker_block.enabled was corrected from null to its default, true. 
[08Apr2025 21:43:44.629] [modloading-worker-0/WARN] [net.minecraftforge.common.ForgeConfigSpec/CORE]: Incorrect key redstone.speaker_block.narrator_enabled was corrected from null to its default, true. 
[08Apr2025 21:43:44.629] [modloading-worker-0/WARN] [net.minecraftforge.common.ForgeConfigSpec/CORE]: Incorrect key redstone.speaker_block.max_text was corrected from null to its default, 32. 
[08Apr2025 21:43:44.629] [modloading-worker-0/WARN] [net.minecraftforge.common.ForgeConfigSpec/CORE]: Incorrect key redstone.speaker_block.range was corrected from null to its default, 64. 
[08Apr2025 21:43:44.630] [modloading-worker-0/WARN] [net.minecraftforge.common.ForgeConfigSpec/CORE]: Incorrect key redstone.bellows was corrected from null to its default, SimpleCommentedConfig:{}. 
[08Apr2025 21:43:44.630] [modloading-worker-0/WARN] [net.minecraftforge.common.ForgeConfigSpec/CORE]: Incorrect key redstone.bellows.enabled was corrected from null to its default, true. 
[08Apr2025 21:43:44.631] [modloading-worker-0/WARN] [net.minecraftforge.common.ForgeConfigSpec/CORE]: Incorrect key redstone.bellows.base_period was corrected from null to its default, 78. 
[08Apr2025 21:43:44.631] [modloading-worker-0/WARN] [net.minecraftforge.common.ForgeConfigSpec/CORE]: Incorrect key redstone.bellows.power_scaling was corrected from null to its default, 2.0. 
[08Apr2025 21:43:44.632] [modloading-worker-0/WARN] [net.minecraftforge.common.ForgeConfigSpec/CORE]: Incorrect key redstone.bellows.base_velocity_scaling was corrected from null to its default, 5.0. 
[08Apr2025 21:43:44.632] [modloading-worker-0/WARN] [net.minecraftforge.common.ForgeConfigSpec/CORE]: Incorrect key redstone.bellows.velocity_changed_flag was corrected from null to its default, true. 
[08Apr2025 21:43:44.632] [modloading-worker-0/WARN] [net.minecraftforge.common.ForgeConfigSpec/CORE]: Incorrect key redstone.bellows.range was corrected from null to its default, 5. 
[08Apr2025 21:43:44.635] [modloading-worker-0/WARN] [net.minecraftforge.common.ForgeConfigSpec/CORE]: Incorrect key redstone.spring_launcher was corrected from null to its default, SimpleCommentedConfig:{}. 
[08Apr2025 21:43:44.635] [modloading-worker-0/WARN] [net.minecraftforge.common.ForgeConfigSpec/CORE]: Incorrect key redstone.spring_launcher.enabled was corrected from null to its default, true. 
[08Apr2025 21:43:44.635] [modloading-worker-0/WARN] [net.minecraftforge.common.ForgeConfigSpec/CORE]: Incorrect key redstone.spring_launcher.velocity was corrected from null to its default, 1.5. 
[08Apr2025 21:43:44.636] [modloading-worker-0/WARN] [net.minecraftforge.common.ForgeConfigSpec/CORE]: Incorrect key redstone.spring_launcher.fall_height_required was corrected from null to its default, 5. 
[08Apr2025 21:43:44.636] [modloading-worker-0/WARN] [net.minecraftforge.common.ForgeConfigSpec/CORE]: Incorrect key redstone.enderman_head was corrected from null to its default, SimpleCommentedConfig:{}. 
[08Apr2025 21:43:44.636] [modloading-worker-0/WARN] [net.minecraftforge.common.ForgeConfigSpec/CORE]: Incorrect key redstone.enderman_head.enabled was corrected from null to its default, true. 
[08Apr2025 21:43:44.636] [modloading-worker-0/WARN] [net.minecraftforge.common.ForgeConfigSpec/CORE]: Incorrect key redstone.enderman_head.drop_head was corrected from null to its default, true. 
[08Apr2025 21:43:44.636] [modloading-worker-0/WARN] [net.minecraftforge.common.ForgeConfigSpec/CORE]: Incorrect key redstone.enderman_head.ticks_to_increase_power was corrected from null to its default, 15. 
[08Apr2025 21:43:44.637] [modloading-worker-0/WARN] [net.minecraftforge.common.ForgeConfigSpec/CORE]: Incorrect key redstone.enderman_head.work_from_any_side was corrected from null to its default, false. 
[08Apr2025 21:43:44.637] [modloading-worker-0/WARN] [net.minecraftforge.common.ForgeConfigSpec/CORE]: Incorrect key redstone.turn_table was corrected from null to its default, SimpleCommentedConfig:{}. 
[08Apr2025 21:43:44.637] [modloading-worker-0/WARN] [net.minecraftforge.common.ForgeConfigSpec/CORE]: Incorrect key redstone.turn_table.enabled was corrected from null to its default, true. 
[08Apr2025 21:43:44.637] [modloading-worker-0/WARN] [net.minecraftforge.common.ForgeConfigSpec/CORE]: Incorrect key redstone.turn_table.rotate_entities was corrected from null to its default, true. 
[08Apr2025 21:43:44.637] [modloading-worker-0/WARN] [net.minecraftforge.common.ForgeConfigSpec/CORE]: Incorrect key redstone.turn_table.shuffle_containers was corrected from null to its default, true. 
[08Apr2025 21:43:44.638] [modloading-worker-0/WARN] [net.minecraftforge.common.ForgeConfigSpec/CORE]: Incorrect key redstone.pulley_block was corrected from null to its default, SimpleCommentedConfig:{}. 
[08Apr2025 21:43:44.638] [modloading-worker-0/WARN] [net.minecraftforge.common.ForgeConfigSpec/CORE]: Incorrect key redstone.pulley_block.enabled was corrected from null to its default, true. 
[08Apr2025 21:43:44.638] [modloading-worker-0/WARN] [net.minecraftforge.common.ForgeConfigSpec/CORE]: Incorrect key redstone.pulley_block.mineshaft_elevator was corrected from null to its default, 0.035. 
[08Apr2025 21:43:44.638] [modloading-worker-0/WARN] [net.minecraftforge.common.ForgeConfigSpec/CORE]: Incorrect key redstone.dispenser_minecart was corrected from null to its default, SimpleCommentedConfig:{}. 
[08Apr2025 21:43:44.641] [modloading-worker-0/WARN] [net.minecraftforge.common.ForgeConfigSpec/CORE]: Incorrect key redstone.dispenser_minecart.enabled was corrected from null to its default, true. 
[08Apr2025 21:43:44.641] [modloading-worker-0/WARN] [net.minecraftforge.common.ForgeConfigSpec/CORE]: Incorrect key redstone.dispenser_minecart.face_forward was corrected from null to its default, false. 
[08Apr2025 21:43:44.641] [modloading-worker-0/WARN] [net.minecraftforge.common.ForgeConfigSpec/CORE]: Incorrect key redstone.faucet was corrected from null to its default, SimpleCommentedConfig:{}. 
[08Apr2025 21:43:44.642] [modloading-worker-0/WARN] [net.minecraftforge.common.ForgeConfigSpec/CORE]: Incorrect key redstone.faucet.enabled was corrected from null to its default, true. 
[08Apr2025 21:43:44.642] [modloading-worker-0/WARN] [net.minecraftforge.common.ForgeConfigSpec/CORE]: Incorrect key redstone.faucet.spill_items was corrected from null to its default, true. 
[08Apr2025 21:43:44.642] [modloading-worker-0/WARN] [net.minecraftforge.common.ForgeConfigSpec/CORE]: Incorrect key redstone.faucet.fill_entities_below was corrected from null to its default, false. 
[08Apr2025 21:43:44.642] [modloading-worker-0/WARN] [net.minecraftforge.common.ForgeConfigSpec/CORE]: Incorrect key redstone.wind_vane was corrected from null to its default, true. 
[08Apr2025 21:43:44.642] [modloading-worker-0/WARN] [net.minecraftforge.common.ForgeConfigSpec/CORE]: Incorrect key redstone.clock_block was corrected from null to its default, true. 
[08Apr2025 21:43:44.642] [modloading-worker-0/WARN] [net.minecraftforge.common.ForgeConfigSpec/CORE]: Incorrect key redstone.redstone_illuminator was corrected from null to its default, true. 
[08Apr2025 21:43:44.642] [modloading-worker-0/WARN] [net.minecraftforge.common.ForgeConfigSpec/CORE]: Incorrect key redstone.crank was corrected from null to its default, true. 
[08Apr2025 21:43:44.642] [modloading-worker-0/WARN] [net.minecraftforge.common.ForgeConfigSpec/CORE]: Incorrect key redstone.cog_block was corrected from null to its default, true. 
[08Apr2025 21:43:44.643] [modloading-worker-0/WARN] [net.minecraftforge.common.ForgeConfigSpec/CORE]: Incorrect key redstone.gold_door was corrected from null to its default, true. 
[08Apr2025 21:43:44.643] [modloading-worker-0/WARN] [net.minecraftforge.common.ForgeConfigSpec/CORE]: Incorrect key redstone.gold_trapdoor was corrected from null to its default, true. 
[08Apr2025 21:43:44.643] [modloading-worker-0/WARN] [net.minecraftforge.common.ForgeConfigSpec/CORE]: Incorrect key redstone.lock_block was corrected from null to its default, true. 
[08Apr2025 21:43:44.643] [modloading-worker-0/WARN] [net.minecraftforge.common.ForgeConfigSpec/CORE]: Incorrect key redstone.crystal_display was corrected from null to its default, true. 
[08Apr2025 21:43:44.643] [modloading-worker-0/WARN] [net.minecraftforge.common.ForgeConfigSpec/CORE]: Incorrect key redstone.relayer was corrected from null to its default, true. 
[08Apr2025 21:43:44.647] [modloading-worker-0/WARN] [net.minecraftforge.common.ForgeConfigSpec/CORE]: Incorrect key functional was corrected from null to its default, SimpleCommentedConfig:{}. 
[08Apr2025 21:43:44.647] [modloading-worker-0/WARN] [net.minecraftforge.common.ForgeConfigSpec/CORE]: Incorrect key functional.rope was corrected from null to its default, SimpleCommentedConfig:{}. 
[08Apr2025 21:43:44.647] [modloading-worker-0/WARN] [net.minecraftforge.common.ForgeConfigSpec/CORE]: Incorrect key functional.rope.enabled was corrected from null to its default, true. 
[08Apr2025 21:43:44.648] [modloading-worker-0/WARN] [net.minecraftforge.common.ForgeConfigSpec/CORE]: Incorrect key functional.rope.block_side_attachment was corrected from null to its default, true. 
[08Apr2025 21:43:44.648] [modloading-worker-0/WARN] [net.minecraftforge.common.ForgeConfigSpec/CORE]: Incorrect key functional.rope.slide_on_fall was corrected from null to its default, true. 
[08Apr2025 21:43:44.648] [modloading-worker-0/WARN] [net.minecraftforge.common.ForgeConfigSpec/CORE]: Incorrect key functional.rope.rope_override was corrected from null to its default, supplementaries:rope. 
[08Apr2025 21:43:44.648] [modloading-worker-0/WARN] [net.minecraftforge.common.ForgeConfigSpec/CORE]: Incorrect key functional.rope.horizontal_ropes was corrected from null to its default, true. 
[08Apr2025 21:43:44.648] [modloading-worker-0/WARN] [net.minecraftforge.common.ForgeConfigSpec/CORE]: Incorrect key functional.jar was corrected from null to its default, SimpleCommentedConfig:{}. 
[08Apr2025 21:43:44.649] [modloading-worker-0/WARN] [net.minecraftforge.common.ForgeConfigSpec/CORE]: Incorrect key functional.jar.enabled was corrected from null to its default, true. 
[08Apr2025 21:43:44.649] [modloading-worker-0/WARN] [net.minecraftforge.common.ForgeConfigSpec/CORE]: Incorrect key functional.jar.capacity was corrected from null to its default, 12. 
[08Apr2025 21:43:44.649] [modloading-worker-0/WARN] [net.minecraftforge.common.ForgeConfigSpec/CORE]: Incorrect key functional.jar.drink_from_jar was corrected from null to its default, false. 
[08Apr2025 21:43:44.649] [modloading-worker-0/WARN] [net.minecraftforge.common.ForgeConfigSpec/CORE]: Incorrect key functional.jar.drink_from_jar_item was corrected from null to its default, false. 
[08Apr2025 21:43:44.649] [modloading-worker-0/WARN] [net.minecraftforge.common.ForgeConfigSpec/CORE]: Incorrect key functional.jar.jar_auto_detect was corrected from null to its default, false. 
[08Apr2025 21:43:44.650] [modloading-worker-0/WARN] [net.minecraftforge.common.ForgeConfigSpec/CORE]: Incorrect key functional.jar.jar_capture was corrected from null to its default, true. 
[08Apr2025 21:43:44.650] [modloading-worker-0/WARN] [net.minecraftforge.common.ForgeConfigSpec/CORE]: Incorrect key functional.jar.jar_cookies was corrected from null to its default, true. 
[08Apr2025 21:43:44.653] [modloading-worker-0/WARN] [net.minecraftforge.common.ForgeConfigSpec/CORE]: Incorrect key functional.jar.jar_liquids was corrected from null to its default, true. 
[08Apr2025 21:43:44.653] [modloading-worker-0/WARN] [net.minecraftforge.common.ForgeConfigSpec/CORE]: Incorrect key functional.cage was corrected from null to its default, SimpleCommentedConfig:{}. 
[08Apr2025 21:43:44.653] [modloading-worker-0/WARN] [net.minecraftforge.common.ForgeConfigSpec/CORE]: Incorrect key functional.cage.enabled was corrected from null to its default, true. 
[08Apr2025 21:43:44.653] [modloading-worker-0/WARN] [net.minecraftforge.common.ForgeConfigSpec/CORE]: Incorrect key functional.cage.allow_all_mobs was corrected from null to its default, false. 
[08Apr2025 21:43:44.653] [modloading-worker-0/WARN] [net.minecraftforge.common.ForgeConfigSpec/CORE]: Incorrect key functional.cage.cage_allow_all_babies was corrected from null to its default, false. 
[08Apr2025 21:43:44.654] [modloading-worker-0/WARN] [net.minecraftforge.common.ForgeConfigSpec/CORE]: Incorrect key functional.cage.cage_auto_detect was corrected from null to its default, false. 
[08Apr2025 21:43:44.654] [modloading-worker-0/WARN] [net.minecraftforge.common.ForgeConfigSpec/CORE]: Incorrect key functional.cage.persistent_mobs was corrected from null to its default, false. 
[08Apr2025 21:43:44.654] [modloading-worker-0/WARN] [net.minecraftforge.common.ForgeConfigSpec/CORE]: Incorrect key functional.cage.health_threshold was corrected from null to its default, 100. 
[08Apr2025 21:43:44.654] [modloading-worker-0/WARN] [net.minecraftforge.common.ForgeConfigSpec/CORE]: Incorrect key functional.safe was corrected from null to its default, SimpleCommentedConfig:{}. 
[08Apr2025 21:43:44.654] [modloading-worker-0/WARN] [net.minecraftforge.common.ForgeConfigSpec/CORE]: Incorrect key functional.safe.enabled was corrected from null to its default, true. 
[08Apr2025 21:43:44.654] [modloading-worker-0/WARN] [net.minecraftforge.common.ForgeConfigSpec/CORE]: Incorrect key functional.safe.prevent_breaking was corrected from null to its default, false. 
[08Apr2025 21:43:44.654] [modloading-worker-0/WARN] [net.minecraftforge.common.ForgeConfigSpec/CORE]: Incorrect key functional.safe.simple_safes was corrected from null to its default, false. 
[08Apr2025 21:43:44.655] [modloading-worker-0/WARN] [net.minecraftforge.common.ForgeConfigSpec/CORE]: Incorrect key functional.sack was corrected from null to its default, SimpleCommentedConfig:{}. 
[08Apr2025 21:43:44.655] [modloading-worker-0/WARN] [net.minecraftforge.common.ForgeConfigSpec/CORE]: Incorrect key functional.sack.enabled was corrected from null to its default, true. 
[08Apr2025 21:43:44.655] [modloading-worker-0/WARN] [net.minecraftforge.common.ForgeConfigSpec/CORE]: Incorrect key functional.sack.sack_penalty was corrected from null to its default, true. 
[08Apr2025 21:43:44.655] [modloading-worker-0/WARN] [net.minecraftforge.common.ForgeConfigSpec/CORE]: Incorrect key functional.sack.sack_increment was corrected from null to its default, 2. 
[08Apr2025 21:43:44.655] [modloading-worker-0/WARN] [net.minecraftforge.common.ForgeConfigSpec/CORE]: Incorrect key functional.sack.slots was corrected from null to its default, 9. 
[08Apr2025 21:43:44.655] [modloading-worker-0/WARN] [net.minecraftforge.common.ForgeConfigSpec/CORE]: Incorrect key functional.bamboo_spikes was corrected from null to its default, SimpleCommentedConfig:{}. 
[08Apr2025 21:43:44.655] [modloading-worker-0/WARN] [net.minecraftforge.common.ForgeConfigSpec/CORE]: Incorrect key functional.bamboo_spikes.enabled was corrected from null to its default, true. 
[08Apr2025 21:43:44.655] [modloading-worker-0/WARN] [net.minecraftforge.common.ForgeConfigSpec/CORE]: Incorrect key functional.bamboo_spikes.tipped_spikes was corrected from null to its default, true. 
[08Apr2025 21:43:44.656] [modloading-worker-0/WARN] [net.minecraftforge.common.ForgeConfigSpec/CORE]: Incorrect key functional.bamboo_spikes.player_loot was corrected from null to its default, false. 
[08Apr2025 21:43:44.656] [modloading-worker-0/WARN] [net.minecraftforge.common.ForgeConfigSpec/CORE]: Incorrect key functional.bamboo_spikes.only_allow_harmful_effects was corrected from null to its default, true. 
[08Apr2025 21:43:44.656] [modloading-worker-0/WARN] [net.minecraftforge.common.ForgeConfigSpec/CORE]: Incorrect key functional.bamboo_spikes.populate_creative_tab was corrected from null to its default, true. 
[08Apr2025 21:43:44.656] [modloading-worker-0/WARN] [net.minecraftforge.common.ForgeConfigSpec/CORE]: Incorrect key functional.urn was corrected from null to its default, SimpleCommentedConfig:{}. 
[08Apr2025 21:43:44.656] [modloading-worker-0/WARN] [net.minecraftforge.common.ForgeConfigSpec/CORE]: Incorrect key functional.urn.enabled was corrected from null to its default, true. 
[08Apr2025 21:43:44.656] [modloading-worker-0/WARN] [net.minecraftforge.common.ForgeConfigSpec/CORE]: Incorrect key functional.urn.critter_spawn_chance was corrected from null to its default, 0.009999999776482582. 
[08Apr2025 21:43:44.656] [modloading-worker-0/WARN] [net.minecraftforge.common.ForgeConfigSpec/CORE]: Incorrect key functional.urn.cave_urns was corrected from null to its default, true. 
[08Apr2025 21:43:44.657] [modloading-worker-0/WARN] [net.minecraftforge.common.ForgeConfigSpec/CORE]: Incorrect key functional.soap was corrected from null to its default, SimpleCommentedConfig:{}. 
[08Apr2025 21:43:44.657] [modloading-worker-0/WARN] [net.minecraftforge.common.ForgeConfigSpec/CORE]: Incorrect key functional.soap.enabled was corrected from null to its default, true. 
[08Apr2025 21:43:44.657] [modloading-worker-0/WARN] [net.minecraftforge.common.ForgeConfigSpec/CORE]: Incorrect key functional.soap.clean_blacklist was corrected from null to its default, [minecraft:glazed_terracotta, botania:mystical_flower, mna:chimerite_crystal, botania:floating_flower, ,minecraft:mushroom, botania:mushroom, botania:tall_mystical_flower, botania:petal_block, morered:network_cable, xycraft_world:glowing_shiny_aurey_block, xycraft_world:shiny_aurey_block, xycraft_world:rgb_lamp, xycraft_world:glowing_rgb_viewer, xycraft_world:glowing_matte_rgb_block, xycraft_world:rgb_lamp_pole]. 
[08Apr2025 21:43:44.684] [modloading-worker-0/WARN] [net.minecraftforge.common.ForgeConfigSpec/CORE]: Configuration file /workspaces/PlanetQu/servidor_minecraft/config/zeta-common.toml is not correct. Correcting
[08Apr2025 21:43:44.685] [modloading-worker-0/WARN] [net.minecraftforge.common.ForgeConfigSpec/CORE]: Incorrect key general was corrected from null to its default, SimpleCommentedConfig:{}. 
[08Apr2025 21:43:44.685] [modloading-worker-0/WARN] [net.minecraftforge.common.ForgeConfigSpec/CORE]: Incorrect key general.Use Anti Overlap was corrected from null to its default, true. 
[08Apr2025 21:43:44.685] [modloading-worker-0/WARN] [net.minecraftforge.common.ForgeConfigSpec/CORE]: Incorrect key functional.soap.special_blocks was corrected from null to its default, SimpleCommentedConfig:{minecraft:sticky_piston=minecraft:piston, quark:dirty_glass_pane=minecraft:glass_pane, quark:dirty_glass=minecraft:glass, #alexscaves:cave_paintings=alexscaves:smooth_limestone}. 
[08Apr2025 21:43:44.685] [modloading-worker-0/WARN] [net.minecraftforge.common.ForgeConfigSpec/CORE]: Incorrect key general.Use Piston Logic Replacement was corrected from null to its default, true. 
[08Apr2025 21:43:44.688] [modloading-worker-0/WARN] [net.minecraftforge.common.ForgeConfigSpec/CORE]: Incorrect key general.Piston Push Limit was corrected from null to its default, 12. 
[08Apr2025 21:43:44.689] [modloading-worker-0/WARN] [net.minecraftforge.common.ForgeConfigSpec/CORE]: Incorrect key general.Hide Disabled Content was corrected from null to its default, true. 
[08Apr2025 21:43:44.688] [modloading-worker-0/WARN] [net.minecraftforge.common.ForgeConfigSpec/CORE]: Incorrect key functional.present was corrected from null to its default, SimpleCommentedConfig:{}. 
[08Apr2025 21:43:44.689] [modloading-worker-0/WARN] [net.minecraftforge.common.ForgeConfigSpec/CORE]: Incorrect key functional.present.enabled was corrected from null to its default, true. 
[08Apr2025 21:43:44.689] [modloading-worker-0/WARN] [net.minecraftforge.common.ForgeConfigSpec/CORE]: Incorrect key functional.present.trapped_present was corrected from null to its default, true. 
[08Apr2025 21:43:44.689] [modloading-worker-0/WARN] [net.minecraftforge.common.ForgeConfigSpec/CORE]: Incorrect key functional.flax was corrected from null to its default, SimpleCommentedConfig:{}. 
[08Apr2025 21:43:44.690] [modloading-worker-0/WARN] [net.minecraftforge.common.ForgeConfigSpec/CORE]: Incorrect key functional.flax.enabled was corrected from null to its default, true. 
[08Apr2025 21:43:44.690] [modloading-worker-0/WARN] [net.minecraftforge.common.ForgeConfigSpec/CORE]: Incorrect key functional.flax.wild_flax was corrected from null to its default, true. 
[08Apr2025 21:43:44.692] [modloading-worker-0/WARN] [net.minecraftforge.common.ForgeConfigSpec/CORE]: Incorrect key functional.fodder was corrected from null to its default, true. 
[08Apr2025 21:43:44.692] [modloading-worker-0/WARN] [net.minecraftforge.common.ForgeConfigSpec/CORE]: Incorrect key functional.hourglass was corrected from null to its default, true. 
[08Apr2025 21:43:44.690] [modloading-worker-0/WARN] [net.minecraftforge.common.ForgeConfigSpec/CORE]: Incorrect key general.Enable Jei Item Info was corrected from null to its default, true. 
[08Apr2025 21:43:44.693] [modloading-worker-0/WARN] [net.minecraftforge.common.ForgeConfigSpec/CORE]: Incorrect key general.Suppressed Info was corrected from null to its default, []. 
[08Apr2025 21:43:44.694] [modloading-worker-0/WARN] [net.minecraftforge.common.ForgeConfigSpec/CORE]: Incorrect key general.Enable Advancement Modification was corrected from null to its default, true. 
[08Apr2025 21:43:44.694] [modloading-worker-0/WARN] [net.minecraftforge.common.ForgeConfigSpec/CORE]: Incorrect key general.Enable Modded Advancements was corrected from null to its default, true. 
[08Apr2025 21:43:44.694] [modloading-worker-0/WARN] [net.minecraftforge.common.ForgeConfigSpec/CORE]: Incorrect key general.Enable Worldgen Watchdog was corrected from null to its default, false. 
[08Apr2025 21:43:44.711] [modloading-worker-0/WARN] [net.minecraftforge.common.ForgeConfigSpec/CORE]: Incorrect key building was corrected from null to its default, SimpleCommentedConfig:{}. 
[08Apr2025 21:43:44.711] [modloading-worker-0/WARN] [net.minecraftforge.common.ForgeConfigSpec/CORE]: Incorrect key building.blackboard was corrected from null to its default, SimpleCommentedConfig:{}. 
[08Apr2025 21:43:44.712] [modloading-worker-0/WARN] [net.minecraftforge.common.ForgeConfigSpec/CORE]: Incorrect key general.Use Fast Worldgen was corrected from null to its default, false. 
[08Apr2025 21:43:44.712] [modloading-worker-0/WARN] [net.minecraftforge.common.ForgeConfigSpec/CORE]: Incorrect key building.blackboard.enabled was corrected from null to its default, true. 
[08Apr2025 21:43:44.712] [modloading-worker-0/WARN] [net.minecraftforge.common.ForgeConfigSpec/CORE]: Incorrect key building.blackboard.colored_blackboard was corrected from null to its default, false. 
[08Apr2025 21:43:44.712] [modloading-worker-0/WARN] [net.minecraftforge.common.ForgeConfigSpec/CORE]: Incorrect key building.blackboard.interaction_mode was corrected from null to its default, BOTH. 
[08Apr2025 21:43:44.713] [modloading-worker-0/WARN] [net.minecraftforge.common.ForgeConfigSpec/CORE]: Incorrect key building.timber_frame was corrected from null to its default, SimpleCommentedConfig:{}. 
[08Apr2025 21:43:44.713] [modloading-worker-0/WARN] [net.minecraftforge.common.ForgeConfigSpec/CORE]: Incorrect key building.timber_frame.enabled was corrected from null to its default, true. 
[08Apr2025 21:43:44.713] [modloading-worker-0/WARN] [net.minecraftforge.common.ForgeConfigSpec/CORE]: Incorrect key building.timber_frame.swap_on_shift was corrected from null to its default, false. 
[08Apr2025 21:43:44.714] [modloading-worker-0/WARN] [net.minecraftforge.common.ForgeConfigSpec/CORE]: Incorrect key building.timber_frame.axes_strip was corrected from null to its default, true. 
[08Apr2025 21:43:44.715] [modloading-worker-0/WARN] [net.minecraftforge.common.ForgeConfigSpec/CORE]: Incorrect key building.timber_frame.replace_daub was corrected from null to its default, true. 
[08Apr2025 21:43:44.715] [modloading-worker-0/WARN] [net.minecraftforge.common.ForgeConfigSpec/CORE]: Incorrect key building.iron_gate was corrected from null to its default, SimpleCommentedConfig:{}. 
[08Apr2025 21:43:44.715] [modloading-worker-0/WARN] [net.minecraftforge.common.ForgeConfigSpec/CORE]: Incorrect key building.iron_gate.enabled was corrected from null to its default, true. 
[08Apr2025 21:43:44.716] [modloading-worker-0/WARN] [net.minecraftforge.common.ForgeConfigSpec/CORE]: Incorrect key building.iron_gate.double_opening was corrected from null to its default, true. 
[08Apr2025 21:43:44.716] [modloading-worker-0/WARN] [net.minecraftforge.common.ForgeConfigSpec/CORE]: Incorrect key building.iron_gate.door-like_gates was corrected from null to its default, false. 
[08Apr2025 21:43:44.716] [modloading-worker-0/WARN] [net.minecraftforge.common.ForgeConfigSpec/CORE]: Incorrect key building.item_shelf was corrected from null to its default, SimpleCommentedConfig:{}. 
[08Apr2025 21:43:44.717] [modloading-worker-0/WARN] [net.minecraftforge.common.ForgeConfigSpec/CORE]: Incorrect key building.item_shelf.enabled was corrected from null to its default, true. 
[08Apr2025 21:43:44.717] [modloading-worker-0/WARN] [net.minecraftforge.common.ForgeConfigSpec/CORE]: Incorrect key building.item_shelf.climbable_shelves was corrected from null to its default, false. 
[08Apr2025 21:43:44.717] [modloading-worker-0/WARN] [net.minecraftforge.common.ForgeConfigSpec/CORE]: Incorrect key building.sugar_cube was corrected from null to its default, SimpleCommentedConfig:{}. 
[08Apr2025 21:43:44.718] [modloading-worker-0/WARN] [net.minecraftforge.common.ForgeConfigSpec/CORE]: Incorrect key building.sugar_cube.enabled was corrected from null to its default, true. 
[08Apr2025 21:43:44.718] [modloading-worker-0/WARN] [net.minecraftforge.common.ForgeConfigSpec/CORE]: Incorrect key building.sugar_cube.horse_speed_duration was corrected from null to its default, 10. 
[08Apr2025 21:43:44.718] [modloading-worker-0/WARN] [net.minecraftforge.common.ForgeConfigSpec/CORE]: Incorrect key building.planter was corrected from null to its default, SimpleCommentedConfig:{}. 
[08Apr2025 21:43:44.719] [modloading-worker-0/WARN] [net.minecraftforge.common.ForgeConfigSpec/CORE]: Incorrect key building.planter.enabled was corrected from null to its default, true. 
[08Apr2025 21:43:44.719] [modloading-worker-0/WARN] [net.minecraftforge.common.ForgeConfigSpec/CORE]: Incorrect key building.planter.broken_by_sapling was corrected from null to its default, false. 
[08Apr2025 21:43:44.719] [modloading-worker-0/WARN] [net.minecraftforge.common.ForgeConfigSpec/CORE]: Incorrect key building.planter.rich_soil_planter was corrected from null to its default, true. 
[08Apr2025 21:43:44.720] [modloading-worker-0/WARN] [net.minecraftforge.common.ForgeConfigSpec/CORE]: Incorrect key building.notice_board was corrected from null to its default, SimpleCommentedConfig:{}. 
[08Apr2025 21:43:44.720] [modloading-worker-0/WARN] [net.minecraftforge.common.ForgeConfigSpec/CORE]: Incorrect key building.notice_board.enabled was corrected from null to its default, true. 
[08Apr2025 21:43:44.720] [modloading-worker-0/WARN] [net.minecraftforge.common.ForgeConfigSpec/CORE]: Incorrect key building.notice_board.allow_any_item was corrected from null to its default, false. 
[08Apr2025 21:43:44.721] [modloading-worker-0/WARN] [net.minecraftforge.common.ForgeConfigSpec/CORE]: Incorrect key building.notice_board.gui was corrected from null to its default, true. 
[08Apr2025 21:43:44.721] [modloading-worker-0/WARN] [net.minecraftforge.common.ForgeConfigSpec/CORE]: Incorrect key building.pedestal was corrected from null to its default, SimpleCommentedConfig:{}. 
[08Apr2025 21:43:44.721] [modloading-worker-0/WARN] [net.minecraftforge.common.ForgeConfigSpec/CORE]: Incorrect key building.pedestal.enabled was corrected from null to its default, true. 
[08Apr2025 21:43:44.722] [modloading-worker-0/WARN] [net.minecraftforge.common.ForgeConfigSpec/CORE]: Incorrect key building.pedestal.crystal_enchanting was corrected from null to its default, 3. 
[08Apr2025 21:43:44.722] [modloading-worker-0/WARN] [net.minecraftforge.common.ForgeConfigSpec/CORE]: Incorrect key building.ash was corrected from null to its default, SimpleCommentedConfig:{}. 
[08Apr2025 21:43:44.722] [modloading-worker-0/WARN] [net.minecraftforge.common.ForgeConfigSpec/CORE]: Incorrect key building.ash.enabled was corrected from null to its default, true. 
[08Apr2025 21:43:44.723] [modloading-worker-0/WARN] [net.minecraftforge.common.ForgeConfigSpec/CORE]: Incorrect key building.ash.ash_from_fire was corrected from null to its default, true. 
[08Apr2025 21:43:44.723] [modloading-worker-0/WARN] [net.minecraftforge.common.ForgeConfigSpec/CORE]: Incorrect key building.ash.ash_from_burning_mobs was corrected from null to its default, true. 
[08Apr2025 21:43:44.723] [modloading-worker-0/WARN] [net.minecraftforge.common.ForgeConfigSpec/CORE]: Incorrect key building.ash.rain_wash_ash was corrected from null to its default, true. 
[08Apr2025 21:43:44.724] [modloading-worker-0/WARN] [net.minecraftforge.common.ForgeConfigSpec/CORE]: Incorrect key building.ash.basalt_ash was corrected from null to its default, true. 
[08Apr2025 21:43:44.724] [modloading-worker-0/WARN] [net.minecraftforge.common.ForgeConfigSpec/CORE]: Incorrect key building.flag was corrected from null to its default, SimpleCommentedConfig:{}. 
[08Apr2025 21:43:44.724] [modloading-worker-0/WARN] [net.minecraftforge.common.ForgeConfigSpec/CORE]: Incorrect key building.flag.enabled was corrected from null to its default, true. 
[08Apr2025 21:43:44.725] [modloading-worker-0/WARN] [net.minecraftforge.common.ForgeConfigSpec/CORE]: Incorrect key building.flag.stick_pole was corrected from null to its default, true. 
[08Apr2025 21:43:44.725] [modloading-worker-0/WARN] [net.minecraftforge.common.ForgeConfigSpec/CORE]: Incorrect key building.flag.pole_length was corrected from null to its default, 16. 
[08Apr2025 21:43:44.725] [modloading-worker-0/WARN] [net.minecraftforge.common.ForgeConfigSpec/CORE]: Incorrect key building.goblet was corrected from null to its default, SimpleCommentedConfig:{}. 
[08Apr2025 21:43:44.725] [modloading-worker-0/WARN] [net.minecraftforge.common.ForgeConfigSpec/CORE]: Incorrect key building.goblet.enabled was corrected from null to its default, true. 
[08Apr2025 21:43:44.725] [modloading-worker-0/WARN] [net.minecraftforge.common.ForgeConfigSpec/CORE]: Incorrect key building.goblet.allow_drinking was corrected from null to its default, true. 
[08Apr2025 21:43:44.725] [modloading-worker-0/WARN] [net.minecraftforge.common.ForgeConfigSpec/CORE]: Incorrect key building.globe was corrected from null to its default, SimpleCommentedConfig:{}. 
[08Apr2025 21:43:44.725] [modloading-worker-0/WARN] [net.minecraftforge.common.ForgeConfigSpec/CORE]: Incorrect key building.globe.enabled was corrected from null to its default, true. 
[08Apr2025 21:43:44.725] [modloading-worker-0/WARN] [net.minecraftforge.common.ForgeConfigSpec/CORE]: Incorrect key building.globe.sepia_globe was corrected from null to its default, true. 
[08Apr2025 21:43:44.725] [modloading-worker-0/WARN] [net.minecraftforge.common.ForgeConfigSpec/CORE]: Incorrect key building.sign_post was corrected from null to its default, SimpleCommentedConfig:{}. 
[08Apr2025 21:43:44.726] [modloading-worker-0/WARN] [net.minecraftforge.common.ForgeConfigSpec/CORE]: Incorrect key building.sign_post.enabled was corrected from null to its default, true. 
[08Apr2025 21:43:44.726] [modloading-worker-0/WARN] [net.minecraftforge.common.ForgeConfigSpec/CORE]: Incorrect key building.sign_post.way_sign was corrected from null to its default, SimpleCommentedConfig:{}. 
[08Apr2025 21:43:44.726] [modloading-worker-0/WARN] [net.minecraftforge.common.ForgeConfigSpec/CORE]: Incorrect key building.sign_post.way_sign.enabled was corrected from null to its default, true. 
[08Apr2025 21:43:44.726] [modloading-worker-0/WARN] [net.minecraftforge.common.ForgeConfigSpec/CORE]: Incorrect key building.sign_post.way_sign.show_distance_text was corrected from null to its default, true. 
[08Apr2025 21:43:44.727] [modloading-worker-0/WARN] [net.minecraftforge.common.ForgeConfigSpec/CORE]: Incorrect key building.daub was corrected from null to its default, SimpleCommentedConfig:{}. 
[08Apr2025 21:43:44.728] [modloading-worker-0/WARN] [net.minecraftforge.common.ForgeConfigSpec/CORE]: Incorrect key building.daub.enabled was corrected from null to its default, true. 
[08Apr2025 21:43:44.728] [modloading-worker-0/WARN] [net.minecraftforge.common.ForgeConfigSpec/CORE]: Incorrect key building.daub.wattle_and_daub was corrected from null to its default, true. 
[08Apr2025 21:43:44.728] [modloading-worker-0/WARN] [net.minecraftforge.common.ForgeConfigSpec/CORE]: Incorrect key building.ash_bricks was corrected from null to its default, SimpleCommentedConfig:{}. 
[08Apr2025 21:43:44.728] [modloading-worker-0/WARN] [net.minecraftforge.common.ForgeConfigSpec/CORE]: Incorrect key building.ash_bricks.enabled was corrected from null to its default, true. 
[08Apr2025 21:43:44.729] [modloading-worker-0/WARN] [net.minecraftforge.common.ForgeConfigSpec/CORE]: Incorrect key building.hat_stand was corrected from null to its default, SimpleCommentedConfig:{}. 
[08Apr2025 21:43:44.729] [modloading-worker-0/WARN] [net.minecraftforge.common.ForgeConfigSpec/CORE]: Incorrect key building.hat_stand.enabled was corrected from null to its default, true. 
[08Apr2025 21:43:44.729] [modloading-worker-0/WARN] [net.minecraftforge.common.ForgeConfigSpec/CORE]: Incorrect key building.hat_stand.unrestricted was corrected from null to its default, false. 
[08Apr2025 21:43:44.730] [modloading-worker-0/WARN] [net.minecraftforge.common.ForgeConfigSpec/CORE]: Incorrect key building.lapis_bricks was corrected from null to its default, true. 
[08Apr2025 21:43:44.730] [modloading-worker-0/WARN] [net.minecraftforge.common.ForgeConfigSpec/CORE]: Incorrect key building.deepslate_lamp was corrected from null to its default, true. 
[08Apr2025 21:43:44.730] [modloading-worker-0/WARN] [net.minecraftforge.common.ForgeConfigSpec/CORE]: Incorrect key building.end_stone_lamp was corrected from null to its default, true. 
[08Apr2025 21:43:44.732] [modloading-worker-0/WARN] [net.minecraftforge.common.ForgeConfigSpec/CORE]: Incorrect key building.blackstone_lamp was corrected from null to its default, true. 
[08Apr2025 21:43:44.733] [modloading-worker-0/WARN] [net.minecraftforge.common.ForgeConfigSpec/CORE]: Incorrect key building.stone_lamp was corrected from null to its default, true. 
[08Apr2025 21:43:44.733] [modloading-worker-0/WARN] [net.minecraftforge.common.ForgeConfigSpec/CORE]: Incorrect key building.stone_tile was corrected from null to its default, true. 
[08Apr2025 21:43:44.733] [modloading-worker-0/WARN] [net.minecraftforge.common.ForgeConfigSpec/CORE]: Incorrect key building.blackstone_tile was corrected from null to its default, true. 
[08Apr2025 21:43:44.733] [modloading-worker-0/WARN] [net.minecraftforge.common.ForgeConfigSpec/CORE]: Incorrect key building.sconce was corrected from null to its default, true. 
[08Apr2025 21:43:44.733] [modloading-worker-0/WARN] [net.minecraftforge.common.ForgeConfigSpec/CORE]: Incorrect key building.sconce_lever was corrected from null to its default, true. 
[08Apr2025 21:43:44.733] [modloading-worker-0/WARN] [net.minecraftforge.common.ForgeConfigSpec/CORE]: Incorrect key building.pancake was corrected from null to its default, true. 
[08Apr2025 21:43:44.733] [modloading-worker-0/WARN] [net.minecraftforge.common.ForgeConfigSpec/CORE]: Incorrect key building.netherite_door was corrected from null to its default, true. 
[08Apr2025 21:43:44.733] [modloading-worker-0/WARN] [net.minecraftforge.common.ForgeConfigSpec/CORE]: Incorrect key building.netherite_trapdoor was corrected from null to its default, true. 
[08Apr2025 21:43:44.733] [modloading-worker-0/WARN] [net.minecraftforge.common.ForgeConfigSpec/CORE]: Incorrect key building.checker_block was corrected from null to its default, true. 
[08Apr2025 21:43:44.734] [modloading-worker-0/WARN] [net.minecraftforge.common.ForgeConfigSpec/CORE]: Incorrect key building.raked_gravel was corrected from null to its default, true. 
[08Apr2025 21:43:44.734] [modloading-worker-0/WARN] [net.minecraftforge.common.ForgeConfigSpec/CORE]: Incorrect key building.feather_block was corrected from null to its default, true. 
[08Apr2025 21:43:44.734] [modloading-worker-0/WARN] [net.minecraftforge.common.ForgeConfigSpec/CORE]: Incorrect key building.statue was corrected from null to its default, true. 
[08Apr2025 21:43:44.734] [modloading-worker-0/WARN] [net.minecraftforge.common.ForgeConfigSpec/CORE]: Incorrect key building.flower_box was corrected from null to its default, true. 
[08Apr2025 21:43:44.734] [modloading-worker-0/WARN] [net.minecraftforge.common.ForgeConfigSpec/CORE]: Incorrect key building.doormat was corrected from null to its default, true. 
[08Apr2025 21:43:44.734] [modloading-worker-0/WARN] [net.minecraftforge.common.ForgeConfigSpec/CORE]: Incorrect key building.flint_block was corrected from null to its default, true. 
[08Apr2025 21:43:44.734] [modloading-worker-0/WARN] [net.minecraftforge.common.ForgeConfigSpec/CORE]: Incorrect key building.candle_holder was corrected from null to its default, true. 
[08Apr2025 21:43:44.741] [modloading-worker-0/WARN] [net.minecraftforge.common.ForgeConfigSpec/CORE]: Incorrect key tools was corrected from null to its default, SimpleCommentedConfig:{}. 
[08Apr2025 21:43:44.741] [modloading-worker-0/WARN] [net.minecraftforge.common.ForgeConfigSpec/CORE]: Incorrect key tools.quiver was corrected from null to its default, SimpleCommentedConfig:{}. 
[08Apr2025 21:43:44.741] [modloading-worker-0/WARN] [net.minecraftforge.common.ForgeConfigSpec/CORE]: Incorrect key tools.quiver.enabled was corrected from null to its default, true. 
[08Apr2025 21:43:44.741] [modloading-worker-0/WARN] [net.minecraftforge.common.ForgeConfigSpec/CORE]: Incorrect key tools.quiver.use_without_slow was corrected from null to its default, true. 
[08Apr2025 21:43:44.742] [modloading-worker-0/WARN] [net.minecraftforge.common.ForgeConfigSpec/CORE]: Incorrect key tools.quiver.slots was corrected from null to its default, 6. 
[08Apr2025 21:43:44.742] [modloading-worker-0/WARN] [net.minecraftforge.common.ForgeConfigSpec/CORE]: Incorrect key tools.quiver.quiver_skeleton_spawn_chance was corrected from null to its default, 0.03. 
[08Apr2025 21:43:44.742] [modloading-worker-0/WARN] [net.minecraftforge.common.ForgeConfigSpec/CORE]: Incorrect key tools.quiver.only_works_in_curio was corrected from null to its default, false. 
[08Apr2025 21:43:44.742] [modloading-worker-0/WARN] [net.minecraftforge.common.ForgeConfigSpec/CORE]: Incorrect key tools.quiver.quiver_pickup was corrected from null to its default, true. 
[08Apr2025 21:43:44.742] [modloading-worker-0/WARN] [net.minecraftforge.common.ForgeConfigSpec/CORE]: Incorrect key tools.slice_map was corrected from null to its default, SimpleCommentedConfig:{}. 
[08Apr2025 21:43:44.742] [modloading-worker-0/WARN] [net.minecraftforge.common.ForgeConfigSpec/CORE]: Incorrect key tools.slice_map.enabled was corrected from null to its default, true. 
[08Apr2025 21:43:44.743] [modloading-worker-0/WARN] [net.minecraftforge.common.ForgeConfigSpec/CORE]: Incorrect key tools.slice_map.range_multiplier was corrected from null to its default, 0.25. 
[08Apr2025 21:43:44.743] [modloading-worker-0/WARN] [net.minecraftforge.common.ForgeConfigSpec/CORE]: Incorrect key tools.bubble_blower was corrected from null to its default, SimpleCommentedConfig:{}. 
[08Apr2025 21:43:44.743] [modloading-worker-0/WARN] [net.minecraftforge.common.ForgeConfigSpec/CORE]: Incorrect key tools.bubble_blower.enabled was corrected from null to its default, true. 
[08Apr2025 21:43:44.743] [modloading-worker-0/WARN] [net.minecraftforge.common.ForgeConfigSpec/CORE]: Incorrect key tools.bubble_blower.stasis_cost was corrected from null to its default, 5. 
[08Apr2025 21:43:44.743] [modloading-worker-0/WARN] [net.minecraftforge.common.ForgeConfigSpec/CORE]: Incorrect key tools.bubble_blower.bubble_block was corrected from null to its default, SimpleCommentedConfig:{}. 
[08Apr2025 21:43:44.746] [modloading-worker-0/WARN] [net.minecraftforge.common.ForgeConfigSpec/CORE]: Incorrect key tools.bubble_blower.bubble_block.lifetime was corrected from null to its default, 1200. 
[08Apr2025 21:43:44.748] [modloading-worker-0/WARN] [net.minecraftforge.common.ForgeConfigSpec/CORE]: Incorrect key tools.bubble_blower.bubble_block.break_when_touched was corrected from null to its default, true. 
[08Apr2025 21:43:44.748] [modloading-worker-0/WARN] [net.minecraftforge.common.ForgeConfigSpec/CORE]: Incorrect key tools.bubble_blower.bubble_block.feather_falling_prevents_breaking was corrected from null to its default, true. 
[08Apr2025 21:43:44.748] [modloading-worker-0/WARN] [net.minecraftforge.common.ForgeConfigSpec/CORE]: Incorrect key tools.wrench was corrected from null to its default, SimpleCommentedConfig:{}. 
[08Apr2025 21:43:44.748] [modloading-worker-0/WARN] [net.minecraftforge.common.ForgeConfigSpec/CORE]: Incorrect key tools.wrench.enabled was corrected from null to its default, true. 
[08Apr2025 21:43:44.749] [modloading-worker-0/WARN] [net.minecraftforge.common.ForgeConfigSpec/CORE]: Incorrect key tools.wrench.bypass_when_on was corrected from null to its default, MAIN_HAND. 
[08Apr2025 21:43:44.749] [modloading-worker-0/WARN] [net.minecraftforge.common.ForgeConfigSpec/CORE]: Incorrect key tools.rope_arrow was corrected from null to its default, SimpleCommentedConfig:{}. 
[08Apr2025 21:43:44.749] [modloading-worker-0/WARN] [net.minecraftforge.common.ForgeConfigSpec/CORE]: Incorrect key tools.rope_arrow.enabled was corrected from null to its default, true. 
[08Apr2025 21:43:44.749] [modloading-worker-0/WARN] [net.minecraftforge.common.ForgeConfigSpec/CORE]: Incorrect key tools.rope_arrow.capacity was corrected from null to its default, 32. 
[08Apr2025 21:43:44.749] [modloading-worker-0/WARN] [net.minecraftforge.common.ForgeConfigSpec/CORE]: Incorrect key tools.rope_arrow.exclusive_to_crossbows was corrected from null to its default, false. 
[08Apr2025 21:43:44.749] [modloading-worker-0/WARN] [net.minecraftforge.common.ForgeConfigSpec/CORE]: Incorrect key tools.flute was corrected from null to its default, SimpleCommentedConfig:{}. 
[08Apr2025 21:43:44.750] [modloading-worker-0/WARN] [net.minecraftforge.common.ForgeConfigSpec/CORE]: Incorrect key tools.flute.enabled was corrected from null to its default, true. 
[08Apr2025 21:43:44.750] [modloading-worker-0/WARN] [net.minecraftforge.common.ForgeConfigSpec/CORE]: Incorrect key tools.flute.unbound_radius was corrected from null to its default, 64. 
[08Apr2025 21:43:44.750] [modloading-worker-0/WARN] [net.minecraftforge.common.ForgeConfigSpec/CORE]: Incorrect key tools.flute.bound_distance was corrected from null to its default, 64. 
[08Apr2025 21:43:44.750] [modloading-worker-0/WARN] [net.minecraftforge.common.ForgeConfigSpec/CORE]: Incorrect key tools.bomb was corrected from null to its default, SimpleCommentedConfig:{}. 
[08Apr2025 21:43:44.750] [modloading-worker-0/WARN] [net.minecraftforge.common.ForgeConfigSpec/CORE]: Incorrect key tools.bomb.enabled was corrected from null to its default, true. 
[08Apr2025 21:43:44.750] [modloading-worker-0/WARN] [net.minecraftforge.common.ForgeConfigSpec/CORE]: Incorrect key tools.bomb.explosion_radius was corrected from null to its default, 2.0. 
[08Apr2025 21:43:44.751] [modloading-worker-0/WARN] [net.minecraftforge.common.ForgeConfigSpec/CORE]: Incorrect key tools.bomb.break_blocks was corrected from null to its default, WEAK. 
[08Apr2025 21:43:44.751] [modloading-worker-0/WARN] [net.minecraftforge.common.ForgeConfigSpec/CORE]: Incorrect key tools.bomb.bomb_fuse was corrected from null to its default, 0. 
[08Apr2025 21:43:44.755] [modloading-worker-0/WARN] [net.minecraftforge.common.ForgeConfigSpec/CORE]: Incorrect key tools.bomb.blue_bomb was corrected from null to its default, SimpleCommentedConfig:{}. 
[08Apr2025 21:43:44.755] [modloading-worker-0/WARN] [net.minecraftforge.common.ForgeConfigSpec/CORE]: Incorrect key tools.bomb.blue_bomb.explosion_radius was corrected from null to its default, 5.15. 
[08Apr2025 21:43:44.755] [modloading-worker-0/WARN] [net.minecraftforge.common.ForgeConfigSpec/CORE]: Incorrect key tools.bomb.blue_bomb.break_blocks was corrected from null to its default, WEAK. 
[08Apr2025 21:43:44.755] [modloading-worker-0/WARN] [net.minecraftforge.common.ForgeConfigSpec/CORE]: Incorrect key tools.slingshot was corrected from null to its default, SimpleCommentedConfig:{}. 
[08Apr2025 21:43:44.756] [modloading-worker-0/WARN] [net.minecraftforge.common.ForgeConfigSpec/CORE]: Incorrect key tools.slingshot.enabled was corrected from null to its default, true. 
[08Apr2025 21:43:44.756] [modloading-worker-0/WARN] [net.minecraftforge.common.ForgeConfigSpec/CORE]: Incorrect key tools.slingshot.range_multiplier was corrected from null to its default, 1.0. 
[08Apr2025 21:43:44.756] [modloading-worker-0/WARN] [net.minecraftforge.common.ForgeConfigSpec/CORE]: Incorrect key tools.slingshot.charge_time was corrected from null to its default, 20. 
[08Apr2025 21:43:44.756] [modloading-worker-0/WARN] [net.minecraftforge.common.ForgeConfigSpec/CORE]: Incorrect key tools.slingshot.stasis_deceleration was corrected from null to its default, 0.9625. 
[08Apr2025 21:43:44.756] [modloading-worker-0/WARN] [net.minecraftforge.common.ForgeConfigSpec/CORE]: Incorrect key tools.slingshot.unrestricted_enderman_intercept was corrected from null to its default, true. 
[08Apr2025 21:43:44.756] [modloading-worker-0/WARN] [net.minecraftforge.common.ForgeConfigSpec/CORE]: Incorrect key tools.slingshot.allow_splash_potions was corrected from null to its default, false. 
[08Apr2025 21:43:44.757] [modloading-worker-0/WARN] [net.minecraftforge.common.ForgeConfigSpec/CORE]: Incorrect key tools.slingshot.allow_bombs was corrected from null to its default, false. 
[08Apr2025 21:43:44.757] [modloading-worker-0/WARN] [net.minecraftforge.common.ForgeConfigSpec/CORE]: Incorrect key tools.slingshot.allow_fire_charges was corrected from null to its default, false. 
[08Apr2025 21:43:44.757] [modloading-worker-0/WARN] [net.minecraftforge.common.ForgeConfigSpec/CORE]: Incorrect key tools.slingshot.allow_snowballs was corrected from null to its default, false. 
[08Apr2025 21:43:44.757] [modloading-worker-0/WARN] [net.minecraftforge.common.ForgeConfigSpec/CORE]: Incorrect key tools.slingshot.allow_enderpearls was corrected from null to its default, false. 
[08Apr2025 21:43:44.757] [modloading-worker-0/WARN] [net.minecraftforge.common.ForgeConfigSpec/CORE]: Incorrect key tools.antique_ink was corrected from null to its default, SimpleCommentedConfig:{}. 
[08Apr2025 21:43:44.757] [modloading-worker-0/WARN] [net.minecraftforge.common.ForgeConfigSpec/CORE]: Incorrect key tools.antique_ink.enabled was corrected from null to its default, true. 
[08Apr2025 21:43:44.758] [modloading-worker-0/WARN] [net.minecraftforge.common.ForgeConfigSpec/CORE]: Incorrect key tools.candy was corrected from null to its default, true. 
[08Apr2025 21:43:44.758] [modloading-worker-0/WARN] [net.minecraftforge.common.ForgeConfigSpec/CORE]: Incorrect key tools.stasis was corrected from null to its default, true. 
[08Apr2025 21:43:44.758] [modloading-worker-0/WARN] [net.minecraftforge.common.ForgeConfigSpec/CORE]: Incorrect key tools.altimeter was corrected from null to its default, true. 
[08Apr2025 21:43:44.765] [modloading-worker-0/WARN] [net.minecraftforge.common.ForgeConfigSpec/CORE]: Incorrect key general was corrected from null to its default, SimpleCommentedConfig:{}. 
[08Apr2025 21:43:44.765] [modloading-worker-0/WARN] [net.minecraftforge.common.ForgeConfigSpec/CORE]: Incorrect key general.creative_tab was corrected from null to its default, false. 
[08Apr2025 21:43:44.766] [modloading-worker-0/WARN] [net.minecraftforge.common.ForgeConfigSpec/CORE]: Incorrect key general.dispensers was corrected from null to its default, true. 
[08Apr2025 21:43:44.766] [modloading-worker-0/WARN] [net.minecraftforge.common.ForgeConfigSpec/CORE]: Incorrect key general.jar_tab was corrected from null to its default, false. 
[08Apr2025 21:43:44.766] [modloading-worker-0/WARN] [net.minecraftforge.common.ForgeConfigSpec/CORE]: Incorrect key general.debug_save_dynamic_pack was corrected from null to its default, false. 
[08Apr2025 21:43:44.767] [modloading-worker-0/WARN] [net.minecraftforge.common.ForgeConfigSpec/CORE]: Incorrect key general.server_protection was corrected from null to its default, false. 
[08Apr2025 21:43:44.769] [modloading-worker-0/WARN] [net.minecraftforge.common.ForgeConfigSpec/CORE]: Incorrect key general.red_merchant_spawn_multiplier was corrected from null to its default, 1.0. 
[08Apr2025 21:43:44.776] [modloading-worker-0/WARN] [net.minecraftforge.common.ForgeConfigSpec/CORE]: Incorrect key tweaks was corrected from null to its default, SimpleCommentedConfig:{}. 
[08Apr2025 21:43:44.776] [modloading-worker-0/WARN] [net.minecraftforge.common.ForgeConfigSpec/CORE]: Incorrect key tweaks.shulker_helmet was corrected from null to its default, SimpleCommentedConfig:{}. 
[08Apr2025 21:43:44.776] [modloading-worker-0/WARN] [net.minecraftforge.common.ForgeConfigSpec/CORE]: Incorrect key tweaks.shulker_helmet.enabled was corrected from null to its default, true. 
[08Apr2025 21:43:44.776] [modloading-worker-0/WARN] [net.minecraftforge.common.ForgeConfigSpec/CORE]: Incorrect key tweaks.golden_apple_disenchant was corrected from null to its default, SimpleCommentedConfig:{}. 
[08Apr2025 21:43:44.776] [modloading-worker-0/WARN] [net.minecraftforge.common.ForgeConfigSpec/CORE]: Incorrect key tweaks.golden_apple_disenchant.enabled was corrected from null to its default, true. 
[08Apr2025 21:43:44.776] [modloading-worker-0/WARN] [net.minecraftforge.common.ForgeConfigSpec/CORE]: Incorrect key tweaks.traders_open_doors was corrected from null to its default, SimpleCommentedConfig:{}. 
[08Apr2025 21:43:44.776] [modloading-worker-0/WARN] [net.minecraftforge.common.ForgeConfigSpec/CORE]: Incorrect key tweaks.traders_open_doors.enabled was corrected from null to its default, true. 
[08Apr2025 21:43:44.777] [modloading-worker-0/WARN] [net.minecraftforge.common.ForgeConfigSpec/CORE]: Incorrect key tweaks.dispenser_tweaks was corrected from null to its default, SimpleCommentedConfig:{}. 
[08Apr2025 21:43:44.777] [modloading-worker-0/WARN] [net.minecraftforge.common.ForgeConfigSpec/CORE]: Incorrect key tweaks.dispenser_tweaks.axe_strip was corrected from null to its default, true. 
[08Apr2025 21:43:44.777] [modloading-worker-0/WARN] [net.minecraftforge.common.ForgeConfigSpec/CORE]: Incorrect key tweaks.dispenser_tweaks.shoot_ender_pearls was corrected from null to its default, true. 
[08Apr2025 21:43:44.785] [modloading-worker-0/WARN] [net.minecraftforge.common.ForgeConfigSpec/CORE]: Incorrect key tweaks.throwable_bricks was corrected from null to its default, SimpleCommentedConfig:{}. 
[08Apr2025 21:43:44.785] [modloading-worker-0/WARN] [net.minecraftforge.common.ForgeConfigSpec/CORE]: Incorrect key tweaks.throwable_bricks.enabled was corrected from null to its default, true. 
[08Apr2025 21:43:44.785] [modloading-worker-0/WARN] [net.minecraftforge.common.ForgeConfigSpec/CORE]: Incorrect key tweaks.placeable_sticks was corrected from null to its default, SimpleCommentedConfig:{}. 
[08Apr2025 21:43:44.785] [modloading-worker-0/WARN] [net.minecraftforge.common.ForgeConfigSpec/CORE]: Incorrect key tweaks.placeable_sticks.sticks was corrected from null to its default, true. 
[08Apr2025 21:43:44.785] [modloading-worker-0/WARN] [net.minecraftforge.common.ForgeConfigSpec/CORE]: Incorrect key tweaks.placeable_sticks.blaze_rods was corrected from null to its default, true. 
[08Apr2025 21:43:44.785] [modloading-worker-0/WARN] [net.minecraftforge.common.ForgeConfigSpec/CORE]: Incorrect key tweaks.placeable_gunpowder was corrected from null to its default, SimpleCommentedConfig:{}. 
[08Apr2025 21:43:44.786] [modloading-worker-0/WARN] [net.minecraftforge.common.ForgeConfigSpec/CORE]: Incorrect key tweaks.placeable_gunpowder.enabled was corrected from null to its default, true. 
[08Apr2025 21:43:44.786] [modloading-worker-0/WARN] [net.minecraftforge.common.ForgeConfigSpec/CORE]: Incorrect key tweaks.placeable_gunpowder.speed was corrected from null to its default, 2. 
[08Apr2025 21:43:44.786] [modloading-worker-0/WARN] [net.minecraftforge.common.ForgeConfigSpec/CORE]: Incorrect key tweaks.placeable_gunpowder.spread_age was corrected from null to its default, 2. 
[08Apr2025 21:43:44.786] [modloading-worker-0/WARN] [net.minecraftforge.common.ForgeConfigSpec/CORE]: Incorrect key tweaks.raked_gravel was corrected from null to its default, SimpleCommentedConfig:{}. 
[08Apr2025 21:43:44.786] [modloading-worker-0/WARN] [net.minecraftforge.common.ForgeConfigSpec/CORE]: Incorrect key tweaks.raked_gravel.enabled was corrected from null to its default, true. 
[08Apr2025 21:43:44.787] [modloading-worker-0/WARN] [net.minecraftforge.common.ForgeConfigSpec/CORE]: Incorrect key tweaks.bottle_xp was corrected from null to its default, SimpleCommentedConfig:{}. 
[08Apr2025 21:43:44.787] [modloading-worker-0/WARN] [net.minecraftforge.common.ForgeConfigSpec/CORE]: Incorrect key tweaks.bottle_xp.enabled was corrected from null to its default, false. 
[08Apr2025 21:43:44.787] [modloading-worker-0/WARN] [net.minecraftforge.common.ForgeConfigSpec/CORE]: Incorrect key tweaks.bottle_xp.cost was corrected from null to its default, 2. 
[08Apr2025 21:43:44.790] [modloading-worker-0/WARN] [net.minecraftforge.common.ForgeConfigSpec/CORE]: Incorrect key tweaks.bottle_xp.target_block was corrected from null to its default, . 
[08Apr2025 21:43:44.790] [modloading-worker-0/WARN] [net.minecraftforge.common.ForgeConfigSpec/CORE]: Incorrect key tweaks.map_tweaks was corrected from null to its default, SimpleCommentedConfig:{}. 
[08Apr2025 21:43:44.793] [modloading-worker-0/WARN] [net.minecraftforge.common.ForgeConfigSpec/CORE]: Incorrect key tweaks.map_tweaks.random_adventurer_maps was corrected from null to its default, true. 
[08Apr2025 21:43:44.793] [modloading-worker-0/WARN] [net.minecraftforge.common.ForgeConfigSpec/CORE]: Incorrect key tweaks.map_tweaks.random_adventurer_maps_select_random_structure was corrected from null to its default, true. 
[08Apr2025 21:43:44.793] [modloading-worker-0/WARN] [net.minecraftforge.common.ForgeConfigSpec/CORE]: Incorrect key tweaks.map_tweaks.block_map_markers was corrected from null to its default, true. 
[08Apr2025 21:43:44.794] [modloading-worker-0/WARN] [net.minecraftforge.common.ForgeConfigSpec/CORE]: Incorrect key tweaks.map_tweaks.death_marker was corrected from null to its default, WITH_COMPASS. 
[08Apr2025 21:43:44.794] [modloading-worker-0/WARN] [net.minecraftforge.common.ForgeConfigSpec/CORE]: Incorrect key tweaks.map_tweaks.quill_adventurer_maps was corrected from null to its default, true. 
[08Apr2025 21:43:44.794] [modloading-worker-0/WARN] [net.minecraftforge.common.ForgeConfigSpec/CORE]: Incorrect key tweaks.map_tweaks.quill_vanilla_maps was corrected from null to its default, true. 
[08Apr2025 21:43:44.795] [modloading-worker-0/WARN] [net.minecraftforge.common.ForgeConfigSpec/CORE]: Incorrect key tweaks.map_tweaks.min_search_radius was corrected from null to its default, 75. 
[08Apr2025 21:43:44.795] [modloading-worker-0/WARN] [net.minecraftforge.common.ForgeConfigSpec/CORE]: Incorrect key tweaks.map_tweaks.tinted_blocks_on_maps was corrected from null to its default, true. 
[08Apr2025 21:43:44.798] [modloading-worker-0/WARN] [net.minecraftforge.common.ForgeConfigSpec/CORE]: Incorrect key tweaks.placeable_books was corrected from null to its default, SimpleCommentedConfig:{}. 
[08Apr2025 21:43:44.803] [modloading-worker-0/WARN] [net.minecraftforge.common.ForgeConfigSpec/CORE]: Incorrect key tweaks.placeable_books.written_books was corrected from null to its default, true. 
[08Apr2025 21:43:44.803] [modloading-worker-0/WARN] [net.minecraftforge.common.ForgeConfigSpec/CORE]: Incorrect key tweaks.placeable_books.enabled was corrected from null to its default, true. 
[08Apr2025 21:43:44.804] [modloading-worker-0/WARN] [net.minecraftforge.common.ForgeConfigSpec/CORE]: Incorrect key tweaks.placeable_books.book_power was corrected from null to its default, 1.0. 
[08Apr2025 21:43:44.804] [modloading-worker-0/WARN] [net.minecraftforge.common.ForgeConfigSpec/CORE]: Incorrect key tweaks.placeable_books.enchanted_book_power was corrected from null to its default, 1.334. 
[08Apr2025 21:43:44.804] [modloading-worker-0/WARN] [net.minecraftforge.common.ForgeConfigSpec/CORE]: Incorrect key tweaks.placeable_books.mixed_books was corrected from null to its default, false. 
[08Apr2025 21:43:44.805] [modloading-worker-0/WARN] [net.minecraftforge.common.ForgeConfigSpec/CORE]: Incorrect key tweaks.zombie_horse was corrected from null to its default, SimpleCommentedConfig:{}. 
[08Apr2025 21:43:44.805] [modloading-worker-0/WARN] [net.minecraftforge.common.ForgeConfigSpec/CORE]: Incorrect key tweaks.zombie_horse.zombie_horse_conversion was corrected from null to its default, true. 
[08Apr2025 21:43:44.807] [modloading-worker-0/WARN] [net.minecraftforge.common.ForgeConfigSpec/CORE]: Incorrect key tweaks.zombie_horse.rotten_flesh was corrected from null to its default, 64. 
[08Apr2025 21:43:44.807] [modloading-worker-0/WARN] [net.minecraftforge.common.ForgeConfigSpec/CORE]: Incorrect key tweaks.zombie_horse.rideable_underwater was corrected from null to its default, true. 
[08Apr2025 21:43:44.807] [modloading-worker-0/WARN] [net.minecraftforge.common.ForgeConfigSpec/CORE]: Incorrect key tweaks.zombie_horse.zombie_horse_inverse_conversion was corrected from null to its default, true. 
[08Apr2025 21:43:44.808] [modloading-worker-0/WARN] [net.minecraftforge.common.ForgeConfigSpec/CORE]: Incorrect key tweaks.noteblocks_scare was corrected from null to its default, SimpleCommentedConfig:{}. 
[08Apr2025 21:43:44.808] [modloading-worker-0/WARN] [net.minecraftforge.common.ForgeConfigSpec/CORE]: Incorrect key tweaks.noteblocks_scare.enabled was corrected from null to its default, true. 
[08Apr2025 21:43:44.808] [modloading-worker-0/WARN] [net.minecraftforge.common.ForgeConfigSpec/CORE]: Incorrect key tweaks.bad_luck_tweaks was corrected from null to its default, SimpleCommentedConfig:{}. 
[08Apr2025 21:43:44.808] [modloading-worker-0/WARN] [net.minecraftforge.common.ForgeConfigSpec/CORE]: Incorrect key tweaks.bad_luck_tweaks.cat_unluck was corrected from null to its default, true. 
[08Apr2025 21:43:44.808] [modloading-worker-0/WARN] [net.minecraftforge.common.ForgeConfigSpec/CORE]: Incorrect key tweaks.bad_luck_tweaks.lightning_unluck was corrected from null to its default, true. 
[08Apr2025 21:43:44.811] [modloading-worker-0/WARN] [net.minecraftforge.common.ForgeConfigSpec/CORE]: Incorrect key tweaks.item_lore was corrected from null to its default, SimpleCommentedConfig:{}. 
[08Apr2025 21:43:44.812] [modloading-worker-0/WARN] [net.minecraftforge.common.ForgeConfigSpec/CORE]: Incorrect key tweaks.item_lore.enabled was corrected from null to its default, true. 
[08Apr2025 21:43:44.896] [modloading-worker-0/INFO] [be.florens.expandability.ExpandAbility/]: ExpandAbility here, who dis?
[08Apr2025 21:43:44.902] [modloading-worker-0/INFO] [Puzzles Lib/]: Constructing common components for puzzleslib:main
[08Apr2025 21:43:45.073] [modloading-worker-0/INFO] [quark-zeta/]: Discovered 160 modules to load.
[08Apr2025 21:43:45.077] [modloading-worker-0/INFO] [quark-zeta/]: Constructing module Abacus...
[08Apr2025 21:43:45.083] [modloading-worker-0/INFO] [quark-zeta/]: Constructing module Adjustable Chat...
[08Apr2025 21:43:45.083] [modloading-worker-0/INFO] [quark-zeta/]: Constructing module Ambient Discs...
[08Apr2025 21:43:45.087] [modloading-worker-0/INFO] [quark-zeta/]: Constructing module Ancient Tomes...
[08Apr2025 21:43:45.105] [modloading-worker-0/INFO] [quark-zeta/]: Constructing module Ancient Wood...
[08Apr2025 21:43:45.119] [modloading-worker-0/INFO] [quark-zeta/]: Constructing module Armed Armor Stands...
[08Apr2025 21:43:45.120] [modloading-worker-0/INFO] [quark-zeta/]: Constructing module Auto Walk Keybind...
[08Apr2025 21:43:45.120] [modloading-worker-0/INFO] [quark-zeta/]: Constructing module Automatic Recipe Unlock...
[08Apr2025 21:43:45.121] [modloading-worker-0/INFO] [quark-zeta/]: Constructing module Automatic Tool Restock...
[08Apr2025 21:43:45.124] [modloading-worker-0/INFO] [quark-zeta/]: Constructing module Azalea Wood...
[08Apr2025 21:43:45.124] [modloading-worker-0/INFO] [quark-zeta/]: Constructing module Back Button Keybind...
[08Apr2025 21:43:45.125] [modloading-worker-0/INFO] [quark-zeta/]: Constructing module Backpack...
[08Apr2025 21:43:45.133] [modloading-worker-0/INFO] [quark-zeta/]: Constructing module Beacon Redirection...
[08Apr2025 21:43:45.134] [modloading-worker-0/INFO] [quark-zeta/]: Constructing module Better Elytra Rocket...
[08Apr2025 21:43:45.135] [modloading-worker-0/INFO] [quark-zeta/]: Constructing module Big Stone Clusters...
[08Apr2025 21:43:45.145] [modloading-worker-0/INFO] [quark-zeta/]: Constructing module Blossom Trees...
[08Apr2025 21:43:45.150] [modloading-worker-0/INFO] [quark-zeta/]: Constructing module Bottled Cloud...
[08Apr2025 21:43:45.151] [modloading-worker-0/INFO] [quark-zeta/]: Constructing module Buckets Show Inhabitants...
[08Apr2025 21:43:45.152] [modloading-worker-0/INFO] [quark-zeta/]: Constructing module Camera...
[08Apr2025 21:43:45.154] [modloading-worker-0/INFO] [quark-zeta/]: Constructing module Campfires Boost Elytra...
[08Apr2025 21:43:45.155] [modloading-worker-0/INFO] [quark-zeta/]: Constructing module Celebratory Lamps...
[08Apr2025 21:43:45.155] [modloading-worker-0/INFO] [quark-zeta/]: Constructing module Chains Connect Blocks...
[08Apr2025 21:43:45.155] [modloading-worker-0/INFO] [quark-zeta/]: Constructing module Chest Searching...
[08Apr2025 21:43:45.155] [modloading-worker-0/INFO] [quark-zeta/]: Constructing module Chorus Vegetation...
[08Apr2025 21:43:45.157] [modloading-worker-0/INFO] [quark-zeta/]: Constructing module Chute...
[08Apr2025 21:43:45.158] [modloading-worker-0/INFO] [quark-zeta/]: Constructing module Climate Control Remover...
[08Apr2025 21:43:45.158] [modloading-worker-0/INFO] [quark-zeta/]: Constructing module Color Runes...
[08Apr2025 21:43:45.161] [modloading-worker-0/INFO] [quark-zeta/]: Constructing module Compasses Work Everywhere...
[08Apr2025 21:43:45.162] [modloading-worker-0/INFO] [quark-zeta/]: Constructing module Compressed Blocks...
[08Apr2025 21:43:45.163] [modloading-worker-0/INFO] [quark-zeta/]: Constructing module Coral On Cactus...
[08Apr2025 21:43:45.164] [modloading-worker-0/INFO] [quark-zeta/]: Constructing module Corundum...
[08Apr2025 21:43:45.189] [modloading-worker-0/INFO] [quark-zeta/]: Constructing module Crabs...
[08Apr2025 21:43:45.191] [modloading-worker-0/INFO] [quark-zeta/]: Constructing module Crafter...
[08Apr2025 21:43:45.194] [modloading-worker-0/INFO] [quark-zeta/]: Constructing module Crate...
[08Apr2025 21:43:45.195] [modloading-worker-0/INFO] [quark-zeta/]: Constructing module Diamond Repair...
[08Apr2025 21:43:45.197] [modloading-worker-0/INFO] [quark-zeta/]: Constructing module Dispensers Place Blocks...
[08Apr2025 21:43:45.198] [modloading-worker-0/INFO] [quark-zeta/]: Constructing module Double Door Opening...
[08Apr2025 21:43:45.198] [modloading-worker-0/INFO] [quark-zeta/]: Constructing module Dragon Scales...
[08Apr2025 21:43:45.203] [modloading-worker-0/INFO] [quark-zeta/]: Constructing module Duskbound Blocks...
[08Apr2025 21:43:45.204] [modloading-worker-0/INFO] [quark-zeta/]: Constructing module Dyeable Item Frames...
[08Apr2025 21:43:45.205] [modloading-worker-0/INFO] [quark-zeta/]: Constructing module Easy Transfering...
[08Apr2025 21:43:45.206] [modloading-worker-0/INFO] [quark-zeta/]: Constructing module Elytra Indicator...
[08Apr2025 21:43:45.206] [modloading-worker-0/INFO] [quark-zeta/]: Constructing module Emotes...
[08Apr2025 21:43:45.207] [modloading-worker-0/INFO] [quark-zeta/]: Constructing module Enchantment Predicates...
[08Apr2025 21:43:45.207] [modloading-worker-0/INFO] [quark-zeta/]: Constructing module Enchantments Begone...
[08Apr2025 21:43:45.209] [modloading-worker-0/INFO] [quark-zeta/]: Constructing module Ender Watcher...
[08Apr2025 21:43:45.210] [modloading-worker-0/INFO] [quark-zeta/]: Constructing module Endermosh Music Disc...
[08Apr2025 21:43:45.211] [modloading-worker-0/INFO] [quark-zeta/]: Constructing module Enhanced Ladders...
[08Apr2025 21:43:45.211] [modloading-worker-0/INFO] [quark-zeta/]: Constructing module Expanded Item Interactions...
[08Apr2025 21:43:45.212] [modloading-worker-0/INFO] [quark-zeta/]: Constructing module Fairy Rings...
[08Apr2025 21:43:45.213] [modloading-worker-0/INFO] [quark-zeta/]: Constructing module Feeding Trough...
[08Apr2025 21:43:45.216] [modloading-worker-0/INFO] [quark-zeta/]: Constructing module Forgotten...
[08Apr2025 21:43:45.223] [modloading-worker-0/INFO] [quark-zeta/]: Constructing module Foxhound...
[08Apr2025 21:43:45.225] [modloading-worker-0/INFO] [quark-zeta/]: Constructing module Framed Glass...
[08Apr2025 21:43:45.225] [modloading-worker-0/INFO] [quark-zeta/]: Constructing module Game Nerfs...
[08Apr2025 21:43:45.226] [modloading-worker-0/INFO] [quark-zeta/]: Constructing module Glass Item Frame...
[08Apr2025 21:43:45.228] [modloading-worker-0/INFO] [quark-zeta/]: Constructing module Glass Shard...
[08Apr2025 21:43:45.230] [modloading-worker-0/INFO] [quark-zeta/]: Constructing module Glimmering Weald...
[08Apr2025 21:43:45.241] [modloading-worker-0/INFO] [quark-zeta/]: Constructing module Gold Bars...
[08Apr2025 21:43:45.242] [modloading-worker-0/INFO] [quark-zeta/]: Constructing module Gold Tools Have Fortune...
[08Apr2025 21:43:45.248] [modloading-worker-0/INFO] [quark-zeta/]: Constructing module Grab Chickens...
[08Apr2025 21:43:45.249] [modloading-worker-0/INFO] [quark-zeta/]: Constructing module Grate...
[08Apr2025 21:43:45.264] [modloading-worker-0/INFO] [quark-zeta/]: Constructing module Gravisand...
[08Apr2025 21:43:45.267] [modloading-worker-0/INFO] [quark-zeta/]: Constructing module Greener Grass...
[08Apr2025 21:43:45.274] [modloading-worker-0/INFO] [quark-zeta/]: Constructing module Hedges...
[08Apr2025 21:43:45.275] [modloading-worker-0/INFO] [quark-zeta/]: Constructing module Hoe Harvesting...
[08Apr2025 21:43:45.277] [modloading-worker-0/INFO] [quark-zeta/]: Constructing module Hollow Logs...
[08Apr2025 21:43:45.280] [modloading-worker-0/INFO] [quark-zeta/]: Constructing module Horses Swim...
[08Apr2025 21:43:45.280] [modloading-worker-0/INFO] [quark-zeta/]: Constructing module Hotbar Changer...
[08Apr2025 21:43:45.281] [modloading-worker-0/INFO] [quark-zeta/]: Constructing module Improved Sponges...
[08Apr2025 21:43:45.281] [modloading-worker-0/INFO] [quark-zeta/]: Constructing module Improved Tooltips...
[08Apr2025 21:43:45.281] [modloading-worker-0/INFO] [quark-zeta/]: Constructing module Industrial Palette...
[08Apr2025 21:43:45.282] [modloading-worker-0/INFO] [quark-zeta/]: Constructing module Inventory Sorting...
[08Apr2025 21:43:45.283] [modloading-worker-0/INFO] [quark-zeta/]: Constructing module Iron Rod...
[08Apr2025 21:43:45.293] [modloading-worker-0/INFO] [quark-zeta/]: Constructing module Item Sharing...
[08Apr2025 21:43:45.294] [modloading-worker-0/INFO] [quark-zeta/]: Constructing module Japanese Palette...
[08Apr2025 21:43:45.297] [modloading-worker-0/INFO] [quark-zeta/]: Constructing module Leaf Carpet...
[08Apr2025 21:43:45.297] [modloading-worker-0/INFO] [quark-zeta/]: Constructing module Lock Rotation...
[08Apr2025 21:43:45.298] [modloading-worker-0/INFO] [quark-zeta/]: Constructing module Long Range Pick Block...
[08Apr2025 21:43:45.299] [modloading-worker-0/INFO] [quark-zeta/]: Constructing module Magnets...
[08Apr2025 21:43:45.419] [modloading-worker-0/INFO] [quark-zeta/]: Constructing module Map Washing...
[08Apr2025 21:43:45.425] [modloading-worker-0/INFO] [quark-zeta/]: Constructing module Matrix Enchanting...
[08Apr2025 21:43:45.435] [modloading-worker-0/INFO] [quark-zeta/]: Constructing module Metal Buttons...
[08Apr2025 21:43:45.435] [modloading-worker-0/INFO] [quark-zeta/]: Constructing module Microcrafting Helper...
[08Apr2025 21:43:45.436] [modloading-worker-0/INFO] [quark-zeta/]: Constructing module Midori...
[08Apr2025 21:43:45.436] [modloading-worker-0/INFO] [quark-zeta/]: Constructing module Monster Box...
[08Apr2025 21:43:45.436] [modloading-worker-0/INFO] [quark-zeta/]: Constructing module More Banner Layers...
[08Apr2025 21:43:45.437] [modloading-worker-0/INFO] [quark-zeta/]: Constructing module More Brick Types...
[08Apr2025 21:43:45.437] [modloading-worker-0/INFO] [quark-zeta/]: Constructing module More Mud Blocks...
[08Apr2025 21:43:45.438] [modloading-worker-0/INFO] [quark-zeta/]: Constructing module More Note Block Sounds...
[08Apr2025 21:43:45.438] [modloading-worker-0/INFO] [quark-zeta/]: Constructing module More Potted Plants...
[08Apr2025 21:43:45.439] [modloading-worker-0/INFO] [quark-zeta/]: Constructing module Narrator Readout...
[08Apr2025 21:43:45.440] [modloading-worker-0/INFO] [quark-zeta/]: Constructing module Nether Brick Fence Gate...
[08Apr2025 21:43:45.440] [modloading-worker-0/INFO] [quark-zeta/]: Constructing module Nether Obsidian Spikes...
[08Apr2025 21:43:45.441] [modloading-worker-0/INFO] [quark-zeta/]: Constructing module New Stone Types...
[08Apr2025 21:43:45.443] [modloading-worker-0/INFO] [quark-zeta/]: Constructing module No Durability On Cosmetics...
[08Apr2025 21:43:45.444] [modloading-worker-0/INFO] [quark-zeta/]: Constructing module No More Lava Pockets...
[08Apr2025 21:43:45.444] [modloading-worker-0/INFO] [quark-zeta/]: Constructing module Obsidian Plate...
[08Apr2025 21:43:45.445] [modloading-worker-0/INFO] [quark-zeta/]: Constructing module Overlay Shader...
[08Apr2025 21:43:45.445] [modloading-worker-0/INFO] [quark-zeta/]: Constructing module Parrot Eggs...
[08Apr2025 21:43:45.446] [modloading-worker-0/INFO] [quark-zeta/]: Constructing module Pat The Dogs...
[08Apr2025 21:43:45.448] [modloading-worker-0/INFO] [quark-zeta/]: Constructing module Pathfinder Maps...
[08Apr2025 21:43:45.455] [modloading-worker-0/INFO] [quark-zeta/]: Constructing module Permafrost...
[08Apr2025 21:43:45.456] [modloading-worker-0/INFO] [quark-zeta/]: Constructing module Pickarang...
[08Apr2025 21:43:45.460] [modloading-worker-0/INFO] [quark-zeta/]: Constructing module Pig Litters...
[08Apr2025 21:43:45.460] [modloading-worker-0/INFO] [quark-zeta/]: Constructing module Pipes...
[08Apr2025 21:43:45.463] [modloading-worker-0/INFO] [quark-zeta/]: Constructing module Pistons Move Tile Entities...
[08Apr2025 21:43:45.464] [modloading-worker-0/INFO] [quark-zeta/]: Constructing module Poison Potato Usage...
[08Apr2025 21:43:45.464] [modloading-worker-0/INFO] [quark-zeta/]: Constructing module Quick Armor Swapping...
[08Apr2025 21:43:45.465] [modloading-worker-0/INFO] [quark-zeta/]: Constructing module Rainbow Lamps...
[08Apr2025 21:43:45.465] [modloading-worker-0/INFO] [quark-zeta/]: Constructing module Raw Metal Bricks...
[08Apr2025 21:43:45.467] [modloading-worker-0/INFO] [quark-zeta/]: Constructing module Reacharound Placing...
[08Apr2025 21:43:45.469] [modloading-worker-0/INFO] [quark-zeta/]: Constructing module Redstone Randomizer...
[08Apr2025 21:43:45.470] [modloading-worker-0/INFO] [quark-zeta/]: Constructing module Renewable Spore Blossoms...
[08Apr2025 21:43:45.473] [modloading-worker-0/INFO] [quark-zeta/]: Constructing module Replace Scaffolding...
[08Apr2025 21:43:45.474] [modloading-worker-0/INFO] [quark-zeta/]: Constructing module Rope...
[08Apr2025 21:43:45.477] [modloading-worker-0/INFO] [quark-zeta/]: Constructing module Safer Creatures...
[08Apr2025 21:43:45.478] [modloading-worker-0/INFO] [quark-zeta/]: Constructing module Seed Pouch...
[08Apr2025 21:43:45.488] [modloading-worker-0/INFO] [quark-zeta/]: Constructing module Shear Vines...
[08Apr2025 21:43:45.500] [modloading-worker-0/INFO] [quark-zeta/]: Constructing module Shiba...
[08Apr2025 21:43:45.503] [modloading-worker-0/INFO] [quark-zeta/]: Constructing module Shingles...
[08Apr2025 21:43:45.504] [modloading-worker-0/INFO] [quark-zeta/]: Constructing module Shulker Packing...
[08Apr2025 21:43:45.504] [modloading-worker-0/INFO] [quark-zeta/]: Constructing module Simple Harvest...
[08Apr2025 21:43:45.505] [modloading-worker-0/INFO] [quark-zeta/]: Constructing module Skull Pikes...
[08Apr2025 21:43:45.511] [modloading-worker-0/INFO] [quark-zeta/]: Constructing module Slabs To Blocks...
[08Apr2025 21:43:45.512] [modloading-worker-0/INFO] [quark-zeta/]: Constructing module Slime In A Bucket...
[08Apr2025 21:43:45.514] [modloading-worker-0/INFO] [quark-zeta/]: Constructing module Slimes To Magma Cubes...
[08Apr2025 21:43:45.514] [modloading-worker-0/INFO] [quark-zeta/]: Constructing module Snow Golem Player Heads...
[08Apr2025 21:43:45.515] [modloading-worker-0/INFO] [quark-zeta/]: Constructing module Soul Candles...
[08Apr2025 21:43:45.515] [modloading-worker-0/INFO] [quark-zeta/]: Constructing module Soul Sandstone...
[08Apr2025 21:43:45.515] [modloading-worker-0/INFO] [quark-zeta/]: Constructing module Spawner Replacer...
[08Apr2025 21:43:45.515] [modloading-worker-0/INFO] [quark-zeta/]: Constructing module Spiral Spires...
[08Apr2025 21:43:45.523] [modloading-worker-0/INFO] [quark-zeta/]: Constructing module Stonelings...
[08Apr2025 21:43:45.524] [modloading-worker-0/INFO] [quark-zeta/]: Constructing module Stools...
[08Apr2025 21:43:45.526] [modloading-worker-0/INFO] [quark-zeta/]: Constructing module Sturdy Stone...
[08Apr2025 21:43:45.528] [modloading-worker-0/INFO] [quark-zeta/]: Constructing module Thatch...
[08Apr2025 21:43:45.530] [modloading-worker-0/INFO] [quark-zeta/]: Constructing module Tiny Potato...
[08Apr2025 21:43:45.531] [modloading-worker-0/INFO] [quark-zeta/]: Constructing module Torch Arrow...
[08Apr2025 21:43:45.535] [modloading-worker-0/INFO] [quark-zeta/]: Constructing module Toretoise...
[08Apr2025 21:43:45.535] [modloading-worker-0/INFO] [quark-zeta/]: Constructing module Totem Of Holding...
[08Apr2025 21:43:45.539] [modloading-worker-0/INFO] [quark-zeta/]: Constructing module Trowel...
[08Apr2025 21:43:45.542] [modloading-worker-0/INFO] [quark-zeta/]: Constructing module Usage Ticker...
[08Apr2025 21:43:45.542] [modloading-worker-0/INFO] [quark-zeta/]: Constructing module Uses For Curses...
[08Apr2025 21:43:45.543] [modloading-worker-0/INFO] [quark-zeta/]: Constructing module Utility Recipes...
[08Apr2025 21:43:45.547] [modloading-worker-0/INFO] [quark-zeta/]: Constructing module Variant Animal Textures...
[08Apr2025 21:43:45.547] [modloading-worker-0/INFO] [quark-zeta/]: Constructing module Variant Bookshelves...
[08Apr2025 21:43:45.547] [modloading-worker-0/INFO] [quark-zeta/]: Constructing module Variant Chests...
[08Apr2025 21:43:45.577] [modloading-worker-0/INFO] [quark-zeta/]: Constructing module Variant Furnaces...
[08Apr2025 21:43:45.589] [modloading-worker-0/INFO] [quark-zeta/]: Constructing module Variant Ladders...
[08Apr2025 21:43:45.592] [modloading-worker-0/INFO] [quark-zeta/]: Constructing module Variant Selector...
[08Apr2025 21:43:45.594] [modloading-worker-0/INFO] [quark-zeta/]: Constructing module Vertical Planks...
[08Apr2025 21:43:45.594] [modloading-worker-0/INFO] [quark-zeta/]: Constructing module Vertical Slabs...
[08Apr2025 21:43:45.610] [modloading-worker-0/INFO] [quark-zeta/]: Constructing module Vexes Die With Their Masters...
[08Apr2025 21:43:45.611] [modloading-worker-0/INFO] [quark-zeta/]: Constructing module Villager Rerolling Rework...
[08Apr2025 21:43:45.625] [modloading-worker-0/INFO] [quark-zeta/]: Constructing module Villagers Follow Emeralds...
[08Apr2025 21:43:45.626] [modloading-worker-0/INFO] [quark-zeta/]: Constructing module Wooden Posts...
[08Apr2025 21:43:45.627] [modloading-worker-0/INFO] [quark-zeta/]: Constructing module Wool Shuts Up Minecarts...
[08Apr2025 21:43:45.630] [modloading-worker-0/INFO] [quark-zeta/]: Constructing module Wraith...
[08Apr2025 21:43:45.631] [modloading-worker-0/INFO] [quark-zeta/]: Constructing module Zombie Villagers On Normal...
[08Apr2025 21:43:45.632] [modloading-worker-0/INFO] [quark-zeta/]: Constructing module More Stone Variants...
[08Apr2025 21:43:45.635] [modloading-worker-0/INFO] [quark-zeta/]: Constructed 160 modules.
[08Apr2025 21:43:45.738] [modloading-worker-0/WARN] [net.minecraftforge.common.ForgeConfigSpec/CORE]: Configuration file /workspaces/PlanetQu/servidor_minecraft/config/quark-common.toml is not correct. Correcting
[08Apr2025 21:43:45.738] [modloading-worker-0/WARN] [net.minecraftforge.common.ForgeConfigSpec/CORE]: Incorrect key general was corrected from null to its default, SimpleCommentedConfig:{}. 
[08Apr2025 21:43:45.739] [modloading-worker-0/WARN] [net.minecraftforge.common.ForgeConfigSpec/CORE]: Incorrect key general.Enable 'q' Button was corrected from null to its default, true. 
[08Apr2025 21:43:45.739] [modloading-worker-0/WARN] [net.minecraftforge.common.ForgeConfigSpec/CORE]: Incorrect key general.'q' Button on the Right was corrected from null to its default, false. 
[08Apr2025 21:43:45.739] [modloading-worker-0/WARN] [net.minecraftforge.common.ForgeConfigSpec/CORE]: Incorrect key general.Disable Q Menu Effects was corrected from null to its default, false. 
[08Apr2025 21:43:45.739] [modloading-worker-0/WARN] [net.minecraftforge.common.ForgeConfigSpec/CORE]: Incorrect key general.Advancement Visibility Depth was corrected from null to its default, 2. 
[08Apr2025 21:43:45.739] [modloading-worker-0/WARN] [net.minecraftforge.common.ForgeConfigSpec/CORE]: Incorrect key general.Shulker Boxes was corrected from null to its default, [minecraft:white_shulker_box, minecraft:orange_shulker_box, minecraft:magenta_shulker_box, minecraft:light_blue_shulker_box, minecraft:yellow_shulker_box, minecraft:lime_shulker_box, minecraft:pink_shulker_box, minecraft:gray_shulker_box, minecraft:light_gray_shulker_box, minecraft:cyan_shulker_box, minecraft:purple_shulker_box, minecraft:blue_shulker_box, minecraft:brown_shulker_box, minecraft:green_shulker_box, minecraft:red_shulker_box, minecraft:black_shulker_box]. 
[08Apr2025 21:43:45.739] [modloading-worker-0/WARN] [net.minecraftforge.common.ForgeConfigSpec/CORE]: Incorrect key general.Interpret Shulker Box Like Blocks was corrected from null to its default, true. 
[08Apr2025 21:43:45.739] [modloading-worker-0/WARN] [net.minecraftforge.common.ForgeConfigSpec/CORE]: Incorrect key general.Print Screen Classnames was corrected from null to its default, false. 
[08Apr2025 21:43:45.740] [modloading-worker-0/WARN] [net.minecraftforge.common.ForgeConfigSpec/CORE]: Incorrect key general.Allowed Screens was corrected from null to its default, []. 
[08Apr2025 21:43:45.740] [modloading-worker-0/WARN] [net.minecraftforge.common.ForgeConfigSpec/CORE]: Incorrect key general.Use Screen List Blacklist was corrected from null to its default, false. 
[08Apr2025 21:43:45.740] [modloading-worker-0/WARN] [net.minecraftforge.common.ForgeConfigSpec/CORE]: Incorrect key general.Terrablender Add Region was corrected from null to its default, true. 
[08Apr2025 21:43:45.740] [modloading-worker-0/WARN] [net.minecraftforge.common.ForgeConfigSpec/CORE]: Incorrect key general.Terrablender Region Weight was corrected from null to its default, 1. 
[08Apr2025 21:43:45.740] [modloading-worker-0/WARN] [net.minecraftforge.common.ForgeConfigSpec/CORE]: Incorrect key general.Terrablender Modify Vanilla Anyway was corrected from null to its default, false. 
[08Apr2025 21:43:45.740] [modloading-worker-0/WARN] [net.minecraftforge.common.ForgeConfigSpec/CORE]: Incorrect key general.Enable Onboarding was corrected from null to its default, true. 
[08Apr2025 21:43:45.740] [modloading-worker-0/WARN] [net.minecraftforge.common.ForgeConfigSpec/CORE]: Incorrect key general.Chest Button Slot Target was corrected from null to its default, 27. 
[08Apr2025 21:43:45.741] [modloading-worker-0/WARN] [net.minecraftforge.common.ForgeConfigSpec/CORE]: Incorrect key categories was corrected from null to its default, SimpleCommentedConfig:{}. 
[08Apr2025 21:43:45.741] [modloading-worker-0/WARN] [net.minecraftforge.common.ForgeConfigSpec/CORE]: Incorrect key categories.automation was corrected from null to its default, true. 
[08Apr2025 21:43:45.741] [modloading-worker-0/WARN] [net.minecraftforge.common.ForgeConfigSpec/CORE]: Incorrect key categories.building was corrected from null to its default, true. 
[08Apr2025 21:43:45.741] [modloading-worker-0/WARN] [net.minecraftforge.common.ForgeConfigSpec/CORE]: Incorrect key categories.management was corrected from null to its default, true. 
[08Apr2025 21:43:45.741] [modloading-worker-0/WARN] [net.minecraftforge.common.ForgeConfigSpec/CORE]: Incorrect key categories.tools was corrected from null to its default, true. 
[08Apr2025 21:43:45.741] [modloading-worker-0/WARN] [net.minecraftforge.common.ForgeConfigSpec/CORE]: Incorrect key categories.tweaks was corrected from null to its default, true. 
[08Apr2025 21:43:45.741] [modloading-worker-0/WARN] [net.minecraftforge.common.ForgeConfigSpec/CORE]: Incorrect key categories.world was corrected from null to its default, true. 
[08Apr2025 21:43:45.742] [modloading-worker-0/WARN] [net.minecraftforge.common.ForgeConfigSpec/CORE]: Incorrect key categories.mobs was corrected from null to its default, true. 
[08Apr2025 21:43:45.742] [modloading-worker-0/WARN] [net.minecraftforge.common.ForgeConfigSpec/CORE]: Incorrect key categories.client was corrected from null to its default, true. 
[08Apr2025 21:43:45.742] [modloading-worker-0/WARN] [net.minecraftforge.common.ForgeConfigSpec/CORE]: Incorrect key categories.experimental was corrected from null to its default, true. 
[08Apr2025 21:43:45.742] [modloading-worker-0/WARN] [net.minecraftforge.common.ForgeConfigSpec/CORE]: Incorrect key categories.oddities was corrected from null to its default, true. 
[08Apr2025 21:43:45.742] [modloading-worker-0/WARN] [net.minecraftforge.common.ForgeConfigSpec/CORE]: Incorrect key automation was corrected from null to its default, SimpleCommentedConfig:{}. 
[08Apr2025 21:43:45.742] [modloading-worker-0/WARN] [net.minecraftforge.common.ForgeConfigSpec/CORE]: Incorrect key automation.Chains Connect Blocks was corrected from null to its default, true. 
[08Apr2025 21:43:45.742] [modloading-worker-0/WARN] [net.minecraftforge.common.ForgeConfigSpec/CORE]: Incorrect key automation.Chute was corrected from null to its default, true. 
[08Apr2025 21:43:45.742] [modloading-worker-0/WARN] [net.minecraftforge.common.ForgeConfigSpec/CORE]: Incorrect key automation.Crafter was corrected from null to its default, true. 
[08Apr2025 21:43:45.743] [modloading-worker-0/WARN] [net.minecraftforge.common.ForgeConfigSpec/CORE]: Incorrect key automation.Dispensers Place Blocks was corrected from null to its default, true. 
[08Apr2025 21:43:45.743] [modloading-worker-0/WARN] [net.minecraftforge.common.ForgeConfigSpec/CORE]: Incorrect key automation.Ender Watcher was corrected from null to its default, true. 
[08Apr2025 21:43:45.743] [modloading-worker-0/WARN] [net.minecraftforge.common.ForgeConfigSpec/CORE]: Incorrect key automation.Feeding Trough was corrected from null to its default, true. 
[08Apr2025 21:43:45.743] [modloading-worker-0/WARN] [net.minecraftforge.common.ForgeConfigSpec/CORE]: Incorrect key automation.Gravisand was corrected from null to its default, true. 
[08Apr2025 21:43:45.743] [modloading-worker-0/WARN] [net.minecraftforge.common.ForgeConfigSpec/CORE]: Incorrect key automation.Iron Rod was corrected from null to its default, true. 
[08Apr2025 21:43:45.743] [modloading-worker-0/WARN] [net.minecraftforge.common.ForgeConfigSpec/CORE]: Incorrect key automation.Metal Buttons was corrected from null to its default, true. 
[08Apr2025 21:43:45.743] [modloading-worker-0/WARN] [net.minecraftforge.common.ForgeConfigSpec/CORE]: Incorrect key automation.Obsidian Plate was corrected from null to its default, true. 
[08Apr2025 21:43:45.743] [modloading-worker-0/WARN] [net.minecraftforge.common.ForgeConfigSpec/CORE]: Incorrect key automation.Pistons Move Tile Entities was corrected from null to its default, true. 
[08Apr2025 21:43:45.743] [modloading-worker-0/WARN] [net.minecraftforge.common.ForgeConfigSpec/CORE]: Incorrect key automation.Redstone Randomizer was corrected from null to its default, true. 
[08Apr2025 21:43:45.743] [modloading-worker-0/WARN] [net.minecraftforge.common.ForgeConfigSpec/CORE]: Incorrect key automation.crafter was corrected from null to its default, SimpleCommentedConfig:{}. 
[08Apr2025 21:43:45.743] [modloading-worker-0/WARN] [net.minecraftforge.common.ForgeConfigSpec/CORE]: Incorrect key automation.crafter.Use Emi Logic was corrected from null to its default, false. 
[08Apr2025 21:43:45.744] [modloading-worker-0/WARN] [net.minecraftforge.common.ForgeConfigSpec/CORE]: Incorrect key automation.crafter.Allow Items While Powered was corrected from null to its default, true. 
[08Apr2025 21:43:45.744] [modloading-worker-0/WARN] [net.minecraftforge.common.ForgeConfigSpec/CORE]: Incorrect key automation.dispensers_place_blocks was corrected from null to its default, SimpleCommentedConfig:{}. 
[08Apr2025 21:43:45.744] [modloading-worker-0/WARN] [net.minecraftforge.common.ForgeConfigSpec/CORE]: Incorrect key automation.dispensers_place_blocks.Blacklist was corrected from null to its default, [minecraft:water, minecraft:lava, minecraft:fire]. 
[08Apr2025 21:43:45.744] [modloading-worker-0/WARN] [net.minecraftforge.common.ForgeConfigSpec/CORE]: Incorrect key automation.dispensers_place_blocks.Wrap Existing Behaviors was corrected from null to its default, true. 
[08Apr2025 21:43:45.744] [modloading-worker-0/WARN] [net.minecraftforge.common.ForgeConfigSpec/CORE]: Incorrect key automation.feeding_trough was corrected from null to its default, SimpleCommentedConfig:{}. 
[08Apr2025 21:43:45.744] [modloading-worker-0/WARN] [net.minecraftforge.common.ForgeConfigSpec/CORE]: Incorrect key automation.feeding_trough.Cooldown was corrected from null to its default, 30. 
[08Apr2025 21:43:45.744] [modloading-worker-0/WARN] [net.minecraftforge.common.ForgeConfigSpec/CORE]: Incorrect key automation.feeding_trough.Max Animals was corrected from null to its default, 32. 
[08Apr2025 21:43:45.744] [modloading-worker-0/WARN] [net.minecraftforge.common.ForgeConfigSpec/CORE]: Incorrect key automation.feeding_trough.Love Chance was corrected from null to its default, 0.333333333. 
[08Apr2025 21:43:45.745] [modloading-worker-0/WARN] [net.minecraftforge.common.ForgeConfigSpec/CORE]: Incorrect key automation.feeding_trough.Range was corrected from null to its default, 10.0. 
[08Apr2025 21:43:45.745] [modloading-worker-0/WARN] [net.minecraftforge.common.ForgeConfigSpec/CORE]: Incorrect key automation.feeding_trough.Look Chance was corrected from null to its default, 0.015. 
[08Apr2025 21:43:45.745] [modloading-worker-0/WARN] [net.minecraftforge.common.ForgeConfigSpec/CORE]: Incorrect key automation.iron_rod was corrected from null to its default, SimpleCommentedConfig:{}. 
[08Apr2025 21:43:45.745] [modloading-worker-0/WARN] [net.minecraftforge.common.ForgeConfigSpec/CORE]: Incorrect key automation.iron_rod.Use Pre End Recipe was corrected from null to its default, false. 
[08Apr2025 21:43:45.745] [modloading-worker-0/WARN] [net.minecraftforge.common.ForgeConfigSpec/CORE]: Incorrect key automation.metal_buttons was corrected from null to its default, SimpleCommentedConfig:{}. 
[08Apr2025 21:43:45.745] [modloading-worker-0/WARN] [net.minecraftforge.common.ForgeConfigSpec/CORE]: Incorrect key automation.metal_buttons.Enable Iron was corrected from null to its default, true. 
[08Apr2025 21:43:45.745] [modloading-worker-0/WARN] [net.minecraftforge.common.ForgeConfigSpec/CORE]: Incorrect key automation.metal_buttons.Enable Gold was corrected from null to its default, true. 
[08Apr2025 21:43:45.745] [modloading-worker-0/WARN] [net.minecraftforge.common.ForgeConfigSpec/CORE]: Incorrect key automation.pistons_move_tile_entities was corrected from null to its default, SimpleCommentedConfig:{}. 
[08Apr2025 21:43:45.745] [modloading-worker-0/WARN] [net.minecraftforge.common.ForgeConfigSpec/CORE]: Incorrect key automation.pistons_move_tile_entities.Enable Chests Moving Together was corrected from null to its default, true. 
[08Apr2025 21:43:45.746] [modloading-worker-0/WARN] [net.minecraftforge.common.ForgeConfigSpec/CORE]: Incorrect key automation.pistons_move_tile_entities.Render Blacklist was corrected from null to its default, [psi:programmer, botania:starfield]. 
[08Apr2025 21:43:45.746] [modloading-worker-0/WARN] [net.minecraftforge.common.ForgeConfigSpec/CORE]: Incorrect key automation.pistons_move_tile_entities.Movement Blacklist was corrected from null to its default, [minecraft:spawner, integrateddynamics:cable, randomthings:blockbreaker, minecraft:ender_chest, minecraft:enchanting_table, minecraft:trapped_chest, quark:spruce_trapped_chest, quark:birch_trapped_chest, quark:jungle_trapped_chest, quark:acacia_trapped_chest, quark:dark_oak_trapped_chest, endergetic:bolloom_bud]. 
[08Apr2025 21:43:45.746] [modloading-worker-0/WARN] [net.minecraftforge.common.ForgeConfigSpec/CORE]: Incorrect key automation.pistons_move_tile_entities.Delayed Update List was corrected from null to its default, [minecraft:dispenser, minecraft:dropper]. 
[08Apr2025 21:43:45.747] [modloading-worker-0/WARN] [net.minecraftforge.common.ForgeConfigSpec/CORE]: Incorrect key building was corrected from null to its default, SimpleCommentedConfig:{}. 
[08Apr2025 21:43:45.747] [modloading-worker-0/WARN] [net.minecraftforge.common.ForgeConfigSpec/CORE]: Incorrect key building.Celebratory Lamps was corrected from null to its default, true. 
[08Apr2025 21:43:45.747] [modloading-worker-0/WARN] [net.minecraftforge.common.ForgeConfigSpec/CORE]: Incorrect key building.Compressed Blocks was corrected from null to its default, true. 
[08Apr2025 21:43:45.747] [modloading-worker-0/WARN] [net.minecraftforge.common.ForgeConfigSpec/CORE]: Incorrect key building.Duskbound Blocks was corrected from null to its default, true. 
[08Apr2025 21:43:45.747] [modloading-worker-0/WARN] [net.minecraftforge.common.ForgeConfigSpec/CORE]: Incorrect key building.Framed Glass was corrected from null to its default, true. 
[08Apr2025 21:43:45.747] [modloading-worker-0/WARN] [net.minecraftforge.common.ForgeConfigSpec/CORE]: Incorrect key building.Glass Item Frame was corrected from null to its default, true. 
[08Apr2025 21:43:45.747] [modloading-worker-0/WARN] [net.minecraftforge.common.ForgeConfigSpec/CORE]: Incorrect key building.Gold Bars was corrected from null to its default, true. 
[08Apr2025 21:43:45.747] [modloading-worker-0/WARN] [net.minecraftforge.common.ForgeConfigSpec/CORE]: Incorrect key building.Grate was corrected from null to its default, true. 
[08Apr2025 21:43:45.747] [modloading-worker-0/WARN] [net.minecraftforge.common.ForgeConfigSpec/CORE]: Incorrect key building.Hedges was corrected from null to its default, true. 
[08Apr2025 21:43:45.747] [modloading-worker-0/WARN] [net.minecraftforge.common.ForgeConfigSpec/CORE]: Incorrect key building.Hollow Logs was corrected from null to its default, true. 
[08Apr2025 21:43:45.747] [modloading-worker-0/WARN] [net.minecraftforge.common.ForgeConfigSpec/CORE]: Incorrect key building.Industrial Palette was corrected from null to its default, true. 
[08Apr2025 21:43:45.747] [modloading-worker-0/WARN] [net.minecraftforge.common.ForgeConfigSpec/CORE]: Incorrect key building.Japanese Palette was corrected from null to its default, true. 
[08Apr2025 21:43:45.748] [modloading-worker-0/WARN] [net.minecraftforge.common.ForgeConfigSpec/CORE]: Incorrect key building.Leaf Carpet was corrected from null to its default, true. 
[08Apr2025 21:43:45.748] [modloading-worker-0/WARN] [net.minecraftforge.common.ForgeConfigSpec/CORE]: Incorrect key building.Midori was corrected from null to its default, true. 
[08Apr2025 21:43:45.748] [modloading-worker-0/WARN] [net.minecraftforge.common.ForgeConfigSpec/CORE]: Incorrect key building.More Brick Types was corrected from null to its default, true. 
[08Apr2025 21:43:45.748] [modloading-worker-0/WARN] [net.minecraftforge.common.ForgeConfigSpec/CORE]: Incorrect key building.More Mud Blocks was corrected from null to its default, true. 
[08Apr2025 21:43:45.748] [modloading-worker-0/WARN] [net.minecraftforge.common.ForgeConfigSpec/CORE]: Incorrect key building.More Potted Plants was corrected from null to its default, true. 
[08Apr2025 21:43:45.748] [modloading-worker-0/WARN] [net.minecraftforge.common.ForgeConfigSpec/CORE]: Incorrect key building.Nether Brick Fence Gate was corrected from null to its default, true. 
[08Apr2025 21:43:45.748] [modloading-worker-0/WARN] [net.minecraftforge.common.ForgeConfigSpec/CORE]: Incorrect key building.Rainbow Lamps was corrected from null to its default, true. 
[08Apr2025 21:43:45.748] [modloading-worker-0/WARN] [net.minecraftforge.common.ForgeConfigSpec/CORE]: Incorrect key building.Raw Metal Bricks was corrected from null to its default, true. 
[08Apr2025 21:43:45.748] [modloading-worker-0/WARN] [net.minecraftforge.common.ForgeConfigSpec/CORE]: Incorrect key building.Rope was corrected from null to its default, true. 
[08Apr2025 21:43:45.748] [modloading-worker-0/WARN] [net.minecraftforge.common.ForgeConfigSpec/CORE]: Incorrect key building.Shear Vines was corrected from null to its default, true. 
[08Apr2025 21:43:45.748] [modloading-worker-0/WARN] [net.minecraftforge.common.ForgeConfigSpec/CORE]: Incorrect key building.Shingles was corrected from null to its default, true. 
[08Apr2025 21:43:45.748] [modloading-worker-0/WARN] [net.minecraftforge.common.ForgeConfigSpec/CORE]: Incorrect key building.Soul Sandstone was corrected from null to its default, true. 
[08Apr2025 21:43:45.749] [modloading-worker-0/WARN] [net.minecraftforge.common.ForgeConfigSpec/CORE]: Incorrect key building.Stools was corrected from null to its default, true. 
[08Apr2025 21:43:45.749] [modloading-worker-0/WARN] [net.minecraftforge.common.ForgeConfigSpec/CORE]: Incorrect key building.Sturdy Stone was corrected from null to its default, true. 
[08Apr2025 21:43:45.749] [modloading-worker-0/WARN] [net.minecraftforge.common.ForgeConfigSpec/CORE]: Incorrect key building.Thatch was corrected from null to its default, true. 
[08Apr2025 21:43:45.749] [modloading-worker-0/WARN] [net.minecraftforge.common.ForgeConfigSpec/CORE]: Incorrect key building.Variant Bookshelves was corrected from null to its default, true. 
[08Apr2025 21:43:45.749] [modloading-worker-0/WARN] [net.minecraftforge.common.ForgeConfigSpec/CORE]: Incorrect key building.Variant Chests was corrected from null to its default, true. 
[08Apr2025 21:43:45.749] [modloading-worker-0/WARN] [net.minecraftforge.common.ForgeConfigSpec/CORE]: Incorrect key building.Variant Furnaces was corrected from null to its default, true. 
[08Apr2025 21:43:45.749] [modloading-worker-0/WARN] [net.minecraftforge.common.ForgeConfigSpec/CORE]: Incorrect key building.Variant Ladders was corrected from null to its default, true. 
[08Apr2025 21:43:45.749] [modloading-worker-0/WARN] [net.minecraftforge.common.ForgeConfigSpec/CORE]: Incorrect key building.Vertical Planks was corrected from null to its default, true. 
[08Apr2025 21:43:45.749] [modloading-worker-0/WARN] [net.minecraftforge.common.ForgeConfigSpec/CORE]: Incorrect key building.Vertical Slabs was corrected from null to its default, true. 
[08Apr2025 21:43:45.749] [modloading-worker-0/WARN] [net.minecraftforge.common.ForgeConfigSpec/CORE]: Incorrect key building.Wooden Posts was corrected from null to its default, true. 
[08Apr2025 21:43:45.749] [modloading-worker-0/WARN] [net.minecraftforge.common.ForgeConfigSpec/CORE]: Incorrect key building.More Stone Variants was corrected from null to its default, true. 
[08Apr2025 21:43:45.749] [modloading-worker-0/WARN] [net.minecraftforge.common.ForgeConfigSpec/CORE]: Incorrect key building.celebratory_lamps was corrected from null to its default, SimpleCommentedConfig:{}. 
[08Apr2025 21:43:45.749] [modloading-worker-0/WARN] [net.minecraftforge.common.ForgeConfigSpec/CORE]: Incorrect key building.celebratory_lamps.Light Level was corrected from null to its default, 15. 
[08Apr2025 21:43:45.749] [modloading-worker-0/WARN] [net.minecraftforge.common.ForgeConfigSpec/CORE]: Incorrect key building.compressed_blocks was corrected from null to its default, SimpleCommentedConfig:{}. 
[08Apr2025 21:43:45.749] [modloading-worker-0/WARN] [net.minecraftforge.common.ForgeConfigSpec/CORE]: Incorrect key building.compressed_blocks.Charcoal Block and Blaze Lantern Stay On Fire Forever was corrected from null to its default, true. 
[08Apr2025 21:43:45.750] [modloading-worker-0/WARN] [net.minecraftforge.common.ForgeConfigSpec/CORE]: Incorrect key building.compressed_blocks.Charcoal Block Fuel Time was corrected from null to its default, 16000. 
[08Apr2025 21:43:45.750] [modloading-worker-0/WARN] [net.minecraftforge.common.ForgeConfigSpec/CORE]: Incorrect key building.compressed_blocks.Blaze Lantern Fuel Time was corrected from null to its default, 24000. 
[08Apr2025 21:43:45.750] [modloading-worker-0/WARN] [net.minecraftforge.common.ForgeConfigSpec/CORE]: Incorrect key building.compressed_blocks.Stick Block Fuel Time was corrected from null to its default, 900. 
[08Apr2025 21:43:45.750] [modloading-worker-0/WARN] [net.minecraftforge.common.ForgeConfigSpec/CORE]: Incorrect key building.compressed_blocks.Enable Charcoal Block was corrected from null to its default, true. 
[08Apr2025 21:43:45.750] [modloading-worker-0/WARN] [net.minecraftforge.common.ForgeConfigSpec/CORE]: Incorrect key building.compressed_blocks.Enable Sugar Cane Block was corrected from null to its default, true. 
[08Apr2025 21:43:45.750] [modloading-worker-0/WARN] [net.minecraftforge.common.ForgeConfigSpec/CORE]: Incorrect key building.compressed_blocks.Enable Cactus Block was corrected from null to its default, true. 
[08Apr2025 21:43:45.750] [modloading-worker-0/WARN] [net.minecraftforge.common.ForgeConfigSpec/CORE]: Incorrect key building.compressed_blocks.Enable Chorus Fruit Block was corrected from null to its default, true. 
[08Apr2025 21:43:45.750] [modloading-worker-0/WARN] [net.minecraftforge.common.ForgeConfigSpec/CORE]: Incorrect key building.compressed_blocks.Enable Stick Block was corrected from null to its default, true. 
[08Apr2025 21:43:45.750] [modloading-worker-0/WARN] [net.minecraftforge.common.ForgeConfigSpec/CORE]: Incorrect key building.compressed_blocks.Enable Apple Crate was corrected from null to its default, true. 
[08Apr2025 21:43:45.750] [modloading-worker-0/WARN] [net.minecraftforge.common.ForgeConfigSpec/CORE]: Incorrect key building.compressed_blocks.Enable Golden Apple Crate was corrected from null to its default, true. 
[08Apr2025 21:43:45.750] [modloading-worker-0/WARN] [net.minecraftforge.common.ForgeConfigSpec/CORE]: Incorrect key building.compressed_blocks.Enable Potato Crate was corrected from null to its default, true. 
[08Apr2025 21:43:45.750] [modloading-worker-0/WARN] [net.minecraftforge.common.ForgeConfigSpec/CORE]: Incorrect key building.compressed_blocks.Enable Carrot Crate was corrected from null to its default, true. 
[08Apr2025 21:43:45.751] [modloading-worker-0/WARN] [net.minecraftforge.common.ForgeConfigSpec/CORE]: Incorrect key building.compressed_blocks.Enable Golden Carrot Crate was corrected from null to its default, true. 
[08Apr2025 21:43:45.751] [modloading-worker-0/WARN] [net.minecraftforge.common.ForgeConfigSpec/CORE]: Incorrect key building.compressed_blocks.Enable Beetroot Crate was corrected from null to its default, true. 
[08Apr2025 21:43:45.751] [modloading-worker-0/WARN] [net.minecraftforge.common.ForgeConfigSpec/CORE]: Incorrect key building.compressed_blocks.Enable Cocoa Bean Sack was corrected from null to its default, true. 
[08Apr2025 21:43:45.751] [modloading-worker-0/WARN] [net.minecraftforge.common.ForgeConfigSpec/CORE]: Incorrect key building.compressed_blocks.Enable Nether Wart Sack was corrected from null to its default, true. 
[08Apr2025 21:43:45.751] [modloading-worker-0/WARN] [net.minecraftforge.common.ForgeConfigSpec/CORE]: Incorrect key building.compressed_blocks.Enable Gunpowder Sack was corrected from null to its default, true. 
[08Apr2025 21:43:45.751] [modloading-worker-0/WARN] [net.minecraftforge.common.ForgeConfigSpec/CORE]: Incorrect key building.compressed_blocks.Enable Berry Sack was corrected from null to its default, true. 
[08Apr2025 21:43:45.751] [modloading-worker-0/WARN] [net.minecraftforge.common.ForgeConfigSpec/CORE]: Incorrect key building.compressed_blocks.Enable Glow Berry Sack was corrected from null to its default, true. 
[08Apr2025 21:43:45.751] [modloading-worker-0/WARN] [net.minecraftforge.common.ForgeConfigSpec/CORE]: Incorrect key building.compressed_blocks.Enable Blaze Lantern was corrected from null to its default, true. 
[08Apr2025 21:43:45.751] [modloading-worker-0/WARN] [net.minecraftforge.common.ForgeConfigSpec/CORE]: Incorrect key building.compressed_blocks.Enable Bonded Leather was corrected from null to its default, true. 
[08Apr2025 21:43:45.751] [modloading-worker-0/WARN] [net.minecraftforge.common.ForgeConfigSpec/CORE]: Incorrect key building.compressed_blocks.Enable Bonded Rabbit Hide was corrected from null to its default, true. 
[08Apr2025 21:43:45.751] [modloading-worker-0/WARN] [net.minecraftforge.common.ForgeConfigSpec/CORE]: Incorrect key building.glass_item_frame was corrected from null to its default, SimpleCommentedConfig:{}. 
[08Apr2025 21:43:45.752] [modloading-worker-0/WARN] [net.minecraftforge.common.ForgeConfigSpec/CORE]: Incorrect key building.glass_item_frame.Glass Item Frames Update Maps was corrected from null to its default, true. 
[08Apr2025 21:43:45.752] [modloading-worker-0/WARN] [net.minecraftforge.common.ForgeConfigSpec/CORE]: Incorrect key building.glass_item_frame.Glass Item Frames Update Maps Every Tick was corrected from null to its default, false. 
[08Apr2025 21:43:45.752] [modloading-worker-0/WARN] [net.minecraftforge.common.ForgeConfigSpec/CORE]: Incorrect key building.glass_item_frame.Item Render Scale was corrected from null to its default, 1.5. 
[08Apr2025 21:43:45.752] [modloading-worker-0/WARN] [net.minecraftforge.common.ForgeConfigSpec/CORE]: Incorrect key building.gold_bars was corrected from null to its default, SimpleCommentedConfig:{}. 
[08Apr2025 21:43:45.752] [modloading-worker-0/WARN] [net.minecraftforge.common.ForgeConfigSpec/CORE]: Incorrect key building.gold_bars.Generate In Nether Fortress was corrected from null to its default, true. 
[08Apr2025 21:43:45.752] [modloading-worker-0/WARN] [net.minecraftforge.common.ForgeConfigSpec/CORE]: Incorrect key building.hollow_logs was corrected from null to its default, SimpleCommentedConfig:{}. 
[08Apr2025 21:43:45.752] [modloading-worker-0/WARN] [net.minecraftforge.common.ForgeConfigSpec/CORE]: Incorrect key building.hollow_logs.Enable Auto Crawl was corrected from null to its default, true. 
[08Apr2025 21:43:45.752] [modloading-worker-0/WARN] [net.minecraftforge.common.ForgeConfigSpec/CORE]: Incorrect key building.industrial_palette was corrected from null to its default, SimpleCommentedConfig:{}. 
[08Apr2025 21:43:45.752] [modloading-worker-0/WARN] [net.minecraftforge.common.ForgeConfigSpec/CORE]: Incorrect key building.industrial_palette.Enable Iron Plates was corrected from null to its default, true. 
[08Apr2025 21:43:45.752] [modloading-worker-0/WARN] [net.minecraftforge.common.ForgeConfigSpec/CORE]: Incorrect key building.industrial_palette.Enable Iron Ladder was corrected from null to its default, true. 
[08Apr2025 21:43:45.752] [modloading-worker-0/WARN] [net.minecraftforge.common.ForgeConfigSpec/CORE]: Incorrect key building.japanese_palette was corrected from null to its default, SimpleCommentedConfig:{}. 
[08Apr2025 21:43:45.753] [modloading-worker-0/WARN] [net.minecraftforge.common.ForgeConfigSpec/CORE]: Incorrect key building.japanese_palette.Enable Paper Blocks was corrected from null to its default, true. 
[08Apr2025 21:43:45.753] [modloading-worker-0/WARN] [net.minecraftforge.common.ForgeConfigSpec/CORE]: Incorrect key building.japanese_palette.Enable Bamboo Mats was corrected from null to its default, true. 
[08Apr2025 21:43:45.753] [modloading-worker-0/WARN] [net.minecraftforge.common.ForgeConfigSpec/CORE]: Incorrect key building.leaf_carpet was corrected from null to its default, SimpleCommentedConfig:{}. 
[08Apr2025 21:43:45.753] [modloading-worker-0/WARN] [net.minecraftforge.common.ForgeConfigSpec/CORE]: Incorrect key building.leaf_carpet.Ignore Anti Overlap was corrected from null to its default, false. 
[08Apr2025 21:43:45.753] [modloading-worker-0/WARN] [net.minecraftforge.common.ForgeConfigSpec/CORE]: Incorrect key building.more_brick_types was corrected from null to its default, SimpleCommentedConfig:{}. 
[08Apr2025 21:43:45.753] [modloading-worker-0/WARN] [net.minecraftforge.common.ForgeConfigSpec/CORE]: Incorrect key building.more_brick_types.Enable Blue Nether Bricks was corrected from null to its default, true. 
[08Apr2025 21:43:45.753] [modloading-worker-0/WARN] [net.minecraftforge.common.ForgeConfigSpec/CORE]: Incorrect key building.more_brick_types.Enable Sandstone Bricks was corrected from null to its default, true. 
[08Apr2025 21:43:45.753] [modloading-worker-0/WARN] [net.minecraftforge.common.ForgeConfigSpec/CORE]: Incorrect key building.more_brick_types.Enable Cobblestone Bricks was corrected from null to its default, true. 
[08Apr2025 21:43:45.753] [modloading-worker-0/WARN] [net.minecraftforge.common.ForgeConfigSpec/CORE]: Incorrect key building.more_brick_types.Enable Blackstone Bricks was corrected from null to its default, true. 
[08Apr2025 21:43:45.754] [modloading-worker-0/WARN] [net.minecraftforge.common.ForgeConfigSpec/CORE]: Incorrect key building.more_brick_types.Enable Dirt Bricks was corrected from null to its default, true. 
[08Apr2025 21:43:45.754] [modloading-worker-0/WARN] [net.minecraftforge.common.ForgeConfigSpec/CORE]: Incorrect key building.more_brick_types.Enable Netherrack Bricks was corrected from null to its default, true. 
[08Apr2025 21:43:45.754] [modloading-worker-0/WARN] [net.minecraftforge.common.ForgeConfigSpec/CORE]: Incorrect key building.rainbow_lamps was corrected from null to its default, SimpleCommentedConfig:{}. 
[08Apr2025 21:43:45.754] [modloading-worker-0/WARN] [net.minecraftforge.common.ForgeConfigSpec/CORE]: Incorrect key building.rainbow_lamps.Light Level was corrected from null to its default, 15. 
[08Apr2025 21:43:45.754] [modloading-worker-0/WARN] [net.minecraftforge.common.ForgeConfigSpec/CORE]: Incorrect key building.rainbow_lamps.Use Corundum was corrected from null to its default, true. 
[08Apr2025 21:43:45.754] [modloading-worker-0/WARN] [net.minecraftforge.common.ForgeConfigSpec/CORE]: Incorrect key building.rope was corrected from null to its default, SimpleCommentedConfig:{}. 
[08Apr2025 21:43:45.754] [modloading-worker-0/WARN] [net.minecraftforge.common.ForgeConfigSpec/CORE]: Incorrect key building.rope.Force Enable Move Tile Entities was corrected from null to its default, false. 
[08Apr2025 21:43:45.754] [modloading-worker-0/WARN] [net.minecraftforge.common.ForgeConfigSpec/CORE]: Incorrect key building.rope.Enable Dispenser Behavior was corrected from null to its default, true. 
[08Apr2025 21:43:45.754] [modloading-worker-0/WARN] [net.minecraftforge.common.ForgeConfigSpec/CORE]: Incorrect key building.thatch was corrected from null to its default, SimpleCommentedConfig:{}. 
[08Apr2025 21:43:45.754] [modloading-worker-0/WARN] [net.minecraftforge.common.ForgeConfigSpec/CORE]: Incorrect key building.thatch.Fall Damage Multiplier was corrected from null to its default, 0.5. 
[08Apr2025 21:43:45.755] [modloading-worker-0/WARN] [net.minecraftforge.common.ForgeConfigSpec/CORE]: Incorrect key building.thatch.Ignore Anti Overlap was corrected from null to its default, false. 
[08Apr2025 21:43:45.755] [modloading-worker-0/WARN] [net.minecraftforge.common.ForgeConfigSpec/CORE]: Incorrect key building.variant_bookshelves was corrected from null to its default, SimpleCommentedConfig:{}. 
[08Apr2025 21:43:45.755] [modloading-worker-0/WARN] [net.minecraftforge.common.ForgeConfigSpec/CORE]: Incorrect key building.variant_bookshelves.Change Names was corrected from null to its default, true. 
[08Apr2025 21:43:45.755] [modloading-worker-0/WARN] [net.minecraftforge.common.ForgeConfigSpec/CORE]: Incorrect key building.variant_bookshelves.Ignore Anti Overlap was corrected from null to its default, false. 
[08Apr2025 21:43:45.755] [modloading-worker-0/WARN] [net.minecraftforge.common.ForgeConfigSpec/CORE]: Incorrect key building.variant_chests was corrected from null to its default, SimpleCommentedConfig:{}. 
[08Apr2025 21:43:45.755] [modloading-worker-0/WARN] [net.minecraftforge.common.ForgeConfigSpec/CORE]: Incorrect key building.variant_chests.Enable Reverting Wooden Chests was corrected from null to its default, true. 
[08Apr2025 21:43:45.755] [modloading-worker-0/WARN] [net.minecraftforge.common.ForgeConfigSpec/CORE]: Incorrect key building.variant_chests.Replace Worldgen Chests was corrected from null to its default, true. 
[08Apr2025 21:43:45.755] [modloading-worker-0/WARN] [net.minecraftforge.common.ForgeConfigSpec/CORE]: Incorrect key building.variant_chests.Structure Chests was corrected from null to its default, []. 
[08Apr2025 21:43:45.756] [modloading-worker-0/WARN] [net.minecraftforge.common.ForgeConfigSpec/CORE]: Incorrect key building.variant_chests.Ignore Anti Overlap was corrected from null to its default, false. 
[08Apr2025 21:43:45.756] [modloading-worker-0/WARN] [net.minecraftforge.common.ForgeConfigSpec/CORE]: Incorrect key building.variant_ladders was corrected from null to its default, SimpleCommentedConfig:{}. 
[08Apr2025 21:43:45.756] [modloading-worker-0/WARN] [net.minecraftforge.common.ForgeConfigSpec/CORE]: Incorrect key building.variant_ladders.Change Names was corrected from null to its default, true. 
[08Apr2025 21:43:45.756] [modloading-worker-0/WARN] [net.minecraftforge.common.ForgeConfigSpec/CORE]: Incorrect key building.variant_ladders.Ignore Anti Overlap was corrected from null to its default, false. 
[08Apr2025 21:43:45.756] [modloading-worker-0/WARN] [net.minecraftforge.common.ForgeConfigSpec/CORE]: Incorrect key building.vertical_planks was corrected from null to its default, SimpleCommentedConfig:{}. 
[08Apr2025 21:43:45.756] [modloading-worker-0/WARN] [net.minecraftforge.common.ForgeConfigSpec/CORE]: Incorrect key building.vertical_planks.Ignore Anti Overlap was corrected from null to its default, false. 
[08Apr2025 21:43:45.758] [modloading-worker-0/WARN] [net.minecraftforge.common.ForgeConfigSpec/CORE]: Incorrect key building.vertical_slabs was corrected from null to its default, SimpleCommentedConfig:{}. 
[08Apr2025 21:43:45.759] [modloading-worker-0/WARN] [net.minecraftforge.common.ForgeConfigSpec/CORE]: Incorrect key building.vertical_slabs.Allow Side Connections was corrected from null to its default, true. 
[08Apr2025 21:43:45.759] [modloading-worker-0/WARN] [net.minecraftforge.common.ForgeConfigSpec/CORE]: Incorrect key building.more_stone_variants was corrected from null to its default, SimpleCommentedConfig:{}. 
[08Apr2025 21:43:45.759] [modloading-worker-0/WARN] [net.minecraftforge.common.ForgeConfigSpec/CORE]: Incorrect key building.more_stone_variants.Enable Bricks was corrected from null to its default, true. 
[08Apr2025 21:43:45.759] [modloading-worker-0/WARN] [net.minecraftforge.common.ForgeConfigSpec/CORE]: Incorrect key building.more_stone_variants.Enable Chiseled Bricks was corrected from null to its default, true. 
[08Apr2025 21:43:45.759] [modloading-worker-0/WARN] [net.minecraftforge.common.ForgeConfigSpec/CORE]: Incorrect key building.more_stone_variants.Enable Pillar was corrected from null to its default, true. 
[08Apr2025 21:43:45.760] [modloading-worker-0/WARN] [net.minecraftforge.common.ForgeConfigSpec/CORE]: Incorrect key management was corrected from null to its default, SimpleCommentedConfig:{}. 
[08Apr2025 21:43:45.760] [modloading-worker-0/WARN] [net.minecraftforge.common.ForgeConfigSpec/CORE]: Incorrect key management.Automatic Tool Restock was corrected from null to its default, true. 
[08Apr2025 21:43:45.760] [modloading-worker-0/WARN] [net.minecraftforge.common.ForgeConfigSpec/CORE]: Incorrect key management.Easy Transfering was corrected from null to its default, true. 
[08Apr2025 21:43:45.760] [modloading-worker-0/WARN] [net.minecraftforge.common.ForgeConfigSpec/CORE]: Incorrect key management.Expanded Item Interactions was corrected from null to its default, true. 
[08Apr2025 21:43:45.760] [modloading-worker-0/WARN] [net.minecraftforge.common.ForgeConfigSpec/CORE]: Incorrect key management.Hotbar Changer was corrected from null to its default, true. 
[08Apr2025 21:43:45.761] [modloading-worker-0/WARN] [net.minecraftforge.common.ForgeConfigSpec/CORE]: Incorrect key management.Inventory Sorting was corrected from null to its default, true. 
[08Apr2025 21:43:45.761] [modloading-worker-0/WARN] [net.minecraftforge.common.ForgeConfigSpec/CORE]: Incorrect key management.Item Sharing was corrected from null to its default, true. 
[08Apr2025 21:43:45.761] [modloading-worker-0/WARN] [net.minecraftforge.common.ForgeConfigSpec/CORE]: Incorrect key management.Quick Armor Swapping was corrected from null to its default, true. 
[08Apr2025 21:43:45.763] [modloading-worker-0/WARN] [net.minecraftforge.common.ForgeConfigSpec/CORE]: Incorrect key management.automatic_tool_restock was corrected from null to its default, SimpleCommentedConfig:{}. 
[08Apr2025 21:43:45.763] [modloading-worker-0/WARN] [net.minecraftforge.common.ForgeConfigSpec/CORE]: Incorrect key management.automatic_tool_restock.Important Enchantments was corrected from null to its default, [minecraft:silk_touch, minecraft:fortune, minecraft:infinity, minecraft:luck_of_the_sea, minecraft:looting]. 
[08Apr2025 21:43:45.763] [modloading-worker-0/WARN] [net.minecraftforge.common.ForgeConfigSpec/CORE]: Incorrect key management.automatic_tool_restock.Enable Loose Matching was corrected from null to its default, true. 
[08Apr2025 21:43:45.764] [modloading-worker-0/WARN] [net.minecraftforge.common.ForgeConfigSpec/CORE]: Incorrect key management.automatic_tool_restock.Enable Enchant Matching was corrected from null to its default, true. 
[08Apr2025 21:43:45.764] [modloading-worker-0/WARN] [net.minecraftforge.common.ForgeConfigSpec/CORE]: Incorrect key management.automatic_tool_restock.Check Hotbar was corrected from null to its default, false. 
[08Apr2025 21:43:45.764] [modloading-worker-0/WARN] [net.minecraftforge.common.ForgeConfigSpec/CORE]: Incorrect key management.automatic_tool_restock.Unstackables Only was corrected from null to its default, false. 
[08Apr2025 21:43:45.764] [modloading-worker-0/WARN] [net.minecraftforge.common.ForgeConfigSpec/CORE]: Incorrect key management.automatic_tool_restock.Ignored Items was corrected from null to its default, [botania:exchange_rod, botania:dirt_rod, botania:skydirt_rod, botania:cobble_rod]. 
[08Apr2025 21:43:45.764] [modloading-worker-0/WARN] [net.minecraftforge.common.ForgeConfigSpec/CORE]: Incorrect key management.automatic_tool_restock.Ignore Anti Overlap was corrected from null to its default, false. 
[08Apr2025 21:43:45.764] [modloading-worker-0/WARN] [net.minecraftforge.common.ForgeConfigSpec/CORE]: Incorrect key management.easy_transfering was corrected from null to its default, SimpleCommentedConfig:{}. 
[08Apr2025 21:43:45.764] [modloading-worker-0/WARN] [net.minecraftforge.common.ForgeConfigSpec/CORE]: Incorrect key management.easy_transfering.Enable Shift Lock was corrected from null to its default, true. 
[08Apr2025 21:43:45.764] [modloading-worker-0/WARN] [net.minecraftforge.common.ForgeConfigSpec/CORE]: Incorrect key management.expanded_item_interactions was corrected from null to its default, SimpleCommentedConfig:{}. 
[08Apr2025 21:43:45.765] [modloading-worker-0/WARN] [net.minecraftforge.common.ForgeConfigSpec/CORE]: Incorrect key management.expanded_item_interactions.Enable Armor Interaction was corrected from null to its default, true. 
[08Apr2025 21:43:45.765] [modloading-worker-0/WARN] [net.minecraftforge.common.ForgeConfigSpec/CORE]: Incorrect key management.expanded_item_interactions.Enable Shulker Box Interaction was corrected from null to its default, true. 
[08Apr2025 21:43:45.765] [modloading-worker-0/WARN] [net.minecraftforge.common.ForgeConfigSpec/CORE]: Incorrect key management.expanded_item_interactions.Enable Lava Interaction was corrected from null to its default, true. 
[08Apr2025 21:43:45.765] [modloading-worker-0/WARN] [net.minecraftforge.common.ForgeConfigSpec/CORE]: Incorrect key management.expanded_item_interactions.Allow Opening Shulker Boxes was corrected from null to its default, true. 
[08Apr2025 21:43:45.765] [modloading-worker-0/WARN] [net.minecraftforge.common.ForgeConfigSpec/CORE]: Incorrect key management.expanded_item_interactions.Allow Rotating Bundles was corrected from null to its default, true. 
[08Apr2025 21:43:45.765] [modloading-worker-0/WARN] [net.minecraftforge.common.ForgeConfigSpec/CORE]: Incorrect key management.inventory_sorting was corrected from null to its default, SimpleCommentedConfig:{}. 
[08Apr2025 21:43:45.765] [modloading-worker-0/WARN] [net.minecraftforge.common.ForgeConfigSpec/CORE]: Incorrect key management.inventory_sorting.Enable Player Inventory was corrected from null to its default, true. 
[08Apr2025 21:43:45.765] [modloading-worker-0/WARN] [net.minecraftforge.common.ForgeConfigSpec/CORE]: Incorrect key management.inventory_sorting.Enable Player Inventory In Chests was corrected from null to its default, true. 
[08Apr2025 21:43:45.765] [modloading-worker-0/WARN] [net.minecraftforge.common.ForgeConfigSpec/CORE]: Incorrect key management.inventory_sorting.Enable Chests was corrected from null to its default, true. 
[08Apr2025 21:43:45.765] [modloading-worker-0/WARN] [net.minecraftforge.common.ForgeConfigSpec/CORE]: Incorrect key management.inventory_sorting.Satisfying Click was corrected from null to its default, true. 
[08Apr2025 21:43:45.766] [modloading-worker-0/WARN] [net.minecraftforge.common.ForgeConfigSpec/CORE]: Incorrect key management.item_sharing was corrected from null to its default, SimpleCommentedConfig:{}. 
[08Apr2025 21:43:45.766] [modloading-worker-0/WARN] [net.minecraftforge.common.ForgeConfigSpec/CORE]: Incorrect key management.item_sharing.Cooldown was corrected from null to its default, 100. 
[08Apr2025 21:43:45.766] [modloading-worker-0/WARN] [net.minecraftforge.common.ForgeConfigSpec/CORE]: Incorrect key management.item_sharing.Render Items In Chat was corrected from null to its default, true. 
[08Apr2025 21:43:45.766] [modloading-worker-0/WARN] [net.minecraftforge.common.ForgeConfigSpec/CORE]: Incorrect key management.quick_armor_swapping was corrected from null to its default, SimpleCommentedConfig:{}. 
[08Apr2025 21:43:45.768] [modloading-worker-0/WARN] [net.minecraftforge.common.ForgeConfigSpec/CORE]: Incorrect key management.quick_armor_swapping.Swap Off Hand was corrected from null to its default, true. 
[08Apr2025 21:43:45.769] [modloading-worker-0/WARN] [net.minecraftforge.common.ForgeConfigSpec/CORE]: Incorrect key tools was corrected from null to its default, SimpleCommentedConfig:{}. 
[08Apr2025 21:43:45.770] [modloading-worker-0/WARN] [net.minecraftforge.common.ForgeConfigSpec/CORE]: Incorrect key tools.Abacus was corrected from null to its default, true. 
[08Apr2025 21:43:45.770] [modloading-worker-0/WARN] [net.minecraftforge.common.ForgeConfigSpec/CORE]: Incorrect key tools.Ambient Discs was corrected from null to its default, true. 
[08Apr2025 21:43:45.770] [modloading-worker-0/WARN] [net.minecraftforge.common.ForgeConfigSpec/CORE]: Incorrect key tools.Ancient Tomes was corrected from null to its default, true. 
[08Apr2025 21:43:45.770] [modloading-worker-0/WARN] [net.minecraftforge.common.ForgeConfigSpec/CORE]: Incorrect key tools.Beacon Redirection was corrected from null to its default, true. 
[08Apr2025 21:43:45.770] [modloading-worker-0/WARN] [net.minecraftforge.common.ForgeConfigSpec/CORE]: Incorrect key tools.Bottled Cloud was corrected from null to its default, true. 
[08Apr2025 21:43:45.771] [modloading-worker-0/WARN] [net.minecraftforge.common.ForgeConfigSpec/CORE]: Incorrect key tools.Color Runes was corrected from null to its default, true. 
[08Apr2025 21:43:45.771] [modloading-worker-0/WARN] [net.minecraftforge.common.ForgeConfigSpec/CORE]: Incorrect key tools.Endermosh Music Disc was corrected from null to its default, true. 
[08Apr2025 21:43:45.771] [modloading-worker-0/WARN] [net.minecraftforge.common.ForgeConfigSpec/CORE]: Incorrect key tools.Parrot Eggs was corrected from null to its default, true. 
[08Apr2025 21:43:45.771] [modloading-worker-0/WARN] [net.minecraftforge.common.ForgeConfigSpec/CORE]: Incorrect key tools.Pathfinder Maps was corrected from null to its default, true. 
[08Apr2025 21:43:45.771] [modloading-worker-0/WARN] [net.minecraftforge.common.ForgeConfigSpec/CORE]: Incorrect key tools.Pickarang was corrected from null to its default, true. 
[08Apr2025 21:43:45.771] [modloading-worker-0/WARN] [net.minecraftforge.common.ForgeConfigSpec/CORE]: Incorrect key tools.Seed Pouch was corrected from null to its default, true. 
[08Apr2025 21:43:45.771] [modloading-worker-0/WARN] [net.minecraftforge.common.ForgeConfigSpec/CORE]: Incorrect key tools.Skull Pikes was corrected from null to its default, true. 
[08Apr2025 21:43:45.771] [modloading-worker-0/WARN] [net.minecraftforge.common.ForgeConfigSpec/CORE]: Incorrect key tools.Slime In A Bucket was corrected from null to its default, true. 
[08Apr2025 21:43:45.771] [modloading-worker-0/WARN] [net.minecraftforge.common.ForgeConfigSpec/CORE]: Incorrect key tools.Torch Arrow was corrected from null to its default, true. 
[08Apr2025 21:43:45.771] [modloading-worker-0/WARN] [net.minecraftforge.common.ForgeConfigSpec/CORE]: Incorrect key tools.Trowel was corrected from null to its default, true. 
[08Apr2025 21:43:45.771] [modloading-worker-0/WARN] [net.minecraftforge.common.ForgeConfigSpec/CORE]: Incorrect key tools.abacus was corrected from null to its default, SimpleCommentedConfig:{}. 
[08Apr2025 21:43:45.772] [modloading-worker-0/WARN] [net.minecraftforge.common.ForgeConfigSpec/CORE]: Incorrect key tools.abacus.highlight_color was corrected from null to its default, SimpleCommentedConfig:{}. 
[08Apr2025 21:43:45.772] [modloading-worker-0/WARN] [net.minecraftforge.common.ForgeConfigSpec/CORE]: Incorrect key tools.abacus.highlight_color.A was corrected from null to its default, 0.4. 
[08Apr2025 21:43:45.772] [modloading-worker-0/WARN] [net.minecraftforge.common.ForgeConfigSpec/CORE]: Incorrect key tools.abacus.highlight_color.R was corrected from null to its default, 0.0. 
[08Apr2025 21:43:45.772] [modloading-worker-0/WARN] [net.minecraftforge.common.ForgeConfigSpec/CORE]: Incorrect key tools.abacus.highlight_color.G was corrected from null to its default, 0.0. 
[08Apr2025 21:43:45.773] [modloading-worker-0/WARN] [net.minecraftforge.common.ForgeConfigSpec/CORE]: Incorrect key tools.abacus.highlight_color.B was corrected from null to its default, 0.0. 
[08Apr2025 21:43:45.774] [modloading-worker-0/WARN] [net.minecraftforge.common.ForgeConfigSpec/CORE]: Incorrect key tools.ambient_discs was corrected from null to its default, SimpleCommentedConfig:{}. 
[08Apr2025 21:43:45.774] [modloading-worker-0/WARN] [net.minecraftforge.common.ForgeConfigSpec/CORE]: Incorrect key tools.ambient_discs.Drop On Spider Kill was corrected from null to its default, true. 
[08Apr2025 21:43:45.774] [modloading-worker-0/WARN] [net.minecraftforge.common.ForgeConfigSpec/CORE]: Incorrect key tools.ambient_discs.Volume was corrected from null to its default, 3.0. 
[08Apr2025 21:43:45.774] [modloading-worker-0/WARN] [net.minecraftforge.common.ForgeConfigSpec/CORE]: Incorrect key tools.ancient_tomes was corrected from null to its default, SimpleCommentedConfig:{}. 
[08Apr2025 21:43:45.774] [modloading-worker-0/WARN] [net.minecraftforge.common.ForgeConfigSpec/CORE]: Incorrect key tools.ancient_tomes.Loot Tables was corrected from null to its default, [minecraft:chests/stronghold_library,20, minecraft:chests/simple_dungeon,20, minecraft:chests/bastion_treasure,25, minecraft:chests/woodland_mansion,15, minecraft:chests/nether_bridge,0, minecraft:chests/underwater_ruin_big,0, minecraft:chests/underwater_ruin_small,0, minecraft:chests/ancient_city,4, quark:misc/monster_box,5]. 
[08Apr2025 21:43:45.774] [modloading-worker-0/WARN] [net.minecraftforge.common.ForgeConfigSpec/CORE]: Incorrect key tools.ancient_tomes.Item Quality was corrected from null to its default, 2. 
[08Apr2025 21:43:45.774] [modloading-worker-0/WARN] [net.minecraftforge.common.ForgeConfigSpec/CORE]: Incorrect key tools.ancient_tomes.Normal Upgrade Cost was corrected from null to its default, 10. 
[08Apr2025 21:43:45.774] [modloading-worker-0/WARN] [net.minecraftforge.common.ForgeConfigSpec/CORE]: Incorrect key tools.ancient_tomes.Limit Break Upgrade Cost was corrected from null to its default, 30. 
[08Apr2025 21:43:45.776] [modloading-worker-0/WARN] [net.minecraftforge.common.ForgeConfigSpec/CORE]: Incorrect key tools.ancient_tomes.Valid Enchantments was corrected from null to its default, [minecraft:feather_falling, minecraft:thorns, minecraft:sharpness, minecraft:smite, minecraft:bane_of_arthropods, minecraft:knockback, minecraft:fire_aspect, minecraft:looting, minecraft:sweeping, minecraft:efficiency, minecraft:unbreaking, minecraft:fortune, minecraft:power, minecraft:punch, minecraft:luck_of_the_sea, minecraft:lure, minecraft:loyalty, minecraft:riptide, minecraft:impaling, minecraft:piercing]. 
[08Apr2025 21:43:45.776] [modloading-worker-0/WARN] [net.minecraftforge.common.ForgeConfigSpec/CORE]: Incorrect key tools.ancient_tomes.Overleveled Books Glow Rainbow was corrected from null to its default, true. 
[08Apr2025 21:43:45.776] [modloading-worker-0/WARN] [net.minecraftforge.common.ForgeConfigSpec/CORE]: Incorrect key tools.ancient_tomes.Deepslate Tweak was corrected from null to its default, true. 
[08Apr2025 21:43:45.776] [modloading-worker-0/WARN] [net.minecraftforge.common.ForgeConfigSpec/CORE]: Incorrect key tools.ancient_tomes.Deepslate Tweak Needs Haste2 was corrected from null to its default, true. 
[08Apr2025 21:43:45.776] [modloading-worker-0/WARN] [net.minecraftforge.common.ForgeConfigSpec/CORE]: Incorrect key tools.ancient_tomes.Librarians Exchange Ancient Tomes was corrected from null to its default, true. 
[08Apr2025 21:43:45.776] [modloading-worker-0/WARN] [net.minecraftforge.common.ForgeConfigSpec/CORE]: Incorrect key tools.ancient_tomes.Curse Gear was corrected from null to its default, false. 
[08Apr2025 21:43:45.777] [modloading-worker-0/WARN] [net.minecraftforge.common.ForgeConfigSpec/CORE]: Incorrect key tools.ancient_tomes.Combine With Books was corrected from null to its default, true. 
[08Apr2025 21:43:45.777] [modloading-worker-0/WARN] [net.minecraftforge.common.ForgeConfigSpec/CORE]: Incorrect key tools.ancient_tomes.Sanity Check was corrected from null to its default, true. 
[08Apr2025 21:43:45.777] [modloading-worker-0/WARN] [net.minecraftforge.common.ForgeConfigSpec/CORE]: Incorrect key tools.beacon_redirection was corrected from null to its default, SimpleCommentedConfig:{}. 
[08Apr2025 21:43:45.778] [modloading-worker-0/WARN] [net.minecraftforge.common.ForgeConfigSpec/CORE]: Incorrect key tools.beacon_redirection.Horizontal Move Limit was corrected from null to its default, 64. 
[08Apr2025 21:43:45.778] [modloading-worker-0/WARN] [net.minecraftforge.common.ForgeConfigSpec/CORE]: Incorrect key tools.beacon_redirection.Allow Tinted Glass Transparency was corrected from null to its default, true. 
[08Apr2025 21:43:45.778] [modloading-worker-0/WARN] [net.minecraftforge.common.ForgeConfigSpec/CORE]: Incorrect key tools.bottled_cloud was corrected from null to its default, SimpleCommentedConfig:{}. 
[08Apr2025 21:43:45.778] [modloading-worker-0/WARN] [net.minecraftforge.common.ForgeConfigSpec/CORE]: Incorrect key tools.bottled_cloud.Cloud Level Bottom was corrected from null to its default, 191. 
[08Apr2025 21:43:45.778] [modloading-worker-0/WARN] [net.minecraftforge.common.ForgeConfigSpec/CORE]: Incorrect key tools.bottled_cloud.Cloud Level Top was corrected from null to its default, 196. 
[08Apr2025 21:43:45.778] [modloading-worker-0/WARN] [net.minecraftforge.common.ForgeConfigSpec/CORE]: Incorrect key tools.color_runes was corrected from null to its default, SimpleCommentedConfig:{}. 
[08Apr2025 21:43:45.778] [modloading-worker-0/WARN] [net.minecraftforge.common.ForgeConfigSpec/CORE]: Incorrect key tools.color_runes.Dungeon Weight was corrected from null to its default, 10. 
[08Apr2025 21:43:45.778] [modloading-worker-0/WARN] [net.minecraftforge.common.ForgeConfigSpec/CORE]: Incorrect key tools.color_runes.Nether Fortress Weight was corrected from null to its default, 8. 
[08Apr2025 21:43:45.779] [modloading-worker-0/WARN] [net.minecraftforge.common.ForgeConfigSpec/CORE]: Incorrect key tools.color_runes.Jungle Temple Weight was corrected from null to its default, 8. 
[08Apr2025 21:43:45.779] [modloading-worker-0/WARN] [net.minecraftforge.common.ForgeConfigSpec/CORE]: Incorrect key tools.color_runes.Desert Temple Weight was corrected from null to its default, 8. 
[08Apr2025 21:43:45.779] [modloading-worker-0/WARN] [net.minecraftforge.common.ForgeConfigSpec/CORE]: Incorrect key tools.color_runes.Item Quality was corrected from null to its default, 0. 
[08Apr2025 21:43:45.779] [modloading-worker-0/WARN] [net.minecraftforge.common.ForgeConfigSpec/CORE]: Incorrect key tools.endermosh_music_disc was corrected from null to its default, SimpleCommentedConfig:{}. 
[08Apr2025 21:43:45.779] [modloading-worker-0/WARN] [net.minecraftforge.common.ForgeConfigSpec/CORE]: Incorrect key tools.endermosh_music_disc.Play Endermosh During Enderdragon Fight was corrected from null to its default, false. 
[08Apr2025 21:43:45.779] [modloading-worker-0/WARN] [net.minecraftforge.common.ForgeConfigSpec/CORE]: Incorrect key tools.endermosh_music_disc.Add To End City Loot was corrected from null to its default, true. 
[08Apr2025 21:43:45.779] [modloading-worker-0/WARN] [net.minecraftforge.common.ForgeConfigSpec/CORE]: Incorrect key tools.endermosh_music_disc.Loot Weight was corrected from null to its default, 5. 
[08Apr2025 21:43:45.779] [modloading-worker-0/WARN] [net.minecraftforge.common.ForgeConfigSpec/CORE]: Incorrect key tools.endermosh_music_disc.Loot Quality was corrected from null to its default, 1. 
[08Apr2025 21:43:45.779] [modloading-worker-0/WARN] [net.minecraftforge.common.ForgeConfigSpec/CORE]: Incorrect key tools.parrot_eggs was corrected from null to its default, SimpleCommentedConfig:{}. 
[08Apr2025 21:43:45.779] [modloading-worker-0/WARN] [net.minecraftforge.common.ForgeConfigSpec/CORE]: Incorrect key tools.parrot_eggs.Chance was corrected from null to its default, 0.05. 
[08Apr2025 21:43:45.780] [modloading-worker-0/WARN] [net.minecraftforge.common.ForgeConfigSpec/CORE]: Incorrect key tools.parrot_eggs.Egg Time was corrected from null to its default, 12000. 
[08Apr2025 21:43:45.780] [modloading-worker-0/WARN] [net.minecraftforge.common.ForgeConfigSpec/CORE]: Incorrect key tools.parrot_eggs.Enable Special Awesome Parrot was corrected from null to its default, true. 
[08Apr2025 21:43:45.780] [modloading-worker-0/WARN] [net.minecraftforge.common.ForgeConfigSpec/CORE]: Incorrect key tools.pathfinder_maps was corrected from null to its default, SimpleCommentedConfig:{}. 
[08Apr2025 21:43:45.781] [modloading-worker-0/WARN] [net.minecraftforge.common.ForgeConfigSpec/CORE]: Incorrect key tools.pathfinder_maps.Customs was corrected from null to its default, []. 
[08Apr2025 21:43:45.782] [modloading-worker-0/WARN] [net.minecraftforge.common.ForgeConfigSpec/CORE]: Incorrect key tools.pathfinder_maps.Apply Default Trades was corrected from null to its default, true. 
[08Apr2025 21:43:45.782] [modloading-worker-0/WARN] [net.minecraftforge.common.ForgeConfigSpec/CORE]: Incorrect key tools.pathfinder_maps.Pathfinders Quill Speed was corrected from null to its default, 32. 
[08Apr2025 21:43:45.782] [modloading-worker-0/WARN] [net.minecraftforge.common.ForgeConfigSpec/CORE]: Incorrect key tools.pathfinder_maps.Multi Threaded was corrected from null to its default, true. 
[08Apr2025 21:43:45.782] [modloading-worker-0/WARN] [net.minecraftforge.common.ForgeConfigSpec/CORE]: Incorrect key tools.pathfinder_maps.Allow Retrying was corrected from null to its default, true. 
[08Apr2025 21:43:45.782] [modloading-worker-0/WARN] [net.minecraftforge.common.ForgeConfigSpec/CORE]: Incorrect key tools.pathfinder_maps.Search Radius was corrected from null to its default, 6400. 
[08Apr2025 21:43:45.782] [modloading-worker-0/WARN] [net.minecraftforge.common.ForgeConfigSpec/CORE]: Incorrect key tools.pathfinder_maps.Xp From Trade was corrected from null to its default, 5. 
[08Apr2025 21:43:45.782] [modloading-worker-0/WARN] [net.minecraftforge.common.ForgeConfigSpec/CORE]: Incorrect key tools.pathfinder_maps.Add To Cartographer was corrected from null to its default, true. 
[08Apr2025 21:43:45.782] [modloading-worker-0/WARN] [net.minecraftforge.common.ForgeConfigSpec/CORE]: Incorrect key tools.pathfinder_maps.Add To Wandering Trader Forced was corrected from null to its default, true. 
[08Apr2025 21:43:45.782] [modloading-worker-0/WARN] [net.minecraftforge.common.ForgeConfigSpec/CORE]: Incorrect key tools.pathfinder_maps.Add To Wandering Trader Generic was corrected from null to its default, false. 
[08Apr2025 21:43:45.782] [modloading-worker-0/WARN] [net.minecraftforge.common.ForgeConfigSpec/CORE]: Incorrect key tools.pathfinder_maps.Add To Wandering Trader Rare was corrected from null to its default, false. 
[08Apr2025 21:43:45.782] [modloading-worker-0/WARN] [net.minecraftforge.common.ForgeConfigSpec/CORE]: Incorrect key tools.pathfinder_maps.Draw Hud was corrected from null to its default, true. 
[08Apr2025 21:43:45.782] [modloading-worker-0/WARN] [net.minecraftforge.common.ForgeConfigSpec/CORE]: Incorrect key tools.pathfinder_maps.Hud On Top was corrected from null to its default, false. 
[08Apr2025 21:43:45.783] [modloading-worker-0/WARN] [net.minecraftforge.common.ForgeConfigSpec/CORE]: Incorrect key tools.pickarang was corrected from null to its default, SimpleCommentedConfig:{}. 
[08Apr2025 21:43:45.783] [modloading-worker-0/WARN] [net.minecraftforge.common.ForgeConfigSpec/CORE]: Incorrect key tools.pickarang.Enable Flamerang was corrected from null to its default, true. 
[08Apr2025 21:43:45.783] [modloading-worker-0/WARN] [net.minecraftforge.common.ForgeConfigSpec/CORE]: Incorrect key tools.pickarang.Never Use Heart Of Diamond was corrected from null to its default, false. 
[08Apr2025 21:43:45.783] [modloading-worker-0/WARN] [net.minecraftforge.common.ForgeConfigSpec/CORE]: Incorrect key tools.pickarang.pickarang was corrected from null to its default, SimpleCommentedConfig:{}. 
[08Apr2025 21:43:45.783] [modloading-worker-0/WARN] [net.minecraftforge.common.ForgeConfigSpec/CORE]: Incorrect key tools.pickarang.pickarang.Timeout was corrected from null to its default, 20. 
[08Apr2025 21:43:45.783] [modloading-worker-0/WARN] [net.minecraftforge.common.ForgeConfigSpec/CORE]: Incorrect key tools.pickarang.pickarang.Harvest Level was corrected from null to its default, 3. 
[08Apr2025 21:43:45.783] [modloading-worker-0/WARN] [net.minecraftforge.common.ForgeConfigSpec/CORE]: Incorrect key tools.pickarang.pickarang.Durability was corrected from null to its default, 800. 
[08Apr2025 21:43:45.783] [modloading-worker-0/WARN] [net.minecraftforge.common.ForgeConfigSpec/CORE]: Incorrect key tools.pickarang.pickarang.Max Hardness was corrected from null to its default, 20.0. 
[08Apr2025 21:43:45.784] [modloading-worker-0/WARN] [net.minecraftforge.common.ForgeConfigSpec/CORE]: Incorrect key tools.pickarang.pickarang.Attack Damage was corrected from null to its default, 2. 
[08Apr2025 21:43:45.784] [modloading-worker-0/WARN] [net.minecraftforge.common.ForgeConfigSpec/CORE]: Incorrect key tools.pickarang.pickarang.Cooldown was corrected from null to its default, 10. 
[08Apr2025 21:43:45.784] [modloading-worker-0/WARN] [net.minecraftforge.common.ForgeConfigSpec/CORE]: Incorrect key tools.pickarang.pickarang.Can Act As Hoe was corrected from null to its default, false. 
[08Apr2025 21:43:45.784] [modloading-worker-0/WARN] [net.minecraftforge.common.ForgeConfigSpec/CORE]: Incorrect key tools.pickarang.pickarang.Can Act As Shovel was corrected from null to its default, true. 
[08Apr2025 21:43:45.784] [modloading-worker-0/WARN] [net.minecraftforge.common.ForgeConfigSpec/CORE]: Incorrect key tools.pickarang.pickarang.Can Act As Axe was corrected from null to its default, true. 
[08Apr2025 21:43:45.784] [modloading-worker-0/WARN] [net.minecraftforge.common.ForgeConfigSpec/CORE]: Incorrect key tools.pickarang.flamerang was corrected from null to its default, SimpleCommentedConfig:{}. 
[08Apr2025 21:43:45.784] [modloading-worker-0/WARN] [net.minecraftforge.common.ForgeConfigSpec/CORE]: Incorrect key tools.pickarang.flamerang.Timeout was corrected from null to its default, 20. 
[08Apr2025 21:43:45.785] [modloading-worker-0/WARN] [net.minecraftforge.common.ForgeConfigSpec/CORE]: Incorrect key tools.pickarang.flamerang.Harvest Level was corrected from null to its default, 4. 
[08Apr2025 21:43:45.785] [modloading-worker-0/WARN] [net.minecraftforge.common.ForgeConfigSpec/CORE]: Incorrect key tools.pickarang.flamerang.Durability was corrected from null to its default, 1040. 
[08Apr2025 21:43:45.785] [modloading-worker-0/WARN] [net.minecraftforge.common.ForgeConfigSpec/CORE]: Incorrect key tools.pickarang.flamerang.Max Hardness was corrected from null to its default, 20.0. 
[08Apr2025 21:43:45.785] [modloading-worker-0/WARN] [net.minecraftforge.common.ForgeConfigSpec/CORE]: Incorrect key tools.pickarang.flamerang.Attack Damage was corrected from null to its default, 3. 
[08Apr2025 21:43:45.785] [modloading-worker-0/WARN] [net.minecraftforge.common.ForgeConfigSpec/CORE]: Incorrect key tools.pickarang.flamerang.Cooldown was corrected from null to its default, 10. 
[08Apr2025 21:43:45.785] [modloading-worker-0/WARN] [net.minecraftforge.common.ForgeConfigSpec/CORE]: Incorrect key tools.pickarang.flamerang.Can Act As Hoe was corrected from null to its default, false. 
[08Apr2025 21:43:45.786] [modloading-worker-0/WARN] [net.minecraftforge.common.ForgeConfigSpec/CORE]: Incorrect key tools.pickarang.flamerang.Can Act As Shovel was corrected from null to its default, true. 
[08Apr2025 21:43:45.786] [modloading-worker-0/WARN] [net.minecraftforge.common.ForgeConfigSpec/CORE]: Incorrect key tools.pickarang.flamerang.Can Act As Axe was corrected from null to its default, true. 
[08Apr2025 21:43:45.786] [modloading-worker-0/WARN] [net.minecraftforge.common.ForgeConfigSpec/CORE]: Incorrect key tools.seed_pouch was corrected from null to its default, SimpleCommentedConfig:{}. 
[08Apr2025 21:43:45.786] [modloading-worker-0/WARN] [net.minecraftforge.common.ForgeConfigSpec/CORE]: Incorrect key tools.seed_pouch.Max Items was corrected from null to its default, 640. 
[08Apr2025 21:43:45.786] [modloading-worker-0/WARN] [net.minecraftforge.common.ForgeConfigSpec/CORE]: Incorrect key tools.seed_pouch.Show All Variants In Creative was corrected from null to its default, true. 
[08Apr2025 21:43:45.786] [modloading-worker-0/WARN] [net.minecraftforge.common.ForgeConfigSpec/CORE]: Incorrect key tools.seed_pouch.Shift Range was corrected from null to its default, 3. 
[08Apr2025 21:43:45.786] [modloading-worker-0/WARN] [net.minecraftforge.common.ForgeConfigSpec/CORE]: Incorrect key tools.seed_pouch.Allow Fertilizer was corrected from null to its default, true. 
[08Apr2025 21:43:45.787] [modloading-worker-0/WARN] [net.minecraftforge.common.ForgeConfigSpec/CORE]: Incorrect key tools.seed_pouch.Fertilizer Shift Range was corrected from null to its default, 3. 
[08Apr2025 21:43:45.787] [modloading-worker-0/WARN] [net.minecraftforge.common.ForgeConfigSpec/CORE]: Incorrect key tools.skull_pikes was corrected from null to its default, SimpleCommentedConfig:{}. 
[08Apr2025 21:43:45.787] [modloading-worker-0/WARN] [net.minecraftforge.common.ForgeConfigSpec/CORE]: Incorrect key tools.skull_pikes.Pike Range was corrected from null to its default, 5.0. 
[08Apr2025 21:43:45.787] [modloading-worker-0/WARN] [net.minecraftforge.common.ForgeConfigSpec/CORE]: Incorrect key tools.torch_arrow was corrected from null to its default, SimpleCommentedConfig:{}. 
[08Apr2025 21:43:45.787] [modloading-worker-0/WARN] [net.minecraftforge.common.ForgeConfigSpec/CORE]: Incorrect key tools.torch_arrow.Extinguish On Miss was corrected from null to its default, false. 
[08Apr2025 21:43:45.787] [modloading-worker-0/WARN] [net.minecraftforge.common.ForgeConfigSpec/CORE]: Incorrect key tools.trowel was corrected from null to its default, SimpleCommentedConfig:{}. 
[08Apr2025 21:43:45.787] [modloading-worker-0/WARN] [net.minecraftforge.common.ForgeConfigSpec/CORE]: Incorrect key tools.trowel.Trowel Max Durability was corrected from null to its default, 0. 
[08Apr2025 21:43:45.789] [modloading-worker-0/WARN] [net.minecraftforge.common.ForgeConfigSpec/CORE]: Incorrect key tweaks was corrected from null to its default, SimpleCommentedConfig:{}. 
[08Apr2025 21:43:45.789] [modloading-worker-0/WARN] [net.minecraftforge.common.ForgeConfigSpec/CORE]: Incorrect key tweaks.Armed Armor Stands was corrected from null to its default, true. 
[08Apr2025 21:43:45.789] [modloading-worker-0/WARN] [net.minecraftforge.common.ForgeConfigSpec/CORE]: Incorrect key tweaks.Automatic Recipe Unlock was corrected from null to its default, true. 
[08Apr2025 21:43:45.789] [modloading-worker-0/WARN] [net.minecraftforge.common.ForgeConfigSpec/CORE]: Incorrect key tweaks.Better Elytra Rocket was corrected from null to its default, true. 
[08Apr2025 21:43:45.789] [modloading-worker-0/WARN] [net.minecraftforge.common.ForgeConfigSpec/CORE]: Incorrect key tweaks.Campfires Boost Elytra was corrected from null to its default, true. 
[08Apr2025 21:43:45.789] [modloading-worker-0/WARN] [net.minecraftforge.common.ForgeConfigSpec/CORE]: Incorrect key tweaks.Compasses Work Everywhere was corrected from null to its default, true. 
[08Apr2025 21:43:45.789] [modloading-worker-0/WARN] [net.minecraftforge.common.ForgeConfigSpec/CORE]: Incorrect key tweaks.Coral On Cactus was corrected from null to its default, true. 
[08Apr2025 21:43:45.789] [modloading-worker-0/WARN] [net.minecraftforge.common.ForgeConfigSpec/CORE]: Incorrect key tweaks.Diamond Repair was corrected from null to its default, true. 
[08Apr2025 21:43:45.790] [modloading-worker-0/WARN] [net.minecraftforge.common.ForgeConfigSpec/CORE]: Incorrect key tweaks.Double Door Opening was corrected from null to its default, true. 
[08Apr2025 21:43:45.790] [modloading-worker-0/WARN] [net.minecraftforge.common.ForgeConfigSpec/CORE]: Incorrect key tweaks.Dragon Scales was corrected from null to its default, true. 
[08Apr2025 21:43:45.790] [modloading-worker-0/WARN] [net.minecraftforge.common.ForgeConfigSpec/CORE]: Incorrect key tweaks.Dyeable Item Frames was corrected from null to its default, true. 
[08Apr2025 21:43:45.790] [modloading-worker-0/WARN] [net.minecraftforge.common.ForgeConfigSpec/CORE]: Incorrect key tweaks.Emotes was corrected from null to its default, true. 
[08Apr2025 21:43:45.790] [modloading-worker-0/WARN] [net.minecraftforge.common.ForgeConfigSpec/CORE]: Incorrect key tweaks.Enhanced Ladders was corrected from null to its default, true. 
[08Apr2025 21:43:45.790] [modloading-worker-0/WARN] [net.minecraftforge.common.ForgeConfigSpec/CORE]: Incorrect key tweaks.Glass Shard was corrected from null to its default, true. 
[08Apr2025 21:43:45.791] [modloading-worker-0/WARN] [net.minecraftforge.common.ForgeConfigSpec/CORE]: Incorrect key tweaks.Gold Tools Have Fortune was corrected from null to its default, true. 
[08Apr2025 21:43:45.791] [modloading-worker-0/WARN] [net.minecraftforge.common.ForgeConfigSpec/CORE]: Incorrect key tweaks.Grab Chickens was corrected from null to its default, true. 
[08Apr2025 21:43:45.791] [modloading-worker-0/WARN] [net.minecraftforge.common.ForgeConfigSpec/CORE]: Incorrect key tweaks.Hoe Harvesting was corrected from null to its default, true. 
[08Apr2025 21:43:45.791] [modloading-worker-0/WARN] [net.minecraftforge.common.ForgeConfigSpec/CORE]: Incorrect key tweaks.Horses Swim was corrected from null to its default, true. 
[08Apr2025 21:43:45.791] [modloading-worker-0/WARN] [net.minecraftforge.common.ForgeConfigSpec/CORE]: Incorrect key tweaks.Improved Sponges was corrected from null to its default, true. 
[08Apr2025 21:43:45.791] [modloading-worker-0/WARN] [net.minecraftforge.common.ForgeConfigSpec/CORE]: Incorrect key tweaks.Lock Rotation was corrected from null to its default, true. 
[08Apr2025 21:43:45.791] [modloading-worker-0/WARN] [net.minecraftforge.common.ForgeConfigSpec/CORE]: Incorrect key tweaks.Map Washing was corrected from null to its default, true. 
[08Apr2025 21:43:45.791] [modloading-worker-0/WARN] [net.minecraftforge.common.ForgeConfigSpec/CORE]: Incorrect key tweaks.More Banner Layers was corrected from null to its default, true. 
[08Apr2025 21:43:45.791] [modloading-worker-0/WARN] [net.minecraftforge.common.ForgeConfigSpec/CORE]: Incorrect key tweaks.More Note Block Sounds was corrected from null to its default, true. 
[08Apr2025 21:43:45.791] [modloading-worker-0/WARN] [net.minecraftforge.common.ForgeConfigSpec/CORE]: Incorrect key tweaks.No Durability On Cosmetics was corrected from null to its default, true. 
[08Apr2025 21:43:45.791] [modloading-worker-0/WARN] [net.minecraftforge.common.ForgeConfigSpec/CORE]: Incorrect key tweaks.Pat The Dogs was corrected from null to its default, true. 
[08Apr2025 21:43:45.792] [modloading-worker-0/WARN] [net.minecraftforge.common.ForgeConfigSpec/CORE]: Incorrect key tweaks.Pig Litters was corrected from null to its default, true. 
[08Apr2025 21:43:45.792] [modloading-worker-0/WARN] [net.minecraftforge.common.ForgeConfigSpec/CORE]: Incorrect key tweaks.Poison Potato Usage was corrected from null to its default, true. 
[08Apr2025 21:43:45.792] [modloading-worker-0/WARN] [net.minecraftforge.common.ForgeConfigSpec/CORE]: Incorrect key tweaks.Reacharound Placing was corrected from null to its default, true. 
[08Apr2025 21:43:45.792] [modloading-worker-0/WARN] [net.minecraftforge.common.ForgeConfigSpec/CORE]: Incorrect key tweaks.Renewable Spore Blossoms was corrected from null to its default, true. 
[08Apr2025 21:43:45.792] [modloading-worker-0/WARN] [net.minecraftforge.common.ForgeConfigSpec/CORE]: Incorrect key tweaks.Replace Scaffolding was corrected from null to its default, true. 
[08Apr2025 21:43:45.792] [modloading-worker-0/WARN] [net.minecraftforge.common.ForgeConfigSpec/CORE]: Incorrect key tweaks.Safer Creatures was corrected from null to its default, true. 
[08Apr2025 21:43:45.792] [modloading-worker-0/WARN] [net.minecraftforge.common.ForgeConfigSpec/CORE]: Incorrect key tweaks.Shulker Packing was corrected from null to its default, true. 
[08Apr2025 21:43:45.792] [modloading-worker-0/WARN] [net.minecraftforge.common.ForgeConfigSpec/CORE]: Incorrect key tweaks.Simple Harvest was corrected from null to its default, true. 
[08Apr2025 21:43:45.792] [modloading-worker-0/WARN] [net.minecraftforge.common.ForgeConfigSpec/CORE]: Incorrect key tweaks.Slabs To Blocks was corrected from null to its default, true. 
[08Apr2025 21:43:45.792] [modloading-worker-0/WARN] [net.minecraftforge.common.ForgeConfigSpec/CORE]: Incorrect key tweaks.Slimes To Magma Cubes was corrected from null to its default, true. 
[08Apr2025 21:43:45.792] [modloading-worker-0/WARN] [net.minecraftforge.common.ForgeConfigSpec/CORE]: Incorrect key tweaks.Snow Golem Player Heads was corrected from null to its default, true. 
[08Apr2025 21:43:45.792] [modloading-worker-0/WARN] [net.minecraftforge.common.ForgeConfigSpec/CORE]: Incorrect key tweaks.Utility Recipes was corrected from null to its default, true. 
[08Apr2025 21:43:45.792] [modloading-worker-0/WARN] [net.minecraftforge.common.ForgeConfigSpec/CORE]: Incorrect key tweaks.Vexes Die With Their Masters was corrected from null to its default, true. 
[08Apr2025 21:43:45.793] [modloading-worker-0/WARN] [net.minecraftforge.common.ForgeConfigSpec/CORE]: Incorrect key tweaks.Villagers Follow Emeralds was corrected from null to its default, true. 
[08Apr2025 21:43:45.793] [modloading-worker-0/WARN] [net.minecraftforge.common.ForgeConfigSpec/CORE]: Incorrect key tweaks.Zombie Villagers On Normal was corrected from null to its default, true. 
[08Apr2025 21:43:45.793] [modloading-worker-0/WARN] [net.minecraftforge.common.ForgeConfigSpec/CORE]: Incorrect key tweaks.automatic_recipe_unlock was corrected from null to its default, SimpleCommentedConfig:{}. 
[08Apr2025 21:43:45.793] [modloading-worker-0/WARN] [net.minecraftforge.common.ForgeConfigSpec/CORE]: Incorrect key tweaks.automatic_recipe_unlock.Ignored Recipes was corrected from null to its default, []. 
[08Apr2025 21:43:45.793] [modloading-worker-0/WARN] [net.minecraftforge.common.ForgeConfigSpec/CORE]: Incorrect key tweaks.automatic_recipe_unlock.Force Limited Crafting was corrected from null to its default, false. 
[08Apr2025 21:43:45.793] [modloading-worker-0/WARN] [net.minecraftforge.common.ForgeConfigSpec/CORE]: Incorrect key tweaks.automatic_recipe_unlock.Disable Recipe Book was corrected from null to its default, false. 
[08Apr2025 21:43:45.793] [modloading-worker-0/WARN] [net.minecraftforge.common.ForgeConfigSpec/CORE]: Incorrect key tweaks.automatic_recipe_unlock.Filter Recipe Advancements was corrected from null to its default, true. 
[08Apr2025 21:43:45.793] [modloading-worker-0/WARN] [net.minecraftforge.common.ForgeConfigSpec/CORE]: Incorrect key tweaks.campfires_boost_elytra was corrected from null to its default, SimpleCommentedConfig:{}. 
[08Apr2025 21:43:45.793] [modloading-worker-0/WARN] [net.minecraftforge.common.ForgeConfigSpec/CORE]: Incorrect key tweaks.campfires_boost_elytra.Boost Strength was corrected from null to its default, 0.5. 
[08Apr2025 21:43:45.794] [modloading-worker-0/WARN] [net.minecraftforge.common.ForgeConfigSpec/CORE]: Incorrect key tweaks.campfires_boost_elytra.Max Speed was corrected from null to its default, 1.0. 
[08Apr2025 21:43:45.794] [modloading-worker-0/WARN] [net.minecraftforge.common.ForgeConfigSpec/CORE]: Incorrect key tweaks.compasses_work_everywhere was corrected from null to its default, SimpleCommentedConfig:{}. 
[08Apr2025 21:43:45.794] [modloading-worker-0/WARN] [net.minecraftforge.common.ForgeConfigSpec/CORE]: Incorrect key tweaks.compasses_work_everywhere.Enable Compass Nerf was corrected from null to its default, true. 
[08Apr2025 21:43:45.794] [modloading-worker-0/WARN] [net.minecraftforge.common.ForgeConfigSpec/CORE]: Incorrect key tweaks.compasses_work_everywhere.Enable Clock Nerf was corrected from null to its default, true. 
[08Apr2025 21:43:45.794] [modloading-worker-0/WARN] [net.minecraftforge.common.ForgeConfigSpec/CORE]: Incorrect key tweaks.compasses_work_everywhere.Enable Nether was corrected from null to its default, true. 
[08Apr2025 21:43:45.794] [modloading-worker-0/WARN] [net.minecraftforge.common.ForgeConfigSpec/CORE]: Incorrect key tweaks.compasses_work_everywhere.Enable End was corrected from null to its default, true. 
[08Apr2025 21:43:45.794] [modloading-worker-0/WARN] [net.minecraftforge.common.ForgeConfigSpec/CORE]: Incorrect key tweaks.diamond_repair was corrected from null to its default, SimpleCommentedConfig:{}. 
[08Apr2025 21:43:45.795] [modloading-worker-0/WARN] [net.minecraftforge.common.ForgeConfigSpec/CORE]: Incorrect key tweaks.diamond_repair.Repair Item Changes was corrected from null to its default, [minecraft:netherite_sword=minecraft:diamond, minecraft:netherite_pickaxe=minecraft:diamond, minecraft:netherite_axe=minecraft:diamond, minecraft:netherite_shovel=minecraft:diamond, minecraft:netherite_hoe=minecraft:diamond, minecraft:netherite_helmet=minecraft:diamond, minecraft:netherite_chestplate=minecraft:diamond, minecraft:netherite_leggings=minecraft:diamond, minecraft:netherite_boots=minecraft:diamond]. 
[08Apr2025 21:43:45.795] [modloading-worker-0/WARN] [net.minecraftforge.common.ForgeConfigSpec/CORE]: Incorrect key tweaks.diamond_repair.Unrepairable Items was corrected from null to its default, []. 
[08Apr2025 21:43:45.795] [modloading-worker-0/WARN] [net.minecraftforge.common.ForgeConfigSpec/CORE]: Incorrect key tweaks.diamond_repair.Enable Jei Hints was corrected from null to its default, true. 
[08Apr2025 21:43:45.795] [modloading-worker-0/WARN] [net.minecraftforge.common.ForgeConfigSpec/CORE]: Incorrect key tweaks.double_door_opening was corrected from null to its default, SimpleCommentedConfig:{}. 
[08Apr2025 21:43:45.795] [modloading-worker-0/WARN] [net.minecraftforge.common.ForgeConfigSpec/CORE]: Incorrect key tweaks.double_door_opening.Enable Doors was corrected from null to its default, true. 
[08Apr2025 21:43:45.795] [modloading-worker-0/WARN] [net.minecraftforge.common.ForgeConfigSpec/CORE]: Incorrect key tweaks.double_door_opening.Enable Fence Gates was corrected from null to its default, true. 
[08Apr2025 21:43:45.795] [modloading-worker-0/WARN] [net.minecraftforge.common.ForgeConfigSpec/CORE]: Incorrect key tweaks.double_door_opening.Ignore Anti Overlap was corrected from null to its default, false. 
[08Apr2025 21:43:45.795] [modloading-worker-0/WARN] [net.minecraftforge.common.ForgeConfigSpec/CORE]: Incorrect key tweaks.emotes was corrected from null to its default, SimpleCommentedConfig:{}. 
[08Apr2025 21:43:45.795] [modloading-worker-0/WARN] [net.minecraftforge.common.ForgeConfigSpec/CORE]: Incorrect key tweaks.emotes.Enabled Emotes was corrected from null to its default, [no, yes, wave, salute, cheer, clap, think, point, shrug, headbang, weep, facepalm]. 
[08Apr2025 21:43:45.795] [modloading-worker-0/WARN] [net.minecraftforge.common.ForgeConfigSpec/CORE]: Incorrect key tweaks.emotes.Custom Emotes was corrected from null to its default, []. 
[08Apr2025 21:43:45.796] [modloading-worker-0/WARN] [net.minecraftforge.common.ForgeConfigSpec/CORE]: Incorrect key tweaks.emotes.Custom Emote Debug was corrected from null to its default, false. 
[08Apr2025 21:43:45.796] [modloading-worker-0/WARN] [net.minecraftforge.common.ForgeConfigSpec/CORE]: Incorrect key tweaks.emotes.Button Shift X was corrected from null to its default, 0. 
[08Apr2025 21:43:45.796] [modloading-worker-0/WARN] [net.minecraftforge.common.ForgeConfigSpec/CORE]: Incorrect key tweaks.emotes.Button Shift Y was corrected from null to its default, 0. 
[08Apr2025 21:43:45.796] [modloading-worker-0/WARN] [net.minecraftforge.common.ForgeConfigSpec/CORE]: Incorrect key tweaks.enhanced_ladders was corrected from null to its default, SimpleCommentedConfig:{}. 
[08Apr2025 21:43:45.796] [modloading-worker-0/WARN] [net.minecraftforge.common.ForgeConfigSpec/CORE]: Incorrect key tweaks.enhanced_ladders.Fall Speed was corrected from null to its default, -0.2. 
[08Apr2025 21:43:45.796] [modloading-worker-0/WARN] [net.minecraftforge.common.ForgeConfigSpec/CORE]: Incorrect key tweaks.enhanced_ladders.Allow Freestanding was corrected from null to its default, true. 
[08Apr2025 21:43:45.796] [modloading-worker-0/WARN] [net.minecraftforge.common.ForgeConfigSpec/CORE]: Incorrect key tweaks.enhanced_ladders.Allow Dropping Down was corrected from null to its default, true. 
[08Apr2025 21:43:45.796] [modloading-worker-0/WARN] [net.minecraftforge.common.ForgeConfigSpec/CORE]: Incorrect key tweaks.enhanced_ladders.Allow Sliding was corrected from null to its default, true. 
[08Apr2025 21:43:45.796] [modloading-worker-0/WARN] [net.minecraftforge.common.ForgeConfigSpec/CORE]: Incorrect key tweaks.enhanced_ladders.Allow Inventory Sneak was corrected from null to its default, true. 
[08Apr2025 21:43:45.796] [modloading-worker-0/WARN] [net.minecraftforge.common.ForgeConfigSpec/CORE]: Incorrect key tweaks.gold_tools_have_fortune was corrected from null to its default, SimpleCommentedConfig:{}. 
[08Apr2025 21:43:45.796] [modloading-worker-0/WARN] [net.minecraftforge.common.ForgeConfigSpec/CORE]: Incorrect key tweaks.gold_tools_have_fortune.Fortune Level was corrected from null to its default, 2. 
[08Apr2025 21:43:45.797] [modloading-worker-0/WARN] [net.minecraftforge.common.ForgeConfigSpec/CORE]: Incorrect key tweaks.gold_tools_have_fortune.Harvest Level was corrected from null to its default, 2. 
[08Apr2025 21:43:45.797] [modloading-worker-0/WARN] [net.minecraftforge.common.ForgeConfigSpec/CORE]: Incorrect key tweaks.gold_tools_have_fortune.Display Baked Enchantments In Tooltip was corrected from null to its default, true. 
[08Apr2025 21:43:45.797] [modloading-worker-0/WARN] [net.minecraftforge.common.ForgeConfigSpec/CORE]: Incorrect key tweaks.gold_tools_have_fortune.Italic Tooltip was corrected from null to its default, true. 
[08Apr2025 21:43:45.797] [modloading-worker-0/WARN] [net.minecraftforge.common.ForgeConfigSpec/CORE]: Incorrect key tweaks.gold_tools_have_fortune.Baked Enchantments was corrected from null to its default, []. 
[08Apr2025 21:43:45.797] [modloading-worker-0/WARN] [net.minecraftforge.common.ForgeConfigSpec/CORE]: Incorrect key tweaks.grab_chickens was corrected from null to its default, SimpleCommentedConfig:{}. 
[08Apr2025 21:43:45.797] [modloading-worker-0/WARN] [net.minecraftforge.common.ForgeConfigSpec/CORE]: Incorrect key tweaks.grab_chickens.Needs No Helmet was corrected from null to its default, true. 
[08Apr2025 21:43:45.797] [modloading-worker-0/WARN] [net.minecraftforge.common.ForgeConfigSpec/CORE]: Incorrect key tweaks.grab_chickens.Slowness Level was corrected from null to its default, 1. 
[08Apr2025 21:43:45.797] [modloading-worker-0/WARN] [net.minecraftforge.common.ForgeConfigSpec/CORE]: Incorrect key tweaks.hoe_harvesting was corrected from null to its default, SimpleCommentedConfig:{}. 
[08Apr2025 21:43:45.797] [modloading-worker-0/WARN] [net.minecraftforge.common.ForgeConfigSpec/CORE]: Incorrect key tweaks.hoe_harvesting.Regular Hoe Radius was corrected from null to its default, 2. 
[08Apr2025 21:43:45.797] [modloading-worker-0/WARN] [net.minecraftforge.common.ForgeConfigSpec/CORE]: Incorrect key tweaks.hoe_harvesting.High Tier Hoe Radius was corrected from null to its default, 3. 
[08Apr2025 21:43:45.798] [modloading-worker-0/WARN] [net.minecraftforge.common.ForgeConfigSpec/CORE]: Incorrect key tweaks.improved_sponges was corrected from null to its default, SimpleCommentedConfig:{}. 
[08Apr2025 21:43:45.798] [modloading-worker-0/WARN] [net.minecraftforge.common.ForgeConfigSpec/CORE]: Incorrect key tweaks.improved_sponges.Maximum Water Drain was corrected from null to its default, 256. 
[08Apr2025 21:43:45.798] [modloading-worker-0/WARN] [net.minecraftforge.common.ForgeConfigSpec/CORE]: Incorrect key tweaks.improved_sponges.Maximum Crawl Distance was corrected from null to its default, 10. 
[08Apr2025 21:43:45.798] [modloading-worker-0/WARN] [net.minecraftforge.common.ForgeConfigSpec/CORE]: Incorrect key tweaks.improved_sponges.Enable Placing On Water was corrected from null to its default, true. 
[08Apr2025 21:43:45.798] [modloading-worker-0/WARN] [net.minecraftforge.common.ForgeConfigSpec/CORE]: Incorrect key tweaks.map_washing was corrected from null to its default, SimpleCommentedConfig:{}. 
[08Apr2025 21:43:45.798] [modloading-worker-0/WARN] [net.minecraftforge.common.ForgeConfigSpec/CORE]: Incorrect key tweaks.map_washing.Ignore Anti Overlap was corrected from null to its default, false. 
[08Apr2025 21:43:45.798] [modloading-worker-0/WARN] [net.minecraftforge.common.ForgeConfigSpec/CORE]: Incorrect key tweaks.more_banner_layers was corrected from null to its default, SimpleCommentedConfig:{}. 
[08Apr2025 21:43:45.798] [modloading-worker-0/WARN] [net.minecraftforge.common.ForgeConfigSpec/CORE]: Incorrect key tweaks.more_banner_layers.Layer Limit was corrected from null to its default, 16. 
[08Apr2025 21:43:45.798] [modloading-worker-0/WARN] [net.minecraftforge.common.ForgeConfigSpec/CORE]: Incorrect key tweaks.more_note_block_sounds was corrected from null to its default, SimpleCommentedConfig:{}. 
[08Apr2025 21:43:45.798] [modloading-worker-0/WARN] [net.minecraftforge.common.ForgeConfigSpec/CORE]: Incorrect key tweaks.more_note_block_sounds.Enable Amethyst Sound was corrected from null to its default, true. 
[08Apr2025 21:43:45.799] [modloading-worker-0/WARN] [net.minecraftforge.common.ForgeConfigSpec/CORE]: Incorrect key tweaks.no_durability_on_cosmetics was corrected from null to its default, SimpleCommentedConfig:{}. 
[08Apr2025 21:43:45.799] [modloading-worker-0/WARN] [net.minecraftforge.common.ForgeConfigSpec/CORE]: Incorrect key tweaks.no_durability_on_cosmetics.Allow Cosmetic Items was corrected from null to its default, true. 
[08Apr2025 21:43:45.799] [modloading-worker-0/WARN] [net.minecraftforge.common.ForgeConfigSpec/CORE]: Incorrect key tweaks.pat_the_dogs was corrected from null to its default, SimpleCommentedConfig:{}. 
[08Apr2025 21:43:45.799] [modloading-worker-0/WARN] [net.minecraftforge.common.ForgeConfigSpec/CORE]: Incorrect key tweaks.pat_the_dogs.Dogs Want Love was corrected from null to its default, -1. 
[08Apr2025 21:43:45.799] [modloading-worker-0/WARN] [net.minecraftforge.common.ForgeConfigSpec/CORE]: Incorrect key tweaks.pat_the_dogs.Pet All Mobs was corrected from null to its default, false. 
[08Apr2025 21:43:45.799] [modloading-worker-0/WARN] [net.minecraftforge.common.ForgeConfigSpec/CORE]: Incorrect key tweaks.pat_the_dogs.Pettable Denylist was corrected from null to its default, [minecraft:ender_dragon, minecraft:wither, minecraft:armor_stand]. 
[08Apr2025 21:43:45.799] [modloading-worker-0/WARN] [net.minecraftforge.common.ForgeConfigSpec/CORE]: Incorrect key tweaks.pat_the_dogs.Pettable Allowlist was corrected from null to its default, []. 
[08Apr2025 21:43:45.799] [modloading-worker-0/WARN] [net.minecraftforge.common.ForgeConfigSpec/CORE]: Incorrect key tweaks.pig_litters was corrected from null to its default, SimpleCommentedConfig:{}. 
[08Apr2025 21:43:45.800] [modloading-worker-0/WARN] [net.minecraftforge.common.ForgeConfigSpec/CORE]: Incorrect key tweaks.pig_litters.Min Pig Litter Size was corrected from null to its default, 2. 
[08Apr2025 21:43:45.800] [modloading-worker-0/WARN] [net.minecraftforge.common.ForgeConfigSpec/CORE]: Incorrect key tweaks.pig_litters.Max Pig Litter Size was corrected from null to its default, 3. 
[08Apr2025 21:43:45.800] [modloading-worker-0/WARN] [net.minecraftforge.common.ForgeConfigSpec/CORE]: Incorrect key tweaks.pig_litters.Pigs Eat Golden Carrots was corrected from null to its default, true. 
[08Apr2025 21:43:45.800] [modloading-worker-0/WARN] [net.minecraftforge.common.ForgeConfigSpec/CORE]: Incorrect key tweaks.pig_litters.Min Golden Carrot Boost was corrected from null to its default, 0. 
[08Apr2025 21:43:45.800] [modloading-worker-0/WARN] [net.minecraftforge.common.ForgeConfigSpec/CORE]: Incorrect key tweaks.pig_litters.Max Golden Carrot Boost was corrected from null to its default, 2. 
[08Apr2025 21:43:45.802] [modloading-worker-0/WARN] [net.minecraftforge.common.ForgeConfigSpec/CORE]: Incorrect key tweaks.poison_potato_usage was corrected from null to its default, SimpleCommentedConfig:{}. 
[08Apr2025 21:43:45.802] [modloading-worker-0/WARN] [net.minecraftforge.common.ForgeConfigSpec/CORE]: Incorrect key tweaks.poison_potato_usage.Chance was corrected from null to its default, 0.1. 
[08Apr2025 21:43:45.802] [modloading-worker-0/WARN] [net.minecraftforge.common.ForgeConfigSpec/CORE]: Incorrect key tweaks.poison_potato_usage.Poison Effect was corrected from null to its default, true. 
[08Apr2025 21:43:45.802] [modloading-worker-0/WARN] [net.minecraftforge.common.ForgeConfigSpec/CORE]: Incorrect key tweaks.reacharound_placing was corrected from null to its default, SimpleCommentedConfig:{}. 
[08Apr2025 21:43:45.802] [modloading-worker-0/WARN] [net.minecraftforge.common.ForgeConfigSpec/CORE]: Incorrect key tweaks.reacharound_placing.Leniency was corrected from null to its default, 0.5. 
[08Apr2025 21:43:45.803] [modloading-worker-0/WARN] [net.minecraftforge.common.ForgeConfigSpec/CORE]: Incorrect key tweaks.reacharound_placing.Whitelist was corrected from null to its default, []. 
[08Apr2025 21:43:45.803] [modloading-worker-0/WARN] [net.minecraftforge.common.ForgeConfigSpec/CORE]: Incorrect key tweaks.reacharound_placing.Blacklist was corrected from null to its default, []. 
[08Apr2025 21:43:45.803] [modloading-worker-0/WARN] [net.minecraftforge.common.ForgeConfigSpec/CORE]: Incorrect key tweaks.renewable_spore_blossoms was corrected from null to its default, SimpleCommentedConfig:{}. 
[08Apr2025 21:43:45.803] [modloading-worker-0/WARN] [net.minecraftforge.common.ForgeConfigSpec/CORE]: Incorrect key tweaks.renewable_spore_blossoms.Bone Meal Chance was corrected from null to its default, 0.2. 
[08Apr2025 21:43:45.803] [modloading-worker-0/WARN] [net.minecraftforge.common.ForgeConfigSpec/CORE]: Incorrect key tweaks.replace_scaffolding was corrected from null to its default, SimpleCommentedConfig:{}. 
[08Apr2025 21:43:45.803] [modloading-worker-0/WARN] [net.minecraftforge.common.ForgeConfigSpec/CORE]: Incorrect key tweaks.replace_scaffolding.Max Bounces was corrected from null to its default, 1. 
[08Apr2025 21:43:45.803] [modloading-worker-0/WARN] [net.minecraftforge.common.ForgeConfigSpec/CORE]: Incorrect key tweaks.safer_creatures was corrected from null to its default, SimpleCommentedConfig:{}. 
[08Apr2025 21:43:45.803] [modloading-worker-0/WARN] [net.minecraftforge.common.ForgeConfigSpec/CORE]: Incorrect key tweaks.safer_creatures.Height Reduction was corrected from null to its default, 5.0. 
[08Apr2025 21:43:45.803] [modloading-worker-0/WARN] [net.minecraftforge.common.ForgeConfigSpec/CORE]: Incorrect key tweaks.safer_creatures.Enable Slime Fall Damage Removal was corrected from null to its default, true. 
[08Apr2025 21:43:45.803] [modloading-worker-0/WARN] [net.minecraftforge.common.ForgeConfigSpec/CORE]: Incorrect key tweaks.simple_harvest was corrected from null to its default, SimpleCommentedConfig:{}. 
[08Apr2025 21:43:45.804] [modloading-worker-0/WARN] [net.minecraftforge.common.ForgeConfigSpec/CORE]: Incorrect key tweaks.simple_harvest.Empty Hand Harvest was corrected from null to its default, true. 
[08Apr2025 21:43:45.804] [modloading-worker-0/WARN] [net.minecraftforge.common.ForgeConfigSpec/CORE]: Incorrect key tweaks.simple_harvest.Harvesting Costs Durability was corrected from null to its default, false. 
[08Apr2025 21:43:45.804] [modloading-worker-0/WARN] [net.minecraftforge.common.ForgeConfigSpec/CORE]: Incorrect key tweaks.simple_harvest.Do Harvesting Search was corrected from null to its default, true. 
[08Apr2025 21:43:45.804] [modloading-worker-0/WARN] [net.minecraftforge.common.ForgeConfigSpec/CORE]: Incorrect key tweaks.simple_harvest.Villagers Use Simple Harvest was corrected from null to its default, true. 
[08Apr2025 21:43:45.804] [modloading-worker-0/WARN] [net.minecraftforge.common.ForgeConfigSpec/CORE]: Incorrect key tweaks.simple_harvest.Harvestable Blocks was corrected from null to its default, [minecraft:wheat[age=7], minecraft:carrots[age=7], minecraft:potatoes[age=7], minecraft:beetroots[age=3], minecraft:nether_wart[age=3], minecraft:cocoa[age=2,facing=north],minecraft:cocoa[age=0,facing=north], minecraft:cocoa[age=2,facing=south],minecraft:cocoa[age=0,facing=south], minecraft:cocoa[age=2,facing=east],minecraft:cocoa[age=0,facing=east], minecraft:cocoa[age=2,facing=west],minecraft:cocoa[age=0,facing=west]]. 
[08Apr2025 21:43:45.804] [modloading-worker-0/WARN] [net.minecraftforge.common.ForgeConfigSpec/CORE]: Incorrect key tweaks.simple_harvest.Right Clickable Blocks was corrected from null to its default, [minecraft:sweet_berry_bush, minecraft:cave_vines]. 
[08Apr2025 21:43:45.804] [modloading-worker-0/WARN] [net.minecraftforge.common.ForgeConfigSpec/CORE]: Incorrect key tweaks.utility_recipes was corrected from null to its default, SimpleCommentedConfig:{}. 
[08Apr2025 21:43:45.805] [modloading-worker-0/WARN] [net.minecraftforge.common.ForgeConfigSpec/CORE]: Incorrect key tweaks.utility_recipes.Dye Any Wool was corrected from null to its default, true. 
[08Apr2025 21:43:45.805] [modloading-worker-0/WARN] [net.minecraftforge.common.ForgeConfigSpec/CORE]: Incorrect key tweaks.utility_recipes.Better Stone Tool Crafting was corrected from null to its default, true. 
[08Apr2025 21:43:45.805] [modloading-worker-0/WARN] [net.minecraftforge.common.ForgeConfigSpec/CORE]: Incorrect key tweaks.utility_recipes.Enable Dispenser was corrected from null to its default, true. 
[08Apr2025 21:43:45.805] [modloading-worker-0/WARN] [net.minecraftforge.common.ForgeConfigSpec/CORE]: Incorrect key tweaks.utility_recipes.Enable Repeater was corrected from null to its default, true. 
[08Apr2025 21:43:45.805] [modloading-worker-0/WARN] [net.minecraftforge.common.ForgeConfigSpec/CORE]: Incorrect key tweaks.utility_recipes.Enable Minecarts was corrected from null to its default, true. 
[08Apr2025 21:43:45.805] [modloading-worker-0/WARN] [net.minecraftforge.common.ForgeConfigSpec/CORE]: Incorrect key tweaks.utility_recipes.Enable Chest Boats was corrected from null to its default, true. 
[08Apr2025 21:43:45.805] [modloading-worker-0/WARN] [net.minecraftforge.common.ForgeConfigSpec/CORE]: Incorrect key tweaks.utility_recipes.Logs To Chests was corrected from null to its default, true. 
[08Apr2025 21:43:45.805] [modloading-worker-0/WARN] [net.minecraftforge.common.ForgeConfigSpec/CORE]: Incorrect key tweaks.utility_recipes.Coral To Dye was corrected from null to its default, true. 
[08Apr2025 21:43:45.805] [modloading-worker-0/WARN] [net.minecraftforge.common.ForgeConfigSpec/CORE]: Incorrect key tweaks.utility_recipes.Bent Recipes was corrected from null to its default, true. 
[08Apr2025 21:43:45.806] [modloading-worker-0/WARN] [net.minecraftforge.common.ForgeConfigSpec/CORE]: Incorrect key tweaks.utility_recipes.Compostable Toxins was corrected from null to its default, true. 
[08Apr2025 21:43:45.806] [modloading-worker-0/WARN] [net.minecraftforge.common.ForgeConfigSpec/CORE]: Incorrect key tweaks.utility_recipes.Effective Dragon Breath was corrected from null to its default, true. 
[08Apr2025 21:43:45.806] [modloading-worker-0/WARN] [net.minecraftforge.common.ForgeConfigSpec/CORE]: Incorrect key tweaks.utility_recipes.Torches Burn was corrected from null to its default, true. 
[08Apr2025 21:43:45.806] [modloading-worker-0/WARN] [net.minecraftforge.common.ForgeConfigSpec/CORE]: Incorrect key tweaks.utility_recipes.Bone Meal Utility was corrected from null to its default, true. 
[08Apr2025 21:43:45.806] [modloading-worker-0/WARN] [net.minecraftforge.common.ForgeConfigSpec/CORE]: Incorrect key tweaks.utility_recipes.Charcoal To Black Dye was corrected from null to its default, true. 
[08Apr2025 21:43:45.807] [modloading-worker-0/WARN] [net.minecraftforge.common.ForgeConfigSpec/CORE]: Incorrect key tweaks.utility_recipes.Easy Hopper was corrected from null to its default, true. 
[08Apr2025 21:43:45.807] [modloading-worker-0/WARN] [net.minecraftforge.common.ForgeConfigSpec/CORE]: Incorrect key tweaks.utility_recipes.Easy Sticks was corrected from null to its default, true. 
[08Apr2025 21:43:45.808] [modloading-worker-0/WARN] [net.minecraftforge.common.ForgeConfigSpec/CORE]: Incorrect key tweaks.utility_recipes.Smelt Raw Ore Blocks was corrected from null to its default, true. 
[08Apr2025 21:43:45.811] [modloading-worker-0/WARN] [net.minecraftforge.common.ForgeConfigSpec/CORE]: Incorrect key world was corrected from null to its default, SimpleCommentedConfig:{}. 
[08Apr2025 21:43:45.812] [modloading-worker-0/WARN] [net.minecraftforge.common.ForgeConfigSpec/CORE]: Incorrect key world.Ancient Wood was corrected from null to its default, true. 
[08Apr2025 21:43:45.812] [modloading-worker-0/WARN] [net.minecraftforge.common.ForgeConfigSpec/CORE]: Incorrect key world.Azalea Wood was corrected from null to its default, true. 
[08Apr2025 21:43:45.812] [modloading-worker-0/WARN] [net.minecraftforge.common.ForgeConfigSpec/CORE]: Incorrect key world.Big Stone Clusters was corrected from null to its default, true. 
[08Apr2025 21:43:45.812] [modloading-worker-0/WARN] [net.minecraftforge.common.ForgeConfigSpec/CORE]: Incorrect key world.Blossom Trees was corrected from null to its default, true. 
[08Apr2025 21:43:45.812] [modloading-worker-0/WARN] [net.minecraftforge.common.ForgeConfigSpec/CORE]: Incorrect key world.Chorus Vegetation was corrected from null to its default, true. 
[08Apr2025 21:43:45.812] [modloading-worker-0/WARN] [net.minecraftforge.common.ForgeConfigSpec/CORE]: Incorrect key world.Corundum was corrected from null to its default, true. 
[08Apr2025 21:43:45.812] [modloading-worker-0/WARN] [net.minecraftforge.common.ForgeConfigSpec/CORE]: Incorrect key world.Fairy Rings was corrected from null to its default, true. 
[08Apr2025 21:43:45.812] [modloading-worker-0/WARN] [net.minecraftforge.common.ForgeConfigSpec/CORE]: Incorrect key world.Glimmering Weald was corrected from null to its default, true. 
[08Apr2025 21:43:45.812] [modloading-worker-0/WARN] [net.minecraftforge.common.ForgeConfigSpec/CORE]: Incorrect key world.Monster Box was corrected from null to its default, true. 
[08Apr2025 21:43:45.812] [modloading-worker-0/WARN] [net.minecraftforge.common.ForgeConfigSpec/CORE]: Incorrect key world.Nether Obsidian Spikes was corrected from null to its default, true. 
[08Apr2025 21:43:45.812] [modloading-worker-0/WARN] [net.minecraftforge.common.ForgeConfigSpec/CORE]: Incorrect key world.New Stone Types was corrected from null to its default, true. 
[08Apr2025 21:43:45.812] [modloading-worker-0/WARN] [net.minecraftforge.common.ForgeConfigSpec/CORE]: Incorrect key world.No More Lava Pockets was corrected from null to its default, true. 
[08Apr2025 21:43:45.812] [modloading-worker-0/WARN] [net.minecraftforge.common.ForgeConfigSpec/CORE]: Incorrect key world.Permafrost was corrected from null to its default, true. 
[08Apr2025 21:43:45.813] [modloading-worker-0/WARN] [net.minecraftforge.common.ForgeConfigSpec/CORE]: Incorrect key world.Spiral Spires was corrected from null to its default, true. 
[08Apr2025 21:43:45.813] [modloading-worker-0/WARN] [net.minecraftforge.common.ForgeConfigSpec/CORE]: Incorrect key world.ancient_wood was corrected from null to its default, SimpleCommentedConfig:{}. 
[08Apr2025 21:43:45.813] [modloading-worker-0/WARN] [net.minecraftforge.common.ForgeConfigSpec/CORE]: Incorrect key world.ancient_wood.Ancient Fruit Gives Exp was corrected from null to its default, true. 
[08Apr2025 21:43:45.813] [modloading-worker-0/WARN] [net.minecraftforge.common.ForgeConfigSpec/CORE]: Incorrect key world.ancient_wood.Ancient Fruit Exp Value was corrected from null to its default, 10. 
[08Apr2025 21:43:45.813] [modloading-worker-0/WARN] [net.minecraftforge.common.ForgeConfigSpec/CORE]: Incorrect key world.ancient_wood.Ancient City Loot Weight was corrected from null to its default, 0. 
[08Apr2025 21:43:45.813] [modloading-worker-0/WARN] [net.minecraftforge.common.ForgeConfigSpec/CORE]: Incorrect key world.ancient_wood.Ancient City Loot Quality was corrected from null to its default, 1. 
[08Apr2025 21:43:45.813] [modloading-worker-0/WARN] [net.minecraftforge.common.ForgeConfigSpec/CORE]: Incorrect key world.ancient_wood.Sniffing Loot Weight was corrected from null to its default, 1. 
[08Apr2025 21:43:45.813] [modloading-worker-0/WARN] [net.minecraftforge.common.ForgeConfigSpec/CORE]: Incorrect key world.ancient_wood.Sniffing Loot Quality was corrected from null to its default, 0. 
[08Apr2025 21:43:45.813] [modloading-worker-0/WARN] [net.minecraftforge.common.ForgeConfigSpec/CORE]: Incorrect key world.azalea_wood was corrected from null to its default, SimpleCommentedConfig:{}. 
[08Apr2025 21:43:45.814] [modloading-worker-0/WARN] [net.minecraftforge.common.ForgeConfigSpec/CORE]: Incorrect key world.azalea_wood.Ignore Anti Overlap was corrected from null to its default, false. 
[08Apr2025 21:43:45.814] [modloading-worker-0/WARN] [net.minecraftforge.common.ForgeConfigSpec/CORE]: Incorrect key world.big_stone_clusters was corrected from null to its default, SimpleCommentedConfig:{}. 
[08Apr2025 21:43:45.814] [modloading-worker-0/WARN] [net.minecraftforge.common.ForgeConfigSpec/CORE]: Incorrect key world.big_stone_clusters.Blocks To Replace was corrected from null to its default, [minecraft:stone, minecraft:andesite, minecraft:diorite, minecraft:granite, minecraft:netherrack|minecraft:the_nether, minecraft:end_stone|minecraft:the_end, quark:marble, quark:limestone, quark:jasper, quark:slate]. 
[08Apr2025 21:43:45.814] [modloading-worker-0/WARN] [net.minecraftforge.common.ForgeConfigSpec/CORE]: Incorrect key world.big_stone_clusters.calcite was corrected from null to its default, SimpleCommentedConfig:{}. 
[08Apr2025 21:43:45.814] [modloading-worker-0/WARN] [net.minecraftforge.common.ForgeConfigSpec/CORE]: Incorrect key world.big_stone_clusters.calcite.Enabled was corrected from null to its default, true. 
[08Apr2025 21:43:45.814] [modloading-worker-0/WARN] [net.minecraftforge.common.ForgeConfigSpec/CORE]: Incorrect key world.big_stone_clusters.calcite.Rarity was corrected from null to its default, 4. 
[08Apr2025 21:43:45.814] [modloading-worker-0/WARN] [net.minecraftforge.common.ForgeConfigSpec/CORE]: Incorrect key world.big_stone_clusters.calcite.Min Y Level was corrected from null to its default, 20. 
[08Apr2025 21:43:45.814] [modloading-worker-0/WARN] [net.minecraftforge.common.ForgeConfigSpec/CORE]: Incorrect key world.big_stone_clusters.calcite.Max Y Level was corrected from null to its default, 80. 
[08Apr2025 21:43:45.814] [modloading-worker-0/WARN] [net.minecraftforge.common.ForgeConfigSpec/CORE]: Incorrect key world.big_stone_clusters.calcite.Horizontal Size was corrected from null to its default, 14. 
[08Apr2025 21:43:45.814] [modloading-worker-0/WARN] [net.minecraftforge.common.ForgeConfigSpec/CORE]: Incorrect key world.big_stone_clusters.calcite.Vertical Size was corrected from null to its default, 14. 
[08Apr2025 21:43:45.814] [modloading-worker-0/WARN] [net.minecraftforge.common.ForgeConfigSpec/CORE]: Incorrect key world.big_stone_clusters.calcite.Horizontal Variation was corrected from null to its default, 9. 
[08Apr2025 21:43:45.815] [modloading-worker-0/WARN] [net.minecraftforge.common.ForgeConfigSpec/CORE]: Incorrect key world.big_stone_clusters.calcite.Vertical Variation was corrected from null to its default, 9. 
[08Apr2025 21:43:45.815] [modloading-worker-0/WARN] [net.minecraftforge.common.ForgeConfigSpec/CORE]: Incorrect key world.big_stone_clusters.calcite.dimensions was corrected from null to its default, SimpleCommentedConfig:{}. 
[08Apr2025 21:43:45.815] [modloading-worker-0/WARN] [net.minecraftforge.common.ForgeConfigSpec/CORE]: Incorrect key world.big_stone_clusters.calcite.dimensions.Is Blacklist was corrected from null to its default, false. 
[08Apr2025 21:43:45.815] [modloading-worker-0/WARN] [net.minecraftforge.common.ForgeConfigSpec/CORE]: Incorrect key world.big_stone_clusters.calcite.dimensions.Dimensions was corrected from null to its default, [minecraft:overworld]. 
[08Apr2025 21:43:45.815] [modloading-worker-0/WARN] [net.minecraftforge.common.ForgeConfigSpec/CORE]: Incorrect key world.big_stone_clusters.calcite.biomes was corrected from null to its default, SimpleCommentedConfig:{}. 
[08Apr2025 21:43:45.815] [modloading-worker-0/WARN] [net.minecraftforge.common.ForgeConfigSpec/CORE]: Incorrect key world.big_stone_clusters.calcite.biomes.tags was corrected from null to its default, SimpleCommentedConfig:{}. 
[08Apr2025 21:43:45.815] [modloading-worker-0/WARN] [net.minecraftforge.common.ForgeConfigSpec/CORE]: Incorrect key world.big_stone_clusters.calcite.biomes.tags.Biome Tags was corrected from null to its default, [minecraft:is_mountain]. 
[08Apr2025 21:43:45.815] [modloading-worker-0/WARN] [net.minecraftforge.common.ForgeConfigSpec/CORE]: Incorrect key world.big_stone_clusters.calcite.biomes.tags.Is Blacklist was corrected from null to its default, false. 
[08Apr2025 21:43:45.815] [modloading-worker-0/WARN] [net.minecraftforge.common.ForgeConfigSpec/CORE]: Incorrect key world.big_stone_clusters.calcite.biomes.biomes was corrected from null to its default, SimpleCommentedConfig:{}. 
[08Apr2025 21:43:45.815] [modloading-worker-0/WARN] [net.minecraftforge.common.ForgeConfigSpec/CORE]: Incorrect key world.big_stone_clusters.calcite.biomes.biomes.Biomes was corrected from null to its default, []. 
[08Apr2025 21:43:45.815] [modloading-worker-0/WARN] [net.minecraftforge.common.ForgeConfigSpec/CORE]: Incorrect key world.big_stone_clusters.calcite.biomes.biomes.Is Blacklist was corrected from null to its default, true. 
[08Apr2025 21:43:45.816] [modloading-worker-0/WARN] [net.minecraftforge.common.ForgeConfigSpec/CORE]: Incorrect key world.big_stone_clusters.limestone was corrected from null to its default, SimpleCommentedConfig:{}. 
[08Apr2025 21:43:45.816] [modloading-worker-0/WARN] [net.minecraftforge.common.ForgeConfigSpec/CORE]: Incorrect key world.big_stone_clusters.limestone.Enabled was corrected from null to its default, true. 
[08Apr2025 21:43:45.816] [modloading-worker-0/WARN] [net.minecraftforge.common.ForgeConfigSpec/CORE]: Incorrect key world.big_stone_clusters.limestone.Rarity was corrected from null to its default, 4. 
[08Apr2025 21:43:45.816] [modloading-worker-0/WARN] [net.minecraftforge.common.ForgeConfigSpec/CORE]: Incorrect key world.big_stone_clusters.limestone.Min Y Level was corrected from null to its default, 20. 
[08Apr2025 21:43:45.816] [modloading-worker-0/WARN] [net.minecraftforge.common.ForgeConfigSpec/CORE]: Incorrect key world.big_stone_clusters.limestone.Max Y Level was corrected from null to its default, 80. 
[08Apr2025 21:43:45.816] [modloading-worker-0/WARN] [net.minecraftforge.common.ForgeConfigSpec/CORE]: Incorrect key world.big_stone_clusters.limestone.Horizontal Size was corrected from null to its default, 14. 
[08Apr2025 21:43:45.816] [modloading-worker-0/WARN] [net.minecraftforge.common.ForgeConfigSpec/CORE]: Incorrect key world.big_stone_clusters.limestone.Vertical Size was corrected from null to its default, 14. 
[08Apr2025 21:43:45.816] [modloading-worker-0/WARN] [net.minecraftforge.common.ForgeConfigSpec/CORE]: Incorrect key world.big_stone_clusters.limestone.Horizontal Variation was corrected from null to its default, 9. 
[08Apr2025 21:43:45.816] [modloading-worker-0/WARN] [net.minecraftforge.common.ForgeConfigSpec/CORE]: Incorrect key world.big_stone_clusters.limestone.Vertical Variation was corrected from null to its default, 9. 
[08Apr2025 21:43:45.816] [modloading-worker-0/WARN] [net.minecraftforge.common.ForgeConfigSpec/CORE]: Incorrect key world.big_stone_clusters.limestone.dimensions was corrected from null to its default, SimpleCommentedConfig:{}. 
[08Apr2025 21:43:45.816] [modloading-worker-0/WARN] [net.minecraftforge.common.ForgeConfigSpec/CORE]: Incorrect key world.big_stone_clusters.limestone.dimensions.Is Blacklist was corrected from null to its default, false. 
[08Apr2025 21:43:45.816] [modloading-worker-0/WARN] [net.minecraftforge.common.ForgeConfigSpec/CORE]: Incorrect key world.big_stone_clusters.limestone.dimensions.Dimensions was corrected from null to its default, [minecraft:overworld]. 
[08Apr2025 21:43:45.816] [modloading-worker-0/WARN] [net.minecraftforge.common.ForgeConfigSpec/CORE]: Incorrect key world.big_stone_clusters.limestone.biomes was corrected from null to its default, SimpleCommentedConfig:{}. 
[08Apr2025 21:43:45.817] [modloading-worker-0/WARN] [net.minecraftforge.common.ForgeConfigSpec/CORE]: Incorrect key world.big_stone_clusters.limestone.biomes.tags was corrected from null to its default, SimpleCommentedConfig:{}. 
[08Apr2025 21:43:45.817] [modloading-worker-0/WARN] [net.minecraftforge.common.ForgeConfigSpec/CORE]: Incorrect key world.big_stone_clusters.limestone.biomes.tags.Biome Tags was corrected from null to its default, [forge:is_swamp, minecraft:is_ocean]. 
[08Apr2025 21:43:45.817] [modloading-worker-0/WARN] [net.minecraftforge.common.ForgeConfigSpec/CORE]: Incorrect key world.big_stone_clusters.limestone.biomes.tags.Is Blacklist was corrected from null to its default, false. 
[08Apr2025 21:43:45.817] [modloading-worker-0/WARN] [net.minecraftforge.common.ForgeConfigSpec/CORE]: Incorrect key world.big_stone_clusters.limestone.biomes.biomes was corrected from null to its default, SimpleCommentedConfig:{}. 
[08Apr2025 21:43:45.817] [modloading-worker-0/WARN] [net.minecraftforge.common.ForgeConfigSpec/CORE]: Incorrect key world.big_stone_clusters.limestone.biomes.biomes.Biomes was corrected from null to its default, []. 
[08Apr2025 21:43:45.817] [modloading-worker-0/WARN] [net.minecraftforge.common.ForgeConfigSpec/CORE]: Incorrect key world.big_stone_clusters.limestone.biomes.biomes.Is Blacklist was corrected from null to its default, true. 
[08Apr2025 21:43:45.817] [modloading-worker-0/WARN] [net.minecraftforge.common.ForgeConfigSpec/CORE]: Incorrect key world.big_stone_clusters.jasper was corrected from null to its default, SimpleCommentedConfig:{}. 
[08Apr2025 21:43:45.817] [modloading-worker-0/WARN] [net.minecraftforge.common.ForgeConfigSpec/CORE]: Incorrect key world.big_stone_clusters.jasper.Enabled was corrected from null to its default, true. 
[08Apr2025 21:43:45.817] [modloading-worker-0/WARN] [net.minecraftforge.common.ForgeConfigSpec/CORE]: Incorrect key world.big_stone_clusters.jasper.Rarity was corrected from null to its default, 4. 
[08Apr2025 21:43:45.817] [modloading-worker-0/WARN] [net.minecraftforge.common.ForgeConfigSpec/CORE]: Incorrect key world.big_stone_clusters.jasper.Min Y Level was corrected from null to its default, 20. 
[08Apr2025 21:43:45.817] [modloading-worker-0/WARN] [net.minecraftforge.common.ForgeConfigSpec/CORE]: Incorrect key world.big_stone_clusters.jasper.Max Y Level was corrected from null to its default, 80. 
[08Apr2025 21:43:45.817] [modloading-worker-0/WARN] [net.minecraftforge.common.ForgeConfigSpec/CORE]: Incorrect key world.big_stone_clusters.jasper.Horizontal Size was corrected from null to its default, 14. 
[08Apr2025 21:43:45.818] [modloading-worker-0/WARN] [net.minecraftforge.common.ForgeConfigSpec/CORE]: Incorrect key world.big_stone_clusters.jasper.Vertical Size was corrected from null to its default, 14. 
[08Apr2025 21:43:45.818] [modloading-worker-0/WARN] [net.minecraftforge.common.ForgeConfigSpec/CORE]: Incorrect key world.big_stone_clusters.jasper.Horizontal Variation was corrected from null to its default, 9. 
[08Apr2025 21:43:45.818] [modloading-worker-0/WARN] [net.minecraftforge.common.ForgeConfigSpec/CORE]: Incorrect key world.big_stone_clusters.jasper.Vertical Variation was corrected from null to its default, 9. 
[08Apr2025 21:43:45.818] [modloading-worker-0/WARN] [net.minecraftforge.common.ForgeConfigSpec/CORE]: Incorrect key world.big_stone_clusters.jasper.dimensions was corrected from null to its default, SimpleCommentedConfig:{}. 
[08Apr2025 21:43:45.818] [modloading-worker-0/WARN] [net.minecraftforge.common.ForgeConfigSpec/CORE]: Incorrect key world.big_stone_clusters.jasper.dimensions.Is Blacklist was corrected from null to its default, false. 
[08Apr2025 21:43:45.818] [modloading-worker-0/WARN] [net.minecraftforge.common.ForgeConfigSpec/CORE]: Incorrect key world.big_stone_clusters.jasper.dimensions.Dimensions was corrected from null to its default, [minecraft:overworld]. 
[08Apr2025 21:43:45.818] [modloading-worker-0/WARN] [net.minecraftforge.common.ForgeConfigSpec/CORE]: Incorrect key world.big_stone_clusters.jasper.biomes was corrected from null to its default, SimpleCommentedConfig:{}. 
[08Apr2025 21:43:45.818] [modloading-worker-0/WARN] [net.minecraftforge.common.ForgeConfigSpec/CORE]: Incorrect key world.big_stone_clusters.jasper.biomes.tags was corrected from null to its default, SimpleCommentedConfig:{}. 
[08Apr2025 21:43:45.818] [modloading-worker-0/WARN] [net.minecraftforge.common.ForgeConfigSpec/CORE]: Incorrect key world.big_stone_clusters.jasper.biomes.tags.Biome Tags was corrected from null to its default, [minecraft:is_badlands, forge:is_sandy]. 
[08Apr2025 21:43:45.818] [modloading-worker-0/WARN] [net.minecraftforge.common.ForgeConfigSpec/CORE]: Incorrect key world.big_stone_clusters.jasper.biomes.tags.Is Blacklist was corrected from null to its default, false. 
[08Apr2025 21:43:48.007] [modloading-worker-0/WARN] [net.minecraftforge.common.ForgeConfigSpec/CORE]: Incorrect key world.big_stone_clusters.jasper.biomes.biomes was corrected from null to its default, SimpleCommentedConfig:{}. 
[08Apr2025 21:43:48.008] [modloading-worker-0/WARN] [net.minecraftforge.common.ForgeConfigSpec/CORE]: Incorrect key world.big_stone_clusters.jasper.biomes.biomes.Biomes was corrected from null to its default, []. 
[08Apr2025 21:43:48.008] [modloading-worker-0/WARN] [net.minecraftforge.common.ForgeConfigSpec/CORE]: Incorrect key world.big_stone_clusters.jasper.biomes.biomes.Is Blacklist was corrected from null to its default, true. 
[08Apr2025 21:43:48.008] [modloading-worker-0/WARN] [net.minecraftforge.common.ForgeConfigSpec/CORE]: Incorrect key world.big_stone_clusters.shale was corrected from null to its default, SimpleCommentedConfig:{}. 
[08Apr2025 21:43:48.008] [modloading-worker-0/WARN] [net.minecraftforge.common.ForgeConfigSpec/CORE]: Incorrect key world.big_stone_clusters.shale.Enabled was corrected from null to its default, true. 
[08Apr2025 21:43:48.008] [modloading-worker-0/WARN] [net.minecraftforge.common.ForgeConfigSpec/CORE]: Incorrect key world.big_stone_clusters.shale.Rarity was corrected from null to its default, 4. 
[08Apr2025 21:43:48.008] [modloading-worker-0/WARN] [net.minecraftforge.common.ForgeConfigSpec/CORE]: Incorrect key world.big_stone_clusters.shale.Min Y Level was corrected from null to its default, 20. 
[08Apr2025 21:43:48.008] [modloading-worker-0/WARN] [net.minecraftforge.common.ForgeConfigSpec/CORE]: Incorrect key world.big_stone_clusters.shale.Max Y Level was corrected from null to its default, 80. 
[08Apr2025 21:43:48.008] [modloading-worker-0/WARN] [net.minecraftforge.common.ForgeConfigSpec/CORE]: Incorrect key world.big_stone_clusters.shale.Horizontal Size was corrected from null to its default, 14. 
[08Apr2025 21:43:48.008] [modloading-worker-0/WARN] [net.minecraftforge.common.ForgeConfigSpec/CORE]: Incorrect key world.big_stone_clusters.shale.Vertical Size was corrected from null to its default, 14. 
[08Apr2025 21:43:48.008] [modloading-worker-0/WARN] [net.minecraftforge.common.ForgeConfigSpec/CORE]: Incorrect key world.big_stone_clusters.shale.Horizontal Variation was corrected from null to its default, 9. 
[08Apr2025 21:43:48.008] [modloading-worker-0/WARN] [net.minecraftforge.common.ForgeConfigSpec/CORE]: Incorrect key world.big_stone_clusters.shale.Vertical Variation was corrected from null to its default, 9. 
[08Apr2025 21:43:48.008] [modloading-worker-0/WARN] [net.minecraftforge.common.ForgeConfigSpec/CORE]: Incorrect key world.big_stone_clusters.shale.dimensions was corrected from null to its default, SimpleCommentedConfig:{}. 
[08Apr2025 21:43:48.008] [modloading-worker-0/WARN] [net.minecraftforge.common.ForgeConfigSpec/CORE]: Incorrect key world.big_stone_clusters.shale.dimensions.Is Blacklist was corrected from null to its default, false. 
[08Apr2025 21:43:48.008] [modloading-worker-0/WARN] [net.minecraftforge.common.ForgeConfigSpec/CORE]: Incorrect key world.big_stone_clusters.shale.dimensions.Dimensions was corrected from null to its default, [minecraft:overworld]. 
[08Apr2025 21:43:48.008] [modloading-worker-0/WARN] [net.minecraftforge.common.ForgeConfigSpec/CORE]: Incorrect key world.big_stone_clusters.shale.biomes was corrected from null to its default, SimpleCommentedConfig:{}. 
[08Apr2025 21:43:48.008] [modloading-worker-0/WARN] [net.minecraftforge.common.ForgeConfigSpec/CORE]: Incorrect key world.big_stone_clusters.shale.biomes.tags was corrected from null to its default, SimpleCommentedConfig:{}. 
[08Apr2025 21:43:48.009] [modloading-worker-0/WARN] [net.minecraftforge.common.ForgeConfigSpec/CORE]: Incorrect key world.big_stone_clusters.shale.biomes.tags.Biome Tags was corrected from null to its default, [forge:is_snowy]. 
[08Apr2025 21:43:48.009] [modloading-worker-0/WARN] [net.minecraftforge.common.ForgeConfigSpec/CORE]: Incorrect key world.big_stone_clusters.shale.biomes.tags.Is Blacklist was corrected from null to its default, false. 
[08Apr2025 21:43:48.009] [modloading-worker-0/WARN] [net.minecraftforge.common.ForgeConfigSpec/CORE]: Incorrect key world.big_stone_clusters.shale.biomes.biomes was corrected from null to its default, SimpleCommentedConfig:{}. 
[08Apr2025 21:43:48.009] [modloading-worker-0/WARN] [net.minecraftforge.common.ForgeConfigSpec/CORE]: Incorrect key world.big_stone_clusters.shale.biomes.biomes.Biomes was corrected from null to its default, []. 
[08Apr2025 21:43:48.009] [modloading-worker-0/WARN] [net.minecraftforge.common.ForgeConfigSpec/CORE]: Incorrect key world.big_stone_clusters.shale.biomes.biomes.Is Blacklist was corrected from null to its default, true. 
[08Apr2025 21:43:48.009] [modloading-worker-0/WARN] [net.minecraftforge.common.ForgeConfigSpec/CORE]: Incorrect key world.big_stone_clusters.myalite was corrected from null to its default, SimpleCommentedConfig:{}. 
[08Apr2025 21:43:48.009] [modloading-worker-0/WARN] [net.minecraftforge.common.ForgeConfigSpec/CORE]: Incorrect key world.big_stone_clusters.myalite.Generate In Air was corrected from null to its default, true. 
[08Apr2025 21:43:48.009] [modloading-worker-0/WARN] [net.minecraftforge.common.ForgeConfigSpec/CORE]: Incorrect key world.big_stone_clusters.myalite.Enabled was corrected from null to its default, true. 
[08Apr2025 21:43:48.009] [modloading-worker-0/WARN] [net.minecraftforge.common.ForgeConfigSpec/CORE]: Incorrect key world.big_stone_clusters.myalite.Rarity was corrected from null to its default, 100. 
[08Apr2025 21:43:48.009] [modloading-worker-0/WARN] [net.minecraftforge.common.ForgeConfigSpec/CORE]: Incorrect key world.big_stone_clusters.myalite.Min Y Level was corrected from null to its default, 58. 
[08Apr2025 21:43:48.009] [modloading-worker-0/WARN] [net.minecraftforge.common.ForgeConfigSpec/CORE]: Incorrect key world.big_stone_clusters.myalite.Max Y Level was corrected from null to its default, 62. 
[08Apr2025 21:43:48.009] [modloading-worker-0/WARN] [net.minecraftforge.common.ForgeConfigSpec/CORE]: Incorrect key world.big_stone_clusters.myalite.Horizontal Size was corrected from null to its default, 20. 
[08Apr2025 21:43:48.009] [modloading-worker-0/WARN] [net.minecraftforge.common.ForgeConfigSpec/CORE]: Incorrect key world.big_stone_clusters.myalite.Vertical Size was corrected from null to its default, 40. 
[08Apr2025 21:43:48.009] [modloading-worker-0/WARN] [net.minecraftforge.common.ForgeConfigSpec/CORE]: Incorrect key world.big_stone_clusters.myalite.Horizontal Variation was corrected from null to its default, 6. 
[08Apr2025 21:43:48.009] [modloading-worker-0/WARN] [net.minecraftforge.common.ForgeConfigSpec/CORE]: Incorrect key world.big_stone_clusters.myalite.Vertical Variation was corrected from null to its default, 10. 
[08Apr2025 21:43:48.009] [modloading-worker-0/WARN] [net.minecraftforge.common.ForgeConfigSpec/CORE]: Incorrect key world.big_stone_clusters.myalite.dimensions was corrected from null to its default, SimpleCommentedConfig:{}. 
[08Apr2025 21:43:48.009] [modloading-worker-0/WARN] [net.minecraftforge.common.ForgeConfigSpec/CORE]: Incorrect key world.big_stone_clusters.myalite.dimensions.Is Blacklist was corrected from null to its default, false. 
[08Apr2025 21:43:48.010] [modloading-worker-0/WARN] [net.minecraftforge.common.ForgeConfigSpec/CORE]: Incorrect key world.big_stone_clusters.myalite.dimensions.Dimensions was corrected from null to its default, [minecraft:the_end]. 
[08Apr2025 21:43:48.010] [modloading-worker-0/WARN] [net.minecraftforge.common.ForgeConfigSpec/CORE]: Incorrect key world.big_stone_clusters.myalite.biomes was corrected from null to its default, SimpleCommentedConfig:{}. 
[08Apr2025 21:43:48.010] [modloading-worker-0/WARN] [net.minecraftforge.common.ForgeConfigSpec/CORE]: Incorrect key world.big_stone_clusters.myalite.biomes.tags was corrected from null to its default, SimpleCommentedConfig:{}. 
[08Apr2025 21:43:48.010] [modloading-worker-0/WARN] [net.minecraftforge.common.ForgeConfigSpec/CORE]: Incorrect key world.big_stone_clusters.myalite.biomes.tags.Biome Tags was corrected from null to its default, []. 
[08Apr2025 21:43:48.010] [modloading-worker-0/WARN] [net.minecraftforge.common.ForgeConfigSpec/CORE]: Incorrect key world.big_stone_clusters.myalite.biomes.tags.Is Blacklist was corrected from null to its default, true. 
[08Apr2025 21:43:48.010] [modloading-worker-0/WARN] [net.minecraftforge.common.ForgeConfigSpec/CORE]: Incorrect key world.big_stone_clusters.myalite.biomes.biomes was corrected from null to its default, SimpleCommentedConfig:{}. 
[08Apr2025 21:43:48.010] [modloading-worker-0/WARN] [net.minecraftforge.common.ForgeConfigSpec/CORE]: Incorrect key world.big_stone_clusters.myalite.biomes.biomes.Biomes was corrected from null to its default, [minecraft:end_highlands]. 
[08Apr2025 21:43:48.010] [modloading-worker-0/WARN] [net.minecraftforge.common.ForgeConfigSpec/CORE]: Incorrect key world.big_stone_clusters.myalite.biomes.biomes.Is Blacklist was corrected from null to its default, false. 
[08Apr2025 21:43:48.010] [modloading-worker-0/WARN] [net.minecraftforge.common.ForgeConfigSpec/CORE]: Incorrect key world.blossom_trees was corrected from null to its default, SimpleCommentedConfig:{}. 
[08Apr2025 21:43:48.010] [modloading-worker-0/WARN] [net.minecraftforge.common.ForgeConfigSpec/CORE]: Incorrect key world.blossom_trees.Drop Leaf Particles was corrected from null to its default, true. 
[08Apr2025 21:43:48.010] [modloading-worker-0/WARN] [net.minecraftforge.common.ForgeConfigSpec/CORE]: Incorrect key world.blossom_trees.blue was corrected from null to its default, SimpleCommentedConfig:{}. 
[08Apr2025 21:43:48.010] [modloading-worker-0/WARN] [net.minecraftforge.common.ForgeConfigSpec/CORE]: Incorrect key world.blossom_trees.blue.Rarity was corrected from null to its default, 200. 
[08Apr2025 21:43:48.010] [modloading-worker-0/WARN] [net.minecraftforge.common.ForgeConfigSpec/CORE]: Incorrect key world.blossom_trees.blue.dimensions was corrected from null to its default, SimpleCommentedConfig:{}. 
[08Apr2025 21:43:48.010] [modloading-worker-0/WARN] [net.minecraftforge.common.ForgeConfigSpec/CORE]: Incorrect key world.blossom_trees.blue.dimensions.Is Blacklist was corrected from null to its default, false. 
[08Apr2025 21:43:48.011] [modloading-worker-0/WARN] [net.minecraftforge.common.ForgeConfigSpec/CORE]: Incorrect key world.blossom_trees.blue.dimensions.Dimensions was corrected from null to its default, [minecraft:overworld]. 
[08Apr2025 21:43:48.011] [modloading-worker-0/WARN] [net.minecraftforge.common.ForgeConfigSpec/CORE]: Incorrect key world.blossom_trees.blue.biome_config was corrected from null to its default, SimpleCommentedConfig:{}. 
[08Apr2025 21:43:48.011] [modloading-worker-0/WARN] [net.minecraftforge.common.ForgeConfigSpec/CORE]: Incorrect key world.blossom_trees.blue.biome_config.tags was corrected from null to its default, SimpleCommentedConfig:{}. 
[08Apr2025 21:43:48.011] [modloading-worker-0/WARN] [net.minecraftforge.common.ForgeConfigSpec/CORE]: Incorrect key world.blossom_trees.blue.biome_config.tags.Biome Tags was corrected from null to its default, [forge:is_snowy]. 
[08Apr2025 21:43:48.011] [modloading-worker-0/WARN] [net.minecraftforge.common.ForgeConfigSpec/CORE]: Incorrect key world.blossom_trees.blue.biome_config.tags.Is Blacklist was corrected from null to its default, false. 
[08Apr2025 21:43:48.011] [modloading-worker-0/WARN] [net.minecraftforge.common.ForgeConfigSpec/CORE]: Incorrect key world.blossom_trees.blue.biome_config.biomes was corrected from null to its default, SimpleCommentedConfig:{}. 
[08Apr2025 21:43:48.011] [modloading-worker-0/WARN] [net.minecraftforge.common.ForgeConfigSpec/CORE]: Incorrect key world.blossom_trees.blue.biome_config.biomes.Biomes was corrected from null to its default, []. 
[08Apr2025 21:43:48.011] [modloading-worker-0/WARN] [net.minecraftforge.common.ForgeConfigSpec/CORE]: Incorrect key world.blossom_trees.blue.biome_config.biomes.Is Blacklist was corrected from null to its default, true. 
[08Apr2025 21:43:48.011] [modloading-worker-0/WARN] [net.minecraftforge.common.ForgeConfigSpec/CORE]: Incorrect key world.blossom_trees.lavender was corrected from null to its default, SimpleCommentedConfig:{}. 
[08Apr2025 21:43:48.011] [modloading-worker-0/WARN] [net.minecraftforge.common.ForgeConfigSpec/CORE]: Incorrect key world.blossom_trees.lavender.Rarity was corrected from null to its default, 100. 
[08Apr2025 21:43:48.011] [modloading-worker-0/WARN] [net.minecraftforge.common.ForgeConfigSpec/CORE]: Incorrect key world.blossom_trees.lavender.dimensions was corrected from null to its default, SimpleCommentedConfig:{}. 
[08Apr2025 21:43:48.012] [modloading-worker-0/WARN] [net.minecraftforge.common.ForgeConfigSpec/CORE]: Incorrect key world.blossom_trees.lavender.dimensions.Is Blacklist was corrected from null to its default, false. 
[08Apr2025 21:43:48.012] [modloading-worker-0/WARN] [net.minecraftforge.common.ForgeConfigSpec/CORE]: Incorrect key world.blossom_trees.lavender.dimensions.Dimensions was corrected from null to its default, [minecraft:overworld]. 
[08Apr2025 21:43:48.012] [modloading-worker-0/WARN] [net.minecraftforge.common.ForgeConfigSpec/CORE]: Incorrect key world.blossom_trees.lavender.biome_config was corrected from null to its default, SimpleCommentedConfig:{}. 
[08Apr2025 21:43:48.012] [modloading-worker-0/WARN] [net.minecraftforge.common.ForgeConfigSpec/CORE]: Incorrect key world.blossom_trees.lavender.biome_config.tags was corrected from null to its default, SimpleCommentedConfig:{}. 
[08Apr2025 21:43:48.012] [modloading-worker-0/WARN] [net.minecraftforge.common.ForgeConfigSpec/CORE]: Incorrect key world.blossom_trees.lavender.biome_config.tags.Biome Tags was corrected from null to its default, [forge:is_swamp]. 
[08Apr2025 21:43:48.013] [modloading-worker-0/WARN] [net.minecraftforge.common.ForgeConfigSpec/CORE]: Incorrect key world.blossom_trees.lavender.biome_config.tags.Is Blacklist was corrected from null to its default, false. 
[08Apr2025 21:43:48.013] [modloading-worker-0/WARN] [net.minecraftforge.common.ForgeConfigSpec/CORE]: Incorrect key world.blossom_trees.lavender.biome_config.biomes was corrected from null to its default, SimpleCommentedConfig:{}. 
[08Apr2025 21:43:48.013] [modloading-worker-0/WARN] [net.minecraftforge.common.ForgeConfigSpec/CORE]: Incorrect key world.blossom_trees.lavender.biome_config.biomes.Biomes was corrected from null to its default, []. 
[08Apr2025 21:43:48.013] [modloading-worker-0/WARN] [net.minecraftforge.common.ForgeConfigSpec/CORE]: Incorrect key world.blossom_trees.lavender.biome_config.biomes.Is Blacklist was corrected from null to its default, true. 
[08Apr2025 21:43:48.014] [modloading-worker-0/WARN] [net.minecraftforge.common.ForgeConfigSpec/CORE]: Incorrect key world.blossom_trees.orange was corrected from null to its default, SimpleCommentedConfig:{}. 
[08Apr2025 21:43:48.014] [modloading-worker-0/WARN] [net.minecraftforge.common.ForgeConfigSpec/CORE]: Incorrect key world.blossom_trees.orange.Rarity was corrected from null to its default, 100. 
[08Apr2025 21:43:48.014] [modloading-worker-0/WARN] [net.minecraftforge.common.ForgeConfigSpec/CORE]: Incorrect key world.blossom_trees.orange.dimensions was corrected from null to its default, SimpleCommentedConfig:{}. 
[08Apr2025 21:43:48.014] [modloading-worker-0/WARN] [net.minecraftforge.common.ForgeConfigSpec/CORE]: Incorrect key world.blossom_trees.orange.dimensions.Is Blacklist was corrected from null to its default, false. 
[08Apr2025 21:43:48.015] [modloading-worker-0/WARN] [net.minecraftforge.common.ForgeConfigSpec/CORE]: Incorrect key world.blossom_trees.orange.dimensions.Dimensions was corrected from null to its default, [minecraft:overworld]. 
[08Apr2025 21:43:48.015] [modloading-worker-0/WARN] [net.minecraftforge.common.ForgeConfigSpec/CORE]: Incorrect key world.blossom_trees.orange.biome_config was corrected from null to its default, SimpleCommentedConfig:{}. 
[08Apr2025 21:43:48.015] [modloading-worker-0/WARN] [net.minecraftforge.common.ForgeConfigSpec/CORE]: Incorrect key world.blossom_trees.orange.biome_config.tags was corrected from null to its default, SimpleCommentedConfig:{}. 
[08Apr2025 21:43:48.015] [modloading-worker-0/WARN] [net.minecraftforge.common.ForgeConfigSpec/CORE]: Incorrect key world.blossom_trees.orange.biome_config.tags.Biome Tags was corrected from null to its default, [minecraft:is_savanna]. 
[08Apr2025 21:43:48.015] [modloading-worker-0/WARN] [net.minecraftforge.common.ForgeConfigSpec/CORE]: Incorrect key world.blossom_trees.orange.biome_config.tags.Is Blacklist was corrected from null to its default, false. 
[08Apr2025 21:43:48.015] [modloading-worker-0/WARN] [net.minecraftforge.common.ForgeConfigSpec/CORE]: Incorrect key world.blossom_trees.orange.biome_config.biomes was corrected from null to its default, SimpleCommentedConfig:{}. 
[08Apr2025 21:43:48.015] [modloading-worker-0/WARN] [net.minecraftforge.common.ForgeConfigSpec/CORE]: Incorrect key world.blossom_trees.orange.biome_config.biomes.Biomes was corrected from null to its default, []. 
[08Apr2025 21:43:48.016] [modloading-worker-0/WARN] [net.minecraftforge.common.ForgeConfigSpec/CORE]: Incorrect key world.blossom_trees.orange.biome_config.biomes.Is Blacklist was corrected from null to its default, true. 
[08Apr2025 21:43:48.016] [modloading-worker-0/WARN] [net.minecraftforge.common.ForgeConfigSpec/CORE]: Incorrect key world.blossom_trees.yellow was corrected from null to its default, SimpleCommentedConfig:{}. 
[08Apr2025 21:43:48.017] [modloading-worker-0/WARN] [net.minecraftforge.common.ForgeConfigSpec/CORE]: Incorrect key world.blossom_trees.yellow.Rarity was corrected from null to its default, 200. 
[08Apr2025 21:43:48.017] [modloading-worker-0/WARN] [net.minecraftforge.common.ForgeConfigSpec/CORE]: Incorrect key world.blossom_trees.yellow.dimensions was corrected from null to its default, SimpleCommentedConfig:{}. 
[08Apr2025 21:43:48.018] [modloading-worker-0/WARN] [net.minecraftforge.common.ForgeConfigSpec/CORE]: Incorrect key world.blossom_trees.yellow.dimensions.Is Blacklist was corrected from null to its default, false. 
[08Apr2025 21:43:48.018] [modloading-worker-0/WARN] [net.minecraftforge.common.ForgeConfigSpec/CORE]: Incorrect key world.blossom_trees.yellow.dimensions.Dimensions was corrected from null to its default, [minecraft:overworld]. 
[08Apr2025 21:43:48.018] [modloading-worker-0/WARN] [net.minecraftforge.common.ForgeConfigSpec/CORE]: Incorrect key world.blossom_trees.yellow.biome_config was corrected from null to its default, SimpleCommentedConfig:{}. 
[08Apr2025 21:43:48.018] [modloading-worker-0/WARN] [net.minecraftforge.common.ForgeConfigSpec/CORE]: Incorrect key world.blossom_trees.yellow.biome_config.tags was corrected from null to its default, SimpleCommentedConfig:{}. 
[08Apr2025 21:43:48.019] [modloading-worker-0/WARN] [net.minecraftforge.common.ForgeConfigSpec/CORE]: Incorrect key world.blossom_trees.yellow.biome_config.tags.Biome Tags was corrected from null to its default, [forge:is_plains]. 
[08Apr2025 21:43:48.019] [modloading-worker-0/WARN] [net.minecraftforge.common.ForgeConfigSpec/CORE]: Incorrect key world.blossom_trees.yellow.biome_config.tags.Is Blacklist was corrected from null to its default, false. 
[08Apr2025 21:43:48.020] [modloading-worker-0/WARN] [net.minecraftforge.common.ForgeConfigSpec/CORE]: Incorrect key world.blossom_trees.yellow.biome_config.biomes was corrected from null to its default, SimpleCommentedConfig:{}. 
[08Apr2025 21:43:48.020] [modloading-worker-0/WARN] [net.minecraftforge.common.ForgeConfigSpec/CORE]: Incorrect key world.blossom_trees.yellow.biome_config.biomes.Biomes was corrected from null to its default, []. 
[08Apr2025 21:43:48.020] [modloading-worker-0/WARN] [net.minecraftforge.common.ForgeConfigSpec/CORE]: Incorrect key world.blossom_trees.yellow.biome_config.biomes.Is Blacklist was corrected from null to its default, true. 
[08Apr2025 21:43:48.021] [modloading-worker-0/WARN] [net.minecraftforge.common.ForgeConfigSpec/CORE]: Incorrect key world.blossom_trees.red was corrected from null to its default, SimpleCommentedConfig:{}. 
[08Apr2025 21:43:48.021] [modloading-worker-0/WARN] [net.minecraftforge.common.ForgeConfigSpec/CORE]: Incorrect key world.blossom_trees.red.Rarity was corrected from null to its default, 30. 
[08Apr2025 21:43:48.021] [modloading-worker-0/WARN] [net.minecraftforge.common.ForgeConfigSpec/CORE]: Incorrect key world.blossom_trees.red.dimensions was corrected from null to its default, SimpleCommentedConfig:{}. 
[08Apr2025 21:43:48.021] [modloading-worker-0/WARN] [net.minecraftforge.common.ForgeConfigSpec/CORE]: Incorrect key world.blossom_trees.red.dimensions.Is Blacklist was corrected from null to its default, false. 
[08Apr2025 21:43:48.021] [modloading-worker-0/WARN] [net.minecraftforge.common.ForgeConfigSpec/CORE]: Incorrect key world.blossom_trees.red.dimensions.Dimensions was corrected from null to its default, [minecraft:overworld]. 
[08Apr2025 21:43:48.022] [modloading-worker-0/WARN] [net.minecraftforge.common.ForgeConfigSpec/CORE]: Incorrect key world.blossom_trees.red.biome_config was corrected from null to its default, SimpleCommentedConfig:{}. 
[08Apr2025 21:43:48.022] [modloading-worker-0/WARN] [net.minecraftforge.common.ForgeConfigSpec/CORE]: Incorrect key world.blossom_trees.red.biome_config.tags was corrected from null to its default, SimpleCommentedConfig:{}. 
[08Apr2025 21:43:48.022] [modloading-worker-0/WARN] [net.minecraftforge.common.ForgeConfigSpec/CORE]: Incorrect key world.blossom_trees.red.biome_config.tags.Biome Tags was corrected from null to its default, [minecraft:is_badlands]. 
[08Apr2025 21:43:48.022] [modloading-worker-0/WARN] [net.minecraftforge.common.ForgeConfigSpec/CORE]: Incorrect key world.blossom_trees.red.biome_config.tags.Is Blacklist was corrected from null to its default, false. 
[08Apr2025 21:43:48.022] [modloading-worker-0/WARN] [net.minecraftforge.common.ForgeConfigSpec/CORE]: Incorrect key world.blossom_trees.red.biome_config.biomes was corrected from null to its default, SimpleCommentedConfig:{}. 
[08Apr2025 21:43:48.022] [modloading-worker-0/WARN] [net.minecraftforge.common.ForgeConfigSpec/CORE]: Incorrect key world.blossom_trees.red.biome_config.biomes.Biomes was corrected from null to its default, []. 
[08Apr2025 21:43:48.022] [modloading-worker-0/WARN] [net.minecraftforge.common.ForgeConfigSpec/CORE]: Incorrect key world.blossom_trees.red.biome_config.biomes.Is Blacklist was corrected from null to its default, true. 
[08Apr2025 21:43:48.022] [modloading-worker-0/WARN] [net.minecraftforge.common.ForgeConfigSpec/CORE]: Incorrect key world.chorus_vegetation was corrected from null to its default, SimpleCommentedConfig:{}. 
[08Apr2025 21:43:48.023] [modloading-worker-0/WARN] [net.minecraftforge.common.ForgeConfigSpec/CORE]: Incorrect key world.chorus_vegetation.Rarity was corrected from null to its default, 150. 
[08Apr2025 21:43:48.023] [modloading-worker-0/WARN] [net.minecraftforge.common.ForgeConfigSpec/CORE]: Incorrect key world.chorus_vegetation.Radius was corrected from null to its default, 7. 
[08Apr2025 21:43:48.023] [modloading-worker-0/WARN] [net.minecraftforge.common.ForgeConfigSpec/CORE]: Incorrect key world.chorus_vegetation.Chunk Attempts was corrected from null to its default, 120. 
[08Apr2025 21:43:48.023] [modloading-worker-0/WARN] [net.minecraftforge.common.ForgeConfigSpec/CORE]: Incorrect key world.chorus_vegetation.Highlands Chance was corrected from null to its default, 1.0. 
[08Apr2025 21:43:48.023] [modloading-worker-0/WARN] [net.minecraftforge.common.ForgeConfigSpec/CORE]: Incorrect key world.chorus_vegetation.Midlands Chance was corrected from null to its default, 0.2. 
[08Apr2025 21:43:48.023] [modloading-worker-0/WARN] [net.minecraftforge.common.ForgeConfigSpec/CORE]: Incorrect key world.chorus_vegetation.Other End Biomes Chance was corrected from null to its default, 0.0. 
[08Apr2025 21:43:48.023] [modloading-worker-0/WARN] [net.minecraftforge.common.ForgeConfigSpec/CORE]: Incorrect key world.chorus_vegetation.Passive Teleport Chance was corrected from null to its default, 0.2. 
[08Apr2025 21:43:48.023] [modloading-worker-0/WARN] [net.minecraftforge.common.ForgeConfigSpec/CORE]: Incorrect key world.chorus_vegetation.Endermite Spawn Chance was corrected from null to its default, 0.01. 
[08Apr2025 21:43:48.023] [modloading-worker-0/WARN] [net.minecraftforge.common.ForgeConfigSpec/CORE]: Incorrect key world.chorus_vegetation.Teleport Duplication Chance was corrected from null to its default, 0.01. 
[08Apr2025 21:43:48.023] [modloading-worker-0/WARN] [net.minecraftforge.common.ForgeConfigSpec/CORE]: Incorrect key world.corundum was corrected from null to its default, SimpleCommentedConfig:{}. 
[08Apr2025 21:43:48.023] [modloading-worker-0/WARN] [net.minecraftforge.common.ForgeConfigSpec/CORE]: Incorrect key world.corundum.Crystal Chance was corrected from null to its default, 0.16. 
[08Apr2025 21:43:48.023] [modloading-worker-0/WARN] [net.minecraftforge.common.ForgeConfigSpec/CORE]: Incorrect key world.corundum.Crystal Cluster Chance was corrected from null to its default, 0.2. 
[08Apr2025 21:43:48.024] [modloading-worker-0/WARN] [net.minecraftforge.common.ForgeConfigSpec/CORE]: Incorrect key world.corundum.Crystal Cluster On Sides Chance was corrected from null to its default, 0.6. 
[08Apr2025 21:43:48.024] [modloading-worker-0/WARN] [net.minecraftforge.common.ForgeConfigSpec/CORE]: Incorrect key world.corundum.Double Crystal Chance was corrected from null to its default, 0.2. 
[08Apr2025 21:43:48.024] [modloading-worker-0/WARN] [net.minecraftforge.common.ForgeConfigSpec/CORE]: Incorrect key world.corundum.Cave Crystal Growth Chance was corrected from null to its default, 5. 
[08Apr2025 21:43:48.024] [modloading-worker-0/WARN] [net.minecraftforge.common.ForgeConfigSpec/CORE]: Incorrect key world.corundum.Crystals Craft Runes was corrected from null to its default, true. 
[08Apr2025 21:43:48.024] [modloading-worker-0/WARN] [net.minecraftforge.common.ForgeConfigSpec/CORE]: Incorrect key world.corundum.Enable Collateral Movement was corrected from null to its default, true. 
[08Apr2025 21:43:48.024] [modloading-worker-0/WARN] [net.minecraftforge.common.ForgeConfigSpec/CORE]: Incorrect key world.corundum.generation_settings was corrected from null to its default, SimpleCommentedConfig:{}. 
[08Apr2025 21:43:48.024] [modloading-worker-0/WARN] [net.minecraftforge.common.ForgeConfigSpec/CORE]: Incorrect key world.corundum.generation_settings.Rarity was corrected from null to its default, 400. 
[08Apr2025 21:43:48.024] [modloading-worker-0/WARN] [net.minecraftforge.common.ForgeConfigSpec/CORE]: Incorrect key world.corundum.generation_settings.Min Y Level was corrected from null to its default, 0. 
[08Apr2025 21:43:48.024] [modloading-worker-0/WARN] [net.minecraftforge.common.ForgeConfigSpec/CORE]: Incorrect key world.corundum.generation_settings.Max Y Level was corrected from null to its default, 64. 
[08Apr2025 21:43:48.025] [modloading-worker-0/WARN] [net.minecraftforge.common.ForgeConfigSpec/CORE]: Incorrect key world.corundum.generation_settings.Horizontal Size was corrected from null to its default, 36. 
[08Apr2025 21:43:48.025] [modloading-worker-0/WARN] [net.minecraftforge.common.ForgeConfigSpec/CORE]: Incorrect key world.corundum.generation_settings.Vertical Size was corrected from null to its default, 14. 
[08Apr2025 21:43:48.025] [modloading-worker-0/WARN] [net.minecraftforge.common.ForgeConfigSpec/CORE]: Incorrect key world.corundum.generation_settings.Horizontal Variation was corrected from null to its default, 8. 
[08Apr2025 21:43:48.025] [modloading-worker-0/WARN] [net.minecraftforge.common.ForgeConfigSpec/CORE]: Incorrect key world.corundum.generation_settings.Vertical Variation was corrected from null to its default, 6. 
[08Apr2025 21:43:48.025] [modloading-worker-0/WARN] [net.minecraftforge.common.ForgeConfigSpec/CORE]: Incorrect key world.corundum.generation_settings.dimensions was corrected from null to its default, SimpleCommentedConfig:{}. 
[08Apr2025 21:43:48.026] [modloading-worker-0/WARN] [net.minecraftforge.common.ForgeConfigSpec/CORE]: Incorrect key world.corundum.generation_settings.dimensions.Is Blacklist was corrected from null to its default, false. 
[08Apr2025 21:43:48.026] [modloading-worker-0/WARN] [net.minecraftforge.common.ForgeConfigSpec/CORE]: Incorrect key world.corundum.generation_settings.dimensions.Dimensions was corrected from null to its default, [minecraft:overworld]. 
[08Apr2025 21:43:48.026] [modloading-worker-0/WARN] [net.minecraftforge.common.ForgeConfigSpec/CORE]: Incorrect key world.corundum.generation_settings.biomes was corrected from null to its default, SimpleCommentedConfig:{}. 
[08Apr2025 21:43:48.027] [modloading-worker-0/WARN] [net.minecraftforge.common.ForgeConfigSpec/CORE]: Incorrect key world.corundum.generation_settings.biomes.tags was corrected from null to its default, SimpleCommentedConfig:{}. 
[08Apr2025 21:43:48.027] [modloading-worker-0/WARN] [net.minecraftforge.common.ForgeConfigSpec/CORE]: Incorrect key world.corundum.generation_settings.biomes.tags.Biome Tags was corrected from null to its default, [minecraft:is_ocean]. 
[08Apr2025 21:43:48.027] [modloading-worker-0/WARN] [net.minecraftforge.common.ForgeConfigSpec/CORE]: Incorrect key world.corundum.generation_settings.biomes.tags.Is Blacklist was corrected from null to its default, true. 
[08Apr2025 21:43:48.027] [modloading-worker-0/WARN] [net.minecraftforge.common.ForgeConfigSpec/CORE]: Incorrect key world.corundum.generation_settings.biomes.biomes was corrected from null to its default, SimpleCommentedConfig:{}. 
[08Apr2025 21:43:48.027] [modloading-worker-0/WARN] [net.minecraftforge.common.ForgeConfigSpec/CORE]: Incorrect key world.corundum.generation_settings.biomes.biomes.Biomes was corrected from null to its default, []. 
[08Apr2025 21:43:48.027] [modloading-worker-0/WARN] [net.minecraftforge.common.ForgeConfigSpec/CORE]: Incorrect key world.corundum.generation_settings.biomes.biomes.Is Blacklist was corrected from null to its default, true. 
[08Apr2025 21:43:48.027] [modloading-worker-0/WARN] [net.minecraftforge.common.ForgeConfigSpec/CORE]: Incorrect key world.fairy_rings was corrected from null to its default, SimpleCommentedConfig:{}. 
[08Apr2025 21:43:48.027] [modloading-worker-0/WARN] [net.minecraftforge.common.ForgeConfigSpec/CORE]: Incorrect key world.fairy_rings.Forest Chance was corrected from null to its default, 0.00625. 
[08Apr2025 21:43:48.027] [modloading-worker-0/WARN] [net.minecraftforge.common.ForgeConfigSpec/CORE]: Incorrect key world.fairy_rings.Plains Chance was corrected from null to its default, 0.0025. 
[08Apr2025 21:43:48.028] [modloading-worker-0/WARN] [net.minecraftforge.common.ForgeConfigSpec/CORE]: Incorrect key world.fairy_rings.Ores was corrected from null to its default, [minecraft:emerald_ore, minecraft:diamond_ore]. 
[08Apr2025 21:43:48.028] [modloading-worker-0/WARN] [net.minecraftforge.common.ForgeConfigSpec/CORE]: Incorrect key world.fairy_rings.dimensions was corrected from null to its default, SimpleCommentedConfig:{}. 
[08Apr2025 21:43:48.028] [modloading-worker-0/WARN] [net.minecraftforge.common.ForgeConfigSpec/CORE]: Incorrect key world.fairy_rings.dimensions.Is Blacklist was corrected from null to its default, false. 
[08Apr2025 21:43:48.028] [modloading-worker-0/WARN] [net.minecraftforge.common.ForgeConfigSpec/CORE]: Incorrect key world.fairy_rings.dimensions.Dimensions was corrected from null to its default, [minecraft:overworld]. 
[08Apr2025 21:43:48.028] [modloading-worker-0/WARN] [net.minecraftforge.common.ForgeConfigSpec/CORE]: Incorrect key world.glimmering_weald was corrected from null to its default, SimpleCommentedConfig:{}. 
[08Apr2025 21:43:48.028] [modloading-worker-0/WARN] [net.minecraftforge.common.ForgeConfigSpec/CORE]: Incorrect key world.glimmering_weald.Min Depth Range was corrected from null to its default, 1.5499999523162842. 
[08Apr2025 21:43:48.028] [modloading-worker-0/WARN] [net.minecraftforge.common.ForgeConfigSpec/CORE]: Incorrect key world.glimmering_weald.Max Weirdness Range was corrected from null to its default, 2.0. 
[08Apr2025 21:43:48.028] [modloading-worker-0/WARN] [net.minecraftforge.common.ForgeConfigSpec/CORE]: Incorrect key world.monster_box was corrected from null to its default, SimpleCommentedConfig:{}. 
[08Apr2025 21:43:48.028] [modloading-worker-0/WARN] [net.minecraftforge.common.ForgeConfigSpec/CORE]: Incorrect key world.monster_box.Chance Per Chunk was corrected from null to its default, 0.2. 
[08Apr2025 21:43:48.029] [modloading-worker-0/WARN] [net.minecraftforge.common.ForgeConfigSpec/CORE]: Incorrect key world.monster_box.Min Y was corrected from null to its default, -50. 
[08Apr2025 21:43:48.029] [modloading-worker-0/WARN] [net.minecraftforge.common.ForgeConfigSpec/CORE]: Incorrect key world.monster_box.Max Y was corrected from null to its default, 0. 
[08Apr2025 21:43:48.029] [modloading-worker-0/WARN] [net.minecraftforge.common.ForgeConfigSpec/CORE]: Incorrect key world.monster_box.Min Mob Count was corrected from null to its default, 5. 
[08Apr2025 21:43:48.029] [modloading-worker-0/WARN] [net.minecraftforge.common.ForgeConfigSpec/CORE]: Incorrect key world.monster_box.Max Mob Count was corrected from null to its default, 8. 
[08Apr2025 21:43:48.029] [modloading-worker-0/WARN] [net.minecraftforge.common.ForgeConfigSpec/CORE]: Incorrect key world.monster_box.Enable Extra Loot Table was corrected from null to its default, true. 
[08Apr2025 21:43:48.029] [modloading-worker-0/WARN] [net.minecraftforge.common.ForgeConfigSpec/CORE]: Incorrect key world.monster_box.Activation Range was corrected from null to its default, 2.5. 
[08Apr2025 21:43:48.029] [modloading-worker-0/WARN] [net.minecraftforge.common.ForgeConfigSpec/CORE]: Incorrect key world.monster_box.Search Range was corrected from null to its default, 15. 
[08Apr2025 21:43:48.029] [modloading-worker-0/WARN] [net.minecraftforge.common.ForgeConfigSpec/CORE]: Incorrect key world.monster_box.dimensions was corrected from null to its default, SimpleCommentedConfig:{}. 
[08Apr2025 21:43:48.029] [modloading-worker-0/WARN] [net.minecraftforge.common.ForgeConfigSpec/CORE]: Incorrect key world.monster_box.dimensions.Is Blacklist was corrected from null to its default, false. 
[08Apr2025 21:43:48.029] [modloading-worker-0/WARN] [net.minecraftforge.common.ForgeConfigSpec/CORE]: Incorrect key world.monster_box.dimensions.Dimensions was corrected from null to its default, [minecraft:overworld]. 
[08Apr2025 21:43:48.029] [modloading-worker-0/WARN] [net.minecraftforge.common.ForgeConfigSpec/CORE]: Incorrect key world.nether_obsidian_spikes was corrected from null to its default, SimpleCommentedConfig:{}. 
[08Apr2025 21:43:48.029] [modloading-worker-0/WARN] [net.minecraftforge.common.ForgeConfigSpec/CORE]: Incorrect key world.nether_obsidian_spikes.Chance Per Chunk was corrected from null to its default, 0.1. 
[08Apr2025 21:43:48.030] [modloading-worker-0/WARN] [net.minecraftforge.common.ForgeConfigSpec/CORE]: Incorrect key world.nether_obsidian_spikes.Big Spike Chance was corrected from null to its default, 0.03. 
[08Apr2025 21:43:48.030] [modloading-worker-0/WARN] [net.minecraftforge.common.ForgeConfigSpec/CORE]: Incorrect key world.nether_obsidian_spikes.Tries Per Chunk was corrected from null to its default, 4. 
[08Apr2025 21:43:48.030] [modloading-worker-0/WARN] [net.minecraftforge.common.ForgeConfigSpec/CORE]: Incorrect key world.nether_obsidian_spikes.Big Spike Spawners was corrected from null to its default, true. 
[08Apr2025 21:43:48.030] [modloading-worker-0/WARN] [net.minecraftforge.common.ForgeConfigSpec/CORE]: Incorrect key world.nether_obsidian_spikes.dimensions was corrected from null to its default, SimpleCommentedConfig:{}. 
[08Apr2025 21:43:48.030] [modloading-worker-0/WARN] [net.minecraftforge.common.ForgeConfigSpec/CORE]: Incorrect key world.nether_obsidian_spikes.dimensions.Is Blacklist was corrected from null to its default, false. 
[08Apr2025 21:43:48.030] [modloading-worker-0/WARN] [net.minecraftforge.common.ForgeConfigSpec/CORE]: Incorrect key world.nether_obsidian_spikes.dimensions.Dimensions was corrected from null to its default, [minecraft:the_nether]. 
[08Apr2025 21:43:48.030] [modloading-worker-0/WARN] [net.minecraftforge.common.ForgeConfigSpec/CORE]: Incorrect key world.new_stone_types was corrected from null to its default, SimpleCommentedConfig:{}. 
[08Apr2025 21:43:48.030] [modloading-worker-0/WARN] [net.minecraftforge.common.ForgeConfigSpec/CORE]: Incorrect key world.new_stone_types.Enable Limestone was corrected from null to its default, true. 
[08Apr2025 21:43:48.030] [modloading-worker-0/WARN] [net.minecraftforge.common.ForgeConfigSpec/CORE]: Incorrect key world.new_stone_types.Enable Jasper was corrected from null to its default, true. 
[08Apr2025 21:43:48.030] [modloading-worker-0/WARN] [net.minecraftforge.common.ForgeConfigSpec/CORE]: Incorrect key world.new_stone_types.Enable Shale was corrected from null to its default, true. 
[08Apr2025 21:43:48.031] [modloading-worker-0/WARN] [net.minecraftforge.common.ForgeConfigSpec/CORE]: Incorrect key world.new_stone_types.Enable Myalite was corrected from null to its default, true. 
[08Apr2025 21:43:48.031] [modloading-worker-0/WARN] [net.minecraftforge.common.ForgeConfigSpec/CORE]: Incorrect key world.new_stone_types.Add New Stones To Mason Trades was corrected from null to its default, true. 
[08Apr2025 21:43:48.031] [modloading-worker-0/WARN] [net.minecraftforge.common.ForgeConfigSpec/CORE]: Incorrect key world.new_stone_types.limestone was corrected from null to its default, SimpleCommentedConfig:{}. 
[08Apr2025 21:43:48.031] [modloading-worker-0/WARN] [net.minecraftforge.common.ForgeConfigSpec/CORE]: Incorrect key world.new_stone_types.limestone.dimensions was corrected from null to its default, SimpleCommentedConfig:{}. 
[08Apr2025 21:43:48.031] [modloading-worker-0/WARN] [net.minecraftforge.common.ForgeConfigSpec/CORE]: Incorrect key world.new_stone_types.limestone.dimensions.Is Blacklist was corrected from null to its default, false. 
[08Apr2025 21:43:48.032] [modloading-worker-0/WARN] [net.minecraftforge.common.ForgeConfigSpec/CORE]: Incorrect key world.new_stone_types.limestone.dimensions.Dimensions was corrected from null to its default, [minecraft:overworld]. 
[08Apr2025 21:43:48.032] [modloading-worker-0/WARN] [net.minecraftforge.common.ForgeConfigSpec/CORE]: Incorrect key world.new_stone_types.limestone.oregen_lower was corrected from null to its default, SimpleCommentedConfig:{}. 
[08Apr2025 21:43:48.032] [modloading-worker-0/WARN] [net.minecraftforge.common.ForgeConfigSpec/CORE]: Incorrect key world.new_stone_types.limestone.oregen_lower.Min Height was corrected from null to its default, 0. 
[08Apr2025 21:43:48.032] [modloading-worker-0/WARN] [net.minecraftforge.common.ForgeConfigSpec/CORE]: Incorrect key world.new_stone_types.limestone.oregen_lower.Max Height was corrected from null to its default, 60. 
[08Apr2025 21:43:48.032] [modloading-worker-0/WARN] [net.minecraftforge.common.ForgeConfigSpec/CORE]: Incorrect key world.new_stone_types.limestone.oregen_lower.Cluster Size was corrected from null to its default, 64. 
[08Apr2025 21:43:48.032] [modloading-worker-0/WARN] [net.minecraftforge.common.ForgeConfigSpec/CORE]: Incorrect key world.new_stone_types.limestone.oregen_lower.Cluster Count was corrected from null to its default, 2.0. 
[08Apr2025 21:43:48.033] [modloading-worker-0/WARN] [net.minecraftforge.common.ForgeConfigSpec/CORE]: Incorrect key world.new_stone_types.limestone.oregen_upper was corrected from null to its default, SimpleCommentedConfig:{}. 
[08Apr2025 21:43:48.033] [modloading-worker-0/WARN] [net.minecraftforge.common.ForgeConfigSpec/CORE]: Incorrect key world.new_stone_types.limestone.oregen_upper.Min Height was corrected from null to its default, 64. 
[08Apr2025 21:43:48.033] [modloading-worker-0/WARN] [net.minecraftforge.common.ForgeConfigSpec/CORE]: Incorrect key world.new_stone_types.limestone.oregen_upper.Max Height was corrected from null to its default, 128. 
[08Apr2025 21:43:48.033] [modloading-worker-0/WARN] [net.minecraftforge.common.ForgeConfigSpec/CORE]: Incorrect key world.new_stone_types.limestone.oregen_upper.Cluster Size was corrected from null to its default, 64. 
[08Apr2025 21:43:48.033] [modloading-worker-0/WARN] [net.minecraftforge.common.ForgeConfigSpec/CORE]: Incorrect key world.new_stone_types.limestone.oregen_upper.Cluster Count was corrected from null to its default, 0.1666666. 
[08Apr2025 21:43:48.033] [modloading-worker-0/WARN] [net.minecraftforge.common.ForgeConfigSpec/CORE]: Incorrect key world.new_stone_types.jasper was corrected from null to its default, SimpleCommentedConfig:{}. 
[08Apr2025 21:43:48.033] [modloading-worker-0/WARN] [net.minecraftforge.common.ForgeConfigSpec/CORE]: Incorrect key world.new_stone_types.jasper.dimensions was corrected from null to its default, SimpleCommentedConfig:{}. 
[08Apr2025 21:43:48.033] [modloading-worker-0/WARN] [net.minecraftforge.common.ForgeConfigSpec/CORE]: Incorrect key world.new_stone_types.jasper.dimensions.Is Blacklist was corrected from null to its default, false. 
[08Apr2025 21:43:48.033] [modloading-worker-0/WARN] [net.minecraftforge.common.ForgeConfigSpec/CORE]: Incorrect key world.new_stone_types.jasper.dimensions.Dimensions was corrected from null to its default, [minecraft:overworld]. 
[08Apr2025 21:43:48.033] [modloading-worker-0/WARN] [net.minecraftforge.common.ForgeConfigSpec/CORE]: Incorrect key world.new_stone_types.jasper.oregen_lower was corrected from null to its default, SimpleCommentedConfig:{}. 
[08Apr2025 21:43:48.034] [modloading-worker-0/WARN] [net.minecraftforge.common.ForgeConfigSpec/CORE]: Incorrect key world.new_stone_types.jasper.oregen_lower.Min Height was corrected from null to its default, 0. 
[08Apr2025 21:43:48.034] [modloading-worker-0/WARN] [net.minecraftforge.common.ForgeConfigSpec/CORE]: Incorrect key world.new_stone_types.jasper.oregen_lower.Max Height was corrected from null to its default, 60. 
[08Apr2025 21:43:48.034] [modloading-worker-0/WARN] [net.minecraftforge.common.ForgeConfigSpec/CORE]: Incorrect key world.new_stone_types.jasper.oregen_lower.Cluster Size was corrected from null to its default, 64. 
[08Apr2025 21:43:48.034] [modloading-worker-0/WARN] [net.minecraftforge.common.ForgeConfigSpec/CORE]: Incorrect key world.new_stone_types.jasper.oregen_lower.Cluster Count was corrected from null to its default, 2.0. 
[08Apr2025 21:43:48.034] [modloading-worker-0/WARN] [net.minecraftforge.common.ForgeConfigSpec/CORE]: Incorrect key world.new_stone_types.jasper.oregen_upper was corrected from null to its default, SimpleCommentedConfig:{}. 
[08Apr2025 21:43:48.034] [modloading-worker-0/WARN] [net.minecraftforge.common.ForgeConfigSpec/CORE]: Incorrect key world.new_stone_types.jasper.oregen_upper.Min Height was corrected from null to its default, 64. 
[08Apr2025 21:43:48.034] [modloading-worker-0/WARN] [net.minecraftforge.common.ForgeConfigSpec/CORE]: Incorrect key world.new_stone_types.jasper.oregen_upper.Max Height was corrected from null to its default, 128. 
[08Apr2025 21:43:48.034] [modloading-worker-0/WARN] [net.minecraftforge.common.ForgeConfigSpec/CORE]: Incorrect key world.new_stone_types.jasper.oregen_upper.Cluster Size was corrected from null to its default, 64. 
[08Apr2025 21:43:48.034] [modloading-worker-0/WARN] [net.minecraftforge.common.ForgeConfigSpec/CORE]: Incorrect key world.new_stone_types.jasper.oregen_upper.Cluster Count was corrected from null to its default, 0.1666666. 
[08Apr2025 21:43:48.035] [modloading-worker-0/WARN] [net.minecraftforge.common.ForgeConfigSpec/CORE]: Incorrect key world.new_stone_types.shale was corrected from null to its default, SimpleCommentedConfig:{}. 
[08Apr2025 21:43:48.035] [modloading-worker-0/WARN] [net.minecraftforge.common.ForgeConfigSpec/CORE]: Incorrect key world.new_stone_types.shale.dimensions was corrected from null to its default, SimpleCommentedConfig:{}. 
[08Apr2025 21:43:48.035] [modloading-worker-0/WARN] [net.minecraftforge.common.ForgeConfigSpec/CORE]: Incorrect key world.new_stone_types.shale.dimensions.Is Blacklist was corrected from null to its default, false. 
[08Apr2025 21:43:48.035] [modloading-worker-0/WARN] [net.minecraftforge.common.ForgeConfigSpec/CORE]: Incorrect key world.new_stone_types.shale.dimensions.Dimensions was corrected from null to its default, [minecraft:overworld]. 
[08Apr2025 21:43:48.035] [modloading-worker-0/WARN] [net.minecraftforge.common.ForgeConfigSpec/CORE]: Incorrect key world.new_stone_types.shale.oregen_lower was corrected from null to its default, SimpleCommentedConfig:{}. 
[08Apr2025 21:43:48.035] [modloading-worker-0/WARN] [net.minecraftforge.common.ForgeConfigSpec/CORE]: Incorrect key world.new_stone_types.shale.oregen_lower.Min Height was corrected from null to its default, 0. 
[08Apr2025 21:43:48.035] [modloading-worker-0/WARN] [net.minecraftforge.common.ForgeConfigSpec/CORE]: Incorrect key world.new_stone_types.shale.oregen_lower.Max Height was corrected from null to its default, 60. 
[08Apr2025 21:43:48.035] [modloading-worker-0/WARN] [net.minecraftforge.common.ForgeConfigSpec/CORE]: Incorrect key world.new_stone_types.shale.oregen_lower.Cluster Size was corrected from null to its default, 64. 
[08Apr2025 21:43:48.035] [modloading-worker-0/WARN] [net.minecraftforge.common.ForgeConfigSpec/CORE]: Incorrect key world.new_stone_types.shale.oregen_lower.Cluster Count was corrected from null to its default, 2.0. 
[08Apr2025 21:43:48.035] [modloading-worker-0/WARN] [net.minecraftforge.common.ForgeConfigSpec/CORE]: Incorrect key world.new_stone_types.shale.oregen_upper was corrected from null to its default, SimpleCommentedConfig:{}. 
[08Apr2025 21:43:48.035] [modloading-worker-0/WARN] [net.minecraftforge.common.ForgeConfigSpec/CORE]: Incorrect key world.new_stone_types.shale.oregen_upper.Min Height was corrected from null to its default, 64. 
[08Apr2025 21:43:48.035] [modloading-worker-0/WARN] [net.minecraftforge.common.ForgeConfigSpec/CORE]: Incorrect key world.new_stone_types.shale.oregen_upper.Max Height was corrected from null to its default, 128. 
[08Apr2025 21:43:48.036] [modloading-worker-0/WARN] [net.minecraftforge.common.ForgeConfigSpec/CORE]: Incorrect key world.new_stone_types.shale.oregen_upper.Cluster Size was corrected from null to its default, 64. 
[08Apr2025 21:43:48.036] [modloading-worker-0/WARN] [net.minecraftforge.common.ForgeConfigSpec/CORE]: Incorrect key world.new_stone_types.shale.oregen_upper.Cluster Count was corrected from null to its default, 0.1666666. 
[08Apr2025 21:43:48.037] [modloading-worker-0/WARN] [net.minecraftforge.common.ForgeConfigSpec/CORE]: Incorrect key world.new_stone_types.myalite was corrected from null to its default, SimpleCommentedConfig:{}. 
[08Apr2025 21:43:48.037] [modloading-worker-0/WARN] [net.minecraftforge.common.ForgeConfigSpec/CORE]: Incorrect key world.new_stone_types.myalite.dimensions was corrected from null to its default, SimpleCommentedConfig:{}. 
[08Apr2025 21:43:48.037] [modloading-worker-0/WARN] [net.minecraftforge.common.ForgeConfigSpec/CORE]: Incorrect key world.new_stone_types.myalite.dimensions.Is Blacklist was corrected from null to its default, false. 
[08Apr2025 21:43:48.038] [modloading-worker-0/WARN] [net.minecraftforge.common.ForgeConfigSpec/CORE]: Incorrect key world.new_stone_types.myalite.dimensions.Dimensions was corrected from null to its default, [minecraft:the_end]. 
[08Apr2025 21:43:48.038] [modloading-worker-0/WARN] [net.minecraftforge.common.ForgeConfigSpec/CORE]: Incorrect key world.new_stone_types.myalite.oregen_lower was corrected from null to its default, SimpleCommentedConfig:{}. 
[08Apr2025 21:43:48.038] [modloading-worker-0/WARN] [net.minecraftforge.common.ForgeConfigSpec/CORE]: Incorrect key world.new_stone_types.myalite.oregen_lower.Min Height was corrected from null to its default, 0. 
[08Apr2025 21:43:48.038] [modloading-worker-0/WARN] [net.minecraftforge.common.ForgeConfigSpec/CORE]: Incorrect key world.new_stone_types.myalite.oregen_lower.Max Height was corrected from null to its default, 60. 
[08Apr2025 21:43:48.038] [modloading-worker-0/WARN] [net.minecraftforge.common.ForgeConfigSpec/CORE]: Incorrect key world.new_stone_types.myalite.oregen_lower.Cluster Size was corrected from null to its default, 64. 
[08Apr2025 21:43:48.038] [modloading-worker-0/WARN] [net.minecraftforge.common.ForgeConfigSpec/CORE]: Incorrect key world.new_stone_types.myalite.oregen_lower.Cluster Count was corrected from null to its default, 2.0. 
[08Apr2025 21:43:48.038] [modloading-worker-0/WARN] [net.minecraftforge.common.ForgeConfigSpec/CORE]: Incorrect key world.new_stone_types.myalite.oregen_upper was corrected from null to its default, SimpleCommentedConfig:{}. 
[08Apr2025 21:43:48.038] [modloading-worker-0/WARN] [net.minecraftforge.common.ForgeConfigSpec/CORE]: Incorrect key world.new_stone_types.myalite.oregen_upper.Min Height was corrected from null to its default, 64. 
[08Apr2025 21:43:48.038] [modloading-worker-0/WARN] [net.minecraftforge.common.ForgeConfigSpec/CORE]: Incorrect key world.new_stone_types.myalite.oregen_upper.Max Height was corrected from null to its default, 128. 
[08Apr2025 21:43:48.039] [modloading-worker-0/WARN] [net.minecraftforge.common.ForgeConfigSpec/CORE]: Incorrect key world.new_stone_types.myalite.oregen_upper.Cluster Size was corrected from null to its default, 64. 
[08Apr2025 21:43:48.039] [modloading-worker-0/WARN] [net.minecraftforge.common.ForgeConfigSpec/CORE]: Incorrect key world.new_stone_types.myalite.oregen_upper.Cluster Count was corrected from null to its default, 0.1666666. 
[08Apr2025 21:43:48.039] [modloading-worker-0/WARN] [net.minecraftforge.common.ForgeConfigSpec/CORE]: Incorrect key world.permafrost was corrected from null to its default, SimpleCommentedConfig:{}. 
[08Apr2025 21:43:48.039] [modloading-worker-0/WARN] [net.minecraftforge.common.ForgeConfigSpec/CORE]: Incorrect key world.permafrost.generation_settings was corrected from null to its default, SimpleCommentedConfig:{}. 
[08Apr2025 21:43:48.039] [modloading-worker-0/WARN] [net.minecraftforge.common.ForgeConfigSpec/CORE]: Incorrect key world.permafrost.generation_settings.Rarity was corrected from null to its default, 2. 
[08Apr2025 21:43:48.039] [modloading-worker-0/WARN] [net.minecraftforge.common.ForgeConfigSpec/CORE]: Incorrect key world.permafrost.generation_settings.Min Y Level was corrected from null to its default, 105. 
[08Apr2025 21:43:48.040] [modloading-worker-0/WARN] [net.minecraftforge.common.ForgeConfigSpec/CORE]: Incorrect key world.permafrost.generation_settings.Max Y Level was corrected from null to its default, 140. 
[08Apr2025 21:43:48.040] [modloading-worker-0/WARN] [net.minecraftforge.common.ForgeConfigSpec/CORE]: Incorrect key world.permafrost.generation_settings.Horizontal Size was corrected from null to its default, 72. 
[08Apr2025 21:43:48.040] [modloading-worker-0/WARN] [net.minecraftforge.common.ForgeConfigSpec/CORE]: Incorrect key world.permafrost.generation_settings.Vertical Size was corrected from null to its default, 15. 
[08Apr2025 21:43:48.040] [modloading-worker-0/WARN] [net.minecraftforge.common.ForgeConfigSpec/CORE]: Incorrect key world.permafrost.generation_settings.Horizontal Variation was corrected from null to its default, 22. 
[08Apr2025 21:43:48.040] [modloading-worker-0/WARN] [net.minecraftforge.common.ForgeConfigSpec/CORE]: Incorrect key world.permafrost.generation_settings.Vertical Variation was corrected from null to its default, 4. 
[08Apr2025 21:43:48.040] [modloading-worker-0/WARN] [net.minecraftforge.common.ForgeConfigSpec/CORE]: Incorrect key world.permafrost.generation_settings.dimensions was corrected from null to its default, SimpleCommentedConfig:{}. 
[08Apr2025 21:43:48.040] [modloading-worker-0/WARN] [net.minecraftforge.common.ForgeConfigSpec/CORE]: Incorrect key world.permafrost.generation_settings.dimensions.Is Blacklist was corrected from null to its default, false. 
[08Apr2025 21:43:48.040] [modloading-worker-0/WARN] [net.minecraftforge.common.ForgeConfigSpec/CORE]: Incorrect key world.permafrost.generation_settings.dimensions.Dimensions was corrected from null to its default, [minecraft:overworld]. 
[08Apr2025 21:43:48.041] [modloading-worker-0/WARN] [net.minecraftforge.common.ForgeConfigSpec/CORE]: Incorrect key world.permafrost.generation_settings.biomes was corrected from null to its default, SimpleCommentedConfig:{}. 
[08Apr2025 21:43:48.041] [modloading-worker-0/WARN] [net.minecraftforge.common.ForgeConfigSpec/CORE]: Incorrect key world.permafrost.generation_settings.biomes.tags was corrected from null to its default, SimpleCommentedConfig:{}. 
[08Apr2025 21:43:48.041] [modloading-worker-0/WARN] [net.minecraftforge.common.ForgeConfigSpec/CORE]: Incorrect key world.permafrost.generation_settings.biomes.tags.Biome Tags was corrected from null to its default, []. 
[08Apr2025 21:43:48.041] [modloading-worker-0/WARN] [net.minecraftforge.common.ForgeConfigSpec/CORE]: Incorrect key world.permafrost.generation_settings.biomes.tags.Is Blacklist was corrected from null to its default, true. 
[08Apr2025 21:43:48.041] [modloading-worker-0/WARN] [net.minecraftforge.common.ForgeConfigSpec/CORE]: Incorrect key world.permafrost.generation_settings.biomes.biomes was corrected from null to its default, SimpleCommentedConfig:{}. 
[08Apr2025 21:43:48.041] [modloading-worker-0/WARN] [net.minecraftforge.common.ForgeConfigSpec/CORE]: Incorrect key world.permafrost.generation_settings.biomes.biomes.Biomes was corrected from null to its default, [minecraft:frozen_peaks]. 
[08Apr2025 21:43:48.041] [modloading-worker-0/WARN] [net.minecraftforge.common.ForgeConfigSpec/CORE]: Incorrect key world.permafrost.generation_settings.biomes.biomes.Is Blacklist was corrected from null to its default, false. 
[08Apr2025 21:43:48.041] [modloading-worker-0/WARN] [net.minecraftforge.common.ForgeConfigSpec/CORE]: Incorrect key world.spiral_spires was corrected from null to its default, SimpleCommentedConfig:{}. 
[08Apr2025 21:43:48.041] [modloading-worker-0/WARN] [net.minecraftforge.common.ForgeConfigSpec/CORE]: Incorrect key world.spiral_spires.Rarity was corrected from null to its default, 200. 
[08Apr2025 21:43:48.042] [modloading-worker-0/WARN] [net.minecraftforge.common.ForgeConfigSpec/CORE]: Incorrect key world.spiral_spires.Radius was corrected from null to its default, 15. 
[08Apr2025 21:43:48.042] [modloading-worker-0/WARN] [net.minecraftforge.common.ForgeConfigSpec/CORE]: Incorrect key world.spiral_spires.Enable Myalite Viaducts was corrected from null to its default, true. 
[08Apr2025 21:43:48.042] [modloading-worker-0/WARN] [net.minecraftforge.common.ForgeConfigSpec/CORE]: Incorrect key world.spiral_spires.Myalite Conduit Distance was corrected from null to its default, 24. 
[08Apr2025 21:43:48.042] [modloading-worker-0/WARN] [net.minecraftforge.common.ForgeConfigSpec/CORE]: Incorrect key world.spiral_spires.Renewable Myalite was corrected from null to its default, true. 
[08Apr2025 21:43:48.042] [modloading-worker-0/WARN] [net.minecraftforge.common.ForgeConfigSpec/CORE]: Incorrect key world.spiral_spires.dimensions was corrected from null to its default, SimpleCommentedConfig:{}. 
[08Apr2025 21:43:48.042] [modloading-worker-0/WARN] [net.minecraftforge.common.ForgeConfigSpec/CORE]: Incorrect key world.spiral_spires.dimensions.Is Blacklist was corrected from null to its default, false. 
[08Apr2025 21:43:48.042] [modloading-worker-0/WARN] [net.minecraftforge.common.ForgeConfigSpec/CORE]: Incorrect key world.spiral_spires.dimensions.Dimensions was corrected from null to its default, [minecraft:the_end]. 
[08Apr2025 21:43:48.042] [modloading-worker-0/WARN] [net.minecraftforge.common.ForgeConfigSpec/CORE]: Incorrect key world.spiral_spires.biomes was corrected from null to its default, SimpleCommentedConfig:{}. 
[08Apr2025 21:43:48.042] [modloading-worker-0/WARN] [net.minecraftforge.common.ForgeConfigSpec/CORE]: Incorrect key world.spiral_spires.biomes.tags was corrected from null to its default, SimpleCommentedConfig:{}. 
[08Apr2025 21:43:48.042] [modloading-worker-0/WARN] [net.minecraftforge.common.ForgeConfigSpec/CORE]: Incorrect key world.spiral_spires.biomes.tags.Biome Tags was corrected from null to its default, []. 
[08Apr2025 21:43:48.043] [modloading-worker-0/WARN] [net.minecraftforge.common.ForgeConfigSpec/CORE]: Incorrect key world.spiral_spires.biomes.tags.Is Blacklist was corrected from null to its default, true. 
[08Apr2025 21:43:48.043] [modloading-worker-0/WARN] [net.minecraftforge.common.ForgeConfigSpec/CORE]: Incorrect key world.spiral_spires.biomes.biomes was corrected from null to its default, SimpleCommentedConfig:{}. 
[08Apr2025 21:43:48.043] [modloading-worker-0/WARN] [net.minecraftforge.common.ForgeConfigSpec/CORE]: Incorrect key world.spiral_spires.biomes.biomes.Biomes was corrected from null to its default, [minecraft:end_highlands]. 
[08Apr2025 21:43:48.043] [modloading-worker-0/WARN] [net.minecraftforge.common.ForgeConfigSpec/CORE]: Incorrect key world.spiral_spires.biomes.biomes.Is Blacklist was corrected from null to its default, false. 
[08Apr2025 21:43:48.047] [modloading-worker-0/WARN] [net.minecraftforge.common.ForgeConfigSpec/CORE]: Incorrect key mobs was corrected from null to its default, SimpleCommentedConfig:{}. 
[08Apr2025 21:43:48.047] [modloading-worker-0/WARN] [net.minecraftforge.common.ForgeConfigSpec/CORE]: Incorrect key mobs.Crabs was corrected from null to its default, true. 
[08Apr2025 21:43:48.047] [modloading-worker-0/WARN] [net.minecraftforge.common.ForgeConfigSpec/CORE]: Incorrect key mobs.Forgotten was corrected from null to its default, true. 
[08Apr2025 21:43:48.047] [modloading-worker-0/WARN] [net.minecraftforge.common.ForgeConfigSpec/CORE]: Incorrect key mobs.Foxhound was corrected from null to its default, true. 
[08Apr2025 21:43:48.047] [modloading-worker-0/WARN] [net.minecraftforge.common.ForgeConfigSpec/CORE]: Incorrect key mobs.Shiba was corrected from null to its default, true. 
[08Apr2025 21:43:48.048] [modloading-worker-0/WARN] [net.minecraftforge.common.ForgeConfigSpec/CORE]: Incorrect key mobs.Stonelings was corrected from null to its default, true. 
[08Apr2025 21:43:48.048] [modloading-worker-0/WARN] [net.minecraftforge.common.ForgeConfigSpec/CORE]: Incorrect key mobs.Toretoise was corrected from null to its default, true. 
[08Apr2025 21:43:48.048] [modloading-worker-0/WARN] [net.minecraftforge.common.ForgeConfigSpec/CORE]: Incorrect key mobs.Wraith was corrected from null to its default, true. 
[08Apr2025 21:43:48.048] [modloading-worker-0/WARN] [net.minecraftforge.common.ForgeConfigSpec/CORE]: Incorrect key mobs.crabs was corrected from null to its default, SimpleCommentedConfig:{}. 
[08Apr2025 21:43:48.048] [modloading-worker-0/WARN] [net.minecraftforge.common.ForgeConfigSpec/CORE]: Incorrect key mobs.crabs.Enable Brewing was corrected from null to its default, true. 
[08Apr2025 21:43:48.048] [modloading-worker-0/WARN] [net.minecraftforge.common.ForgeConfigSpec/CORE]: Incorrect key mobs.crabs.Resilience Required For All Effects was corrected from null to its default, true. 
[08Apr2025 21:43:48.048] [modloading-worker-0/WARN] [net.minecraftforge.common.ForgeConfigSpec/CORE]: Incorrect key mobs.crabs.Add Crab Leg To Fisherman Trades was corrected from null to its default, true. 
[08Apr2025 21:43:48.048] [modloading-worker-0/WARN] [net.minecraftforge.common.ForgeConfigSpec/CORE]: Incorrect key mobs.crabs.spawn_config was corrected from null to its default, SimpleCommentedConfig:{}. 
[08Apr2025 21:43:48.048] [modloading-worker-0/WARN] [net.minecraftforge.common.ForgeConfigSpec/CORE]: Incorrect key mobs.crabs.spawn_config.Spawn Weight was corrected from null to its default, 5. 
[08Apr2025 21:43:48.048] [modloading-worker-0/WARN] [net.minecraftforge.common.ForgeConfigSpec/CORE]: Incorrect key mobs.crabs.spawn_config.Min Group Size was corrected from null to its default, 1. 
[08Apr2025 21:43:48.049] [modloading-worker-0/WARN] [net.minecraftforge.common.ForgeConfigSpec/CORE]: Incorrect key mobs.crabs.spawn_config.Max Group Size was corrected from null to its default, 3. 
[08Apr2025 21:43:48.049] [modloading-worker-0/WARN] [net.minecraftforge.common.ForgeConfigSpec/CORE]: Incorrect key mobs.crabs.spawn_config.biomes was corrected from null to its default, SimpleCommentedConfig:{}. 
[08Apr2025 21:43:48.049] [modloading-worker-0/WARN] [net.minecraftforge.common.ForgeConfigSpec/CORE]: Incorrect key mobs.crabs.spawn_config.biomes.tags was corrected from null to its default, SimpleCommentedConfig:{}. 
[08Apr2025 21:43:48.049] [modloading-worker-0/WARN] [net.minecraftforge.common.ForgeConfigSpec/CORE]: Incorrect key mobs.crabs.spawn_config.biomes.tags.Biome Tags was corrected from null to its default, [minecraft:is_beach]. 
[08Apr2025 21:43:48.049] [modloading-worker-0/WARN] [net.minecraftforge.common.ForgeConfigSpec/CORE]: Incorrect key mobs.crabs.spawn_config.biomes.tags.Is Blacklist was corrected from null to its default, false. 
[08Apr2025 21:43:48.049] [modloading-worker-0/WARN] [net.minecraftforge.common.ForgeConfigSpec/CORE]: Incorrect key mobs.crabs.spawn_config.biomes.biomes was corrected from null to its default, SimpleCommentedConfig:{}. 
[08Apr2025 21:43:48.049] [modloading-worker-0/WARN] [net.minecraftforge.common.ForgeConfigSpec/CORE]: Incorrect key mobs.crabs.spawn_config.biomes.biomes.Biomes was corrected from null to its default, []. 
[08Apr2025 21:43:48.049] [modloading-worker-0/WARN] [net.minecraftforge.common.ForgeConfigSpec/CORE]: Incorrect key mobs.crabs.spawn_config.biomes.biomes.Is Blacklist was corrected from null to its default, true. 
[08Apr2025 21:43:48.049] [modloading-worker-0/WARN] [net.minecraftforge.common.ForgeConfigSpec/CORE]: Incorrect key mobs.forgotten was corrected from null to its default, SimpleCommentedConfig:{}. 
[08Apr2025 21:43:48.050] [modloading-worker-0/WARN] [net.minecraftforge.common.ForgeConfigSpec/CORE]: Incorrect key mobs.forgotten.Forgotten Spawn Rate was corrected from null to its default, 0.05. 
[08Apr2025 21:43:48.050] [modloading-worker-0/WARN] [net.minecraftforge.common.ForgeConfigSpec/CORE]: Incorrect key mobs.forgotten.Max Height For Spawn was corrected from null to its default, 0. 
[08Apr2025 21:43:48.050] [modloading-worker-0/WARN] [net.minecraftforge.common.ForgeConfigSpec/CORE]: Incorrect key mobs.foxhound was corrected from null to its default, SimpleCommentedConfig:{}. 
[08Apr2025 21:43:48.050] [modloading-worker-0/WARN] [net.minecraftforge.common.ForgeConfigSpec/CORE]: Incorrect key mobs.foxhound.Tame Chance was corrected from null to its default, 0.05. 
[08Apr2025 21:43:48.050] [modloading-worker-0/WARN] [net.minecraftforge.common.ForgeConfigSpec/CORE]: Incorrect key mobs.foxhound.Foxhounds Speed Up Furnaces was corrected from null to its default, true. 
[08Apr2025 21:43:48.050] [modloading-worker-0/WARN] [net.minecraftforge.common.ForgeConfigSpec/CORE]: Incorrect key mobs.foxhound.spawn_config was corrected from null to its default, SimpleCommentedConfig:{}. 
[08Apr2025 21:43:48.050] [modloading-worker-0/WARN] [net.minecraftforge.common.ForgeConfigSpec/CORE]: Incorrect key mobs.foxhound.spawn_config.Spawn Weight was corrected from null to its default, 30. 
[08Apr2025 21:43:48.050] [modloading-worker-0/WARN] [net.minecraftforge.common.ForgeConfigSpec/CORE]: Incorrect key mobs.foxhound.spawn_config.Min Group Size was corrected from null to its default, 1. 
[08Apr2025 21:43:48.051] [modloading-worker-0/WARN] [net.minecraftforge.common.ForgeConfigSpec/CORE]: Incorrect key mobs.foxhound.spawn_config.Max Group Size was corrected from null to its default, 2. 
[08Apr2025 21:43:48.051] [modloading-worker-0/WARN] [net.minecraftforge.common.ForgeConfigSpec/CORE]: Incorrect key mobs.foxhound.spawn_config.biomes was corrected from null to its default, SimpleCommentedConfig:{}. 
[08Apr2025 21:43:48.051] [modloading-worker-0/WARN] [net.minecraftforge.common.ForgeConfigSpec/CORE]: Incorrect key mobs.foxhound.spawn_config.biomes.tags was corrected from null to its default, SimpleCommentedConfig:{}. 
[08Apr2025 21:43:48.051] [modloading-worker-0/WARN] [net.minecraftforge.common.ForgeConfigSpec/CORE]: Incorrect key mobs.foxhound.spawn_config.biomes.tags.Biome Tags was corrected from null to its default, []. 
[08Apr2025 21:43:48.051] [modloading-worker-0/WARN] [net.minecraftforge.common.ForgeConfigSpec/CORE]: Incorrect key mobs.foxhound.spawn_config.biomes.tags.Is Blacklist was corrected from null to its default, true. 
[08Apr2025 21:43:48.051] [modloading-worker-0/WARN] [net.minecraftforge.common.ForgeConfigSpec/CORE]: Incorrect key mobs.foxhound.spawn_config.biomes.biomes was corrected from null to its default, SimpleCommentedConfig:{}. 
[08Apr2025 21:43:48.051] [modloading-worker-0/WARN] [net.minecraftforge.common.ForgeConfigSpec/CORE]: Incorrect key mobs.foxhound.spawn_config.biomes.biomes.Biomes was corrected from null to its default, [minecraft:nether_wastes, minecraft:basalt_deltas]. 
[08Apr2025 21:43:48.052] [modloading-worker-0/WARN] [net.minecraftforge.common.ForgeConfigSpec/CORE]: Incorrect key mobs.foxhound.spawn_config.biomes.biomes.Is Blacklist was corrected from null to its default, false. 
[08Apr2025 21:43:48.052] [modloading-worker-0/WARN] [net.minecraftforge.common.ForgeConfigSpec/CORE]: Incorrect key mobs.foxhound.lesser_spawn_config was corrected from null to its default, SimpleCommentedConfig:{}. 
[08Apr2025 21:43:48.052] [modloading-worker-0/WARN] [net.minecraftforge.common.ForgeConfigSpec/CORE]: Incorrect key mobs.foxhound.lesser_spawn_config.Max Cost was corrected from null to its default, 0.7. 
[08Apr2025 21:43:48.052] [modloading-worker-0/WARN] [net.minecraftforge.common.ForgeConfigSpec/CORE]: Incorrect key mobs.foxhound.lesser_spawn_config.Spawn Cost was corrected from null to its default, 0.15. 
[08Apr2025 21:43:48.052] [modloading-worker-0/WARN] [net.minecraftforge.common.ForgeConfigSpec/CORE]: Incorrect key mobs.foxhound.lesser_spawn_config.Spawn Weight was corrected from null to its default, 2. 
[08Apr2025 21:43:48.052] [modloading-worker-0/WARN] [net.minecraftforge.common.ForgeConfigSpec/CORE]: Incorrect key mobs.foxhound.lesser_spawn_config.Min Group Size was corrected from null to its default, 1. 
[08Apr2025 21:43:48.052] [modloading-worker-0/WARN] [net.minecraftforge.common.ForgeConfigSpec/CORE]: Incorrect key mobs.foxhound.lesser_spawn_config.Max Group Size was corrected from null to its default, 1. 
[08Apr2025 21:43:48.053] [modloading-worker-0/WARN] [net.minecraftforge.common.ForgeConfigSpec/CORE]: Incorrect key mobs.foxhound.lesser_spawn_config.biomes was corrected from null to its default, SimpleCommentedConfig:{}. 
[08Apr2025 21:43:48.053] [modloading-worker-0/WARN] [net.minecraftforge.common.ForgeConfigSpec/CORE]: Incorrect key mobs.foxhound.lesser_spawn_config.biomes.tags was corrected from null to its default, SimpleCommentedConfig:{}. 
[08Apr2025 21:43:48.053] [modloading-worker-0/WARN] [net.minecraftforge.common.ForgeConfigSpec/CORE]: Incorrect key mobs.foxhound.lesser_spawn_config.biomes.tags.Biome Tags was corrected from null to its default, []. 
[08Apr2025 21:43:48.053] [modloading-worker-0/WARN] [net.minecraftforge.common.ForgeConfigSpec/CORE]: Incorrect key mobs.foxhound.lesser_spawn_config.biomes.tags.Is Blacklist was corrected from null to its default, true. 
[08Apr2025 21:43:48.053] [modloading-worker-0/WARN] [net.minecraftforge.common.ForgeConfigSpec/CORE]: Incorrect key mobs.foxhound.lesser_spawn_config.biomes.biomes was corrected from null to its default, SimpleCommentedConfig:{}. 
[08Apr2025 21:43:48.053] [modloading-worker-0/WARN] [net.minecraftforge.common.ForgeConfigSpec/CORE]: Incorrect key mobs.foxhound.lesser_spawn_config.biomes.biomes.Biomes was corrected from null to its default, [minecraft:soul_sand_valley]. 
[08Apr2025 21:43:48.053] [modloading-worker-0/WARN] [net.minecraftforge.common.ForgeConfigSpec/CORE]: Incorrect key mobs.foxhound.lesser_spawn_config.biomes.biomes.Is Blacklist was corrected from null to its default, false. 
[08Apr2025 21:43:48.053] [modloading-worker-0/WARN] [net.minecraftforge.common.ForgeConfigSpec/CORE]: Incorrect key mobs.shiba was corrected from null to its default, SimpleCommentedConfig:{}. 
[08Apr2025 21:43:48.053] [modloading-worker-0/WARN] [net.minecraftforge.common.ForgeConfigSpec/CORE]: Incorrect key mobs.shiba.Ignore Areas With Skylight was corrected from null to its default, false. 
[08Apr2025 21:43:48.054] [modloading-worker-0/WARN] [net.minecraftforge.common.ForgeConfigSpec/CORE]: Incorrect key mobs.shiba.spawn_config was corrected from null to its default, SimpleCommentedConfig:{}. 
[08Apr2025 21:43:48.054] [modloading-worker-0/WARN] [net.minecraftforge.common.ForgeConfigSpec/CORE]: Incorrect key mobs.shiba.spawn_config.Spawn Weight was corrected from null to its default, 40. 
[08Apr2025 21:43:48.054] [modloading-worker-0/WARN] [net.minecraftforge.common.ForgeConfigSpec/CORE]: Incorrect key mobs.shiba.spawn_config.Min Group Size was corrected from null to its default, 1. 
[08Apr2025 21:43:48.054] [modloading-worker-0/WARN] [net.minecraftforge.common.ForgeConfigSpec/CORE]: Incorrect key mobs.shiba.spawn_config.Max Group Size was corrected from null to its default, 3. 
[08Apr2025 21:43:48.054] [modloading-worker-0/WARN] [net.minecraftforge.common.ForgeConfigSpec/CORE]: Incorrect key mobs.shiba.spawn_config.biomes was corrected from null to its default, SimpleCommentedConfig:{}. 
[08Apr2025 21:43:48.054] [modloading-worker-0/WARN] [net.minecraftforge.common.ForgeConfigSpec/CORE]: Incorrect key mobs.shiba.spawn_config.biomes.tags was corrected from null to its default, SimpleCommentedConfig:{}. 
[08Apr2025 21:43:48.055] [modloading-worker-0/WARN] [net.minecraftforge.common.ForgeConfigSpec/CORE]: Incorrect key mobs.shiba.spawn_config.biomes.tags.Biome Tags was corrected from null to its default, [minecraft:is_mountain]. 
[08Apr2025 21:43:48.055] [modloading-worker-0/WARN] [net.minecraftforge.common.ForgeConfigSpec/CORE]: Incorrect key mobs.shiba.spawn_config.biomes.tags.Is Blacklist was corrected from null to its default, false. 
[08Apr2025 21:43:48.055] [modloading-worker-0/WARN] [net.minecraftforge.common.ForgeConfigSpec/CORE]: Incorrect key mobs.shiba.spawn_config.biomes.biomes was corrected from null to its default, SimpleCommentedConfig:{}. 
[08Apr2025 21:43:48.055] [modloading-worker-0/WARN] [net.minecraftforge.common.ForgeConfigSpec/CORE]: Incorrect key mobs.shiba.spawn_config.biomes.biomes.Biomes was corrected from null to its default, []. 
[08Apr2025 21:43:48.055] [modloading-worker-0/WARN] [net.minecraftforge.common.ForgeConfigSpec/CORE]: Incorrect key mobs.shiba.spawn_config.biomes.biomes.Is Blacklist was corrected from null to its default, true. 
[08Apr2025 21:43:48.055] [modloading-worker-0/WARN] [net.minecraftforge.common.ForgeConfigSpec/CORE]: Incorrect key mobs.stonelings was corrected from null to its default, SimpleCommentedConfig:{}. 
[08Apr2025 21:43:48.055] [modloading-worker-0/WARN] [net.minecraftforge.common.ForgeConfigSpec/CORE]: Incorrect key mobs.stonelings.Max Y Level was corrected from null to its default, 0. 
[08Apr2025 21:43:48.056] [modloading-worker-0/WARN] [net.minecraftforge.common.ForgeConfigSpec/CORE]: Incorrect key mobs.stonelings.Enable Diamond Heart was corrected from null to its default, true. 
[08Apr2025 21:43:48.056] [modloading-worker-0/WARN] [net.minecraftforge.common.ForgeConfigSpec/CORE]: Incorrect key mobs.stonelings.Cautious Stonelings was corrected from null to its default, false. 
[08Apr2025 21:43:48.056] [modloading-worker-0/WARN] [net.minecraftforge.common.ForgeConfigSpec/CORE]: Incorrect key mobs.stonelings.Tamable Stonelings was corrected from null to its default, true. 
[08Apr2025 21:43:48.056] [modloading-worker-0/WARN] [net.minecraftforge.common.ForgeConfigSpec/CORE]: Incorrect key mobs.stonelings.Weald Pathfinder Maps was corrected from null to its default, true. 
[08Apr2025 21:43:48.056] [modloading-worker-0/WARN] [net.minecraftforge.common.ForgeConfigSpec/CORE]: Incorrect key mobs.stonelings.dimensions was corrected from null to its default, SimpleCommentedConfig:{}. 
[08Apr2025 21:43:48.056] [modloading-worker-0/WARN] [net.minecraftforge.common.ForgeConfigSpec/CORE]: Incorrect key mobs.stonelings.dimensions.Is Blacklist was corrected from null to its default, false. 
[08Apr2025 21:43:48.056] [modloading-worker-0/WARN] [net.minecraftforge.common.ForgeConfigSpec/CORE]: Incorrect key mobs.stonelings.dimensions.Dimensions was corrected from null to its default, [minecraft:overworld]. 
[08Apr2025 21:43:48.056] [modloading-worker-0/WARN] [net.minecraftforge.common.ForgeConfigSpec/CORE]: Incorrect key mobs.stonelings.spawn_config was corrected from null to its default, SimpleCommentedConfig:{}. 
[08Apr2025 21:43:48.057] [modloading-worker-0/WARN] [net.minecraftforge.common.ForgeConfigSpec/CORE]: Incorrect key mobs.stonelings.spawn_config.Spawn Weight was corrected from null to its default, 80. 
[08Apr2025 21:43:48.057] [modloading-worker-0/WARN] [net.minecraftforge.common.ForgeConfigSpec/CORE]: Incorrect key mobs.stonelings.spawn_config.Min Group Size was corrected from null to its default, 1. 
[08Apr2025 21:43:48.057] [modloading-worker-0/WARN] [net.minecraftforge.common.ForgeConfigSpec/CORE]: Incorrect key mobs.stonelings.spawn_config.Max Group Size was corrected from null to its default, 1. 
[08Apr2025 21:43:48.057] [modloading-worker-0/WARN] [net.minecraftforge.common.ForgeConfigSpec/CORE]: Incorrect key mobs.stonelings.spawn_config.biomes was corrected from null to its default, SimpleCommentedConfig:{}. 
[08Apr2025 21:43:48.057] [modloading-worker-0/WARN] [net.minecraftforge.common.ForgeConfigSpec/CORE]: Incorrect key mobs.stonelings.spawn_config.biomes.tags was corrected from null to its default, SimpleCommentedConfig:{}. 
[08Apr2025 21:43:48.058] [modloading-worker-0/WARN] [net.minecraftforge.common.ForgeConfigSpec/CORE]: Incorrect key mobs.stonelings.spawn_config.biomes.tags.Biome Tags was corrected from null to its default, [forge:is_void, minecraft:is_nether, minecraft:is_end]. 
[08Apr2025 21:43:48.058] [modloading-worker-0/WARN] [net.minecraftforge.common.ForgeConfigSpec/CORE]: Incorrect key mobs.stonelings.spawn_config.biomes.tags.Is Blacklist was corrected from null to its default, true. 
[08Apr2025 21:43:48.058] [modloading-worker-0/WARN] [net.minecraftforge.common.ForgeConfigSpec/CORE]: Incorrect key mobs.stonelings.spawn_config.biomes.biomes was corrected from null to its default, SimpleCommentedConfig:{}. 
[08Apr2025 21:43:48.058] [modloading-worker-0/WARN] [net.minecraftforge.common.ForgeConfigSpec/CORE]: Incorrect key mobs.stonelings.spawn_config.biomes.biomes.Biomes was corrected from null to its default, []. 
[08Apr2025 21:43:48.058] [modloading-worker-0/WARN] [net.minecraftforge.common.ForgeConfigSpec/CORE]: Incorrect key mobs.stonelings.spawn_config.biomes.biomes.Is Blacklist was corrected from null to its default, true. 
[08Apr2025 21:43:48.058] [modloading-worker-0/WARN] [net.minecraftforge.common.ForgeConfigSpec/CORE]: Incorrect key mobs.toretoise was corrected from null to its default, SimpleCommentedConfig:{}. 
[08Apr2025 21:43:48.058] [modloading-worker-0/WARN] [net.minecraftforge.common.ForgeConfigSpec/CORE]: Incorrect key mobs.toretoise.Max Y Level was corrected from null to its default, 0. 
[08Apr2025 21:43:48.058] [modloading-worker-0/WARN] [net.minecraftforge.common.ForgeConfigSpec/CORE]: Incorrect key mobs.toretoise.Cooldown Ticks was corrected from null to its default, 1200. 
[08Apr2025 21:43:48.059] [modloading-worker-0/WARN] [net.minecraftforge.common.ForgeConfigSpec/CORE]: Incorrect key mobs.toretoise.Foods was corrected from null to its default, [minecraft:glow_berries]. 
[08Apr2025 21:43:48.059] [modloading-worker-0/WARN] [net.minecraftforge.common.ForgeConfigSpec/CORE]: Incorrect key mobs.toretoise.Allow Toretoise To Regrow was corrected from null to its default, true. 
[08Apr2025 21:43:48.059] [modloading-worker-0/WARN] [net.minecraftforge.common.ForgeConfigSpec/CORE]: Incorrect key mobs.toretoise.Regrow Chance was corrected from null to its default, 3. 
[08Apr2025 21:43:48.059] [modloading-worker-0/WARN] [net.minecraftforge.common.ForgeConfigSpec/CORE]: Incorrect key mobs.toretoise.dimensions was corrected from null to its default, SimpleCommentedConfig:{}. 
[08Apr2025 21:43:48.059] [modloading-worker-0/WARN] [net.minecraftforge.common.ForgeConfigSpec/CORE]: Incorrect key mobs.toretoise.dimensions.Is Blacklist was corrected from null to its default, false. 
[08Apr2025 21:43:48.059] [modloading-worker-0/WARN] [net.minecraftforge.common.ForgeConfigSpec/CORE]: Incorrect key mobs.toretoise.dimensions.Dimensions was corrected from null to its default, [minecraft:overworld]. 
[08Apr2025 21:43:48.059] [modloading-worker-0/WARN] [net.minecraftforge.common.ForgeConfigSpec/CORE]: Incorrect key mobs.toretoise.spawn_config was corrected from null to its default, SimpleCommentedConfig:{}. 
[08Apr2025 21:43:48.059] [modloading-worker-0/WARN] [net.minecraftforge.common.ForgeConfigSpec/CORE]: Incorrect key mobs.toretoise.spawn_config.Spawn Weight was corrected from null to its default, 120. 
[08Apr2025 21:43:48.060] [modloading-worker-0/WARN] [net.minecraftforge.common.ForgeConfigSpec/CORE]: Incorrect key mobs.toretoise.spawn_config.Min Group Size was corrected from null to its default, 2. 
[08Apr2025 21:43:48.060] [modloading-worker-0/WARN] [net.minecraftforge.common.ForgeConfigSpec/CORE]: Incorrect key mobs.toretoise.spawn_config.Max Group Size was corrected from null to its default, 4. 
[08Apr2025 21:43:48.060] [modloading-worker-0/WARN] [net.minecraftforge.common.ForgeConfigSpec/CORE]: Incorrect key mobs.toretoise.spawn_config.biomes was corrected from null to its default, SimpleCommentedConfig:{}. 
[08Apr2025 21:43:48.060] [modloading-worker-0/WARN] [net.minecraftforge.common.ForgeConfigSpec/CORE]: Incorrect key mobs.toretoise.spawn_config.biomes.tags was corrected from null to its default, SimpleCommentedConfig:{}. 
[08Apr2025 21:43:48.061] [modloading-worker-0/WARN] [net.minecraftforge.common.ForgeConfigSpec/CORE]: Incorrect key mobs.toretoise.spawn_config.biomes.tags.Biome Tags was corrected from null to its default, [forge:is_void, minecraft:is_nether, minecraft:is_end]. 
[08Apr2025 21:43:48.061] [modloading-worker-0/WARN] [net.minecraftforge.common.ForgeConfigSpec/CORE]: Incorrect key mobs.toretoise.spawn_config.biomes.tags.Is Blacklist was corrected from null to its default, true. 
[08Apr2025 21:43:48.061] [modloading-worker-0/WARN] [net.minecraftforge.common.ForgeConfigSpec/CORE]: Incorrect key mobs.toretoise.spawn_config.biomes.biomes was corrected from null to its default, SimpleCommentedConfig:{}. 
[08Apr2025 21:43:48.061] [modloading-worker-0/WARN] [net.minecraftforge.common.ForgeConfigSpec/CORE]: Incorrect key mobs.toretoise.spawn_config.biomes.biomes.Biomes was corrected from null to its default, []. 
[08Apr2025 21:43:48.061] [modloading-worker-0/WARN] [net.minecraftforge.common.ForgeConfigSpec/CORE]: Incorrect key mobs.toretoise.spawn_config.biomes.biomes.Is Blacklist was corrected from null to its default, true. 
[08Apr2025 21:43:48.061] [modloading-worker-0/WARN] [net.minecraftforge.common.ForgeConfigSpec/CORE]: Incorrect key mobs.wraith was corrected from null to its default, SimpleCommentedConfig:{}. 
[08Apr2025 21:43:48.061] [modloading-worker-0/WARN] [net.minecraftforge.common.ForgeConfigSpec/CORE]: Incorrect key mobs.wraith.Wraith Sounds was corrected from null to its default, [entity.sheep.ambient|entity.sheep.hurt|entity.sheep.death, entity.cow.ambient|entity.cow.hurt|entity.cow.death, entity.pig.ambient|entity.pig.hurt|entity.pig.death, entity.chicken.ambient|entity.chicken.hurt|entity.chicken.death, entity.horse.ambient|entity.horse.hurt|entity.horse.death, entity.cat.ambient|entity.cat.hurt|entity.cat.death, entity.wolf.ambient|entity.wolf.hurt|entity.wolf.death, entity.villager.ambient|entity.villager.hurt|entity.villager.death, entity.polar_bear.ambient|entity.polar_bear.hurt|entity.polar_bear.death, entity.zombie.ambient|entity.zombie.hurt|entity.zombie.death, entity.skeleton.ambient|entity.skeleton.hurt|entity.skeleton.death, entity.spider.ambient|entity.spider.hurt|entity.spider.death, |entity.creeper.hurt|entity.creeper.death, entity.endermen.ambient|entity.endermen.hurt|entity.endermen.death, entity.zombie_pig.ambient|entity.zombie_pig.hurt|entity.zombie_pig.death, entity.witch.ambient|entity.witch.hurt|entity.witch.death, entity.blaze.ambient|entity.blaze.hurt|entity.blaze.death, entity.llama.ambient|entity.llama.hurt|entity.llama.death, |quark:entity.stoneling.cry|quark:entity.stoneling.die, quark:entity.frog.idle|quark:entity.frog.hurt|quark:entity.frog.die]. 
[08Apr2025 21:43:48.061] [modloading-worker-0/WARN] [net.minecraftforge.common.ForgeConfigSpec/CORE]: Incorrect key mobs.wraith.spawn_config was corrected from null to its default, SimpleCommentedConfig:{}. 
[08Apr2025 21:43:48.061] [modloading-worker-0/WARN] [net.minecraftforge.common.ForgeConfigSpec/CORE]: Incorrect key mobs.wraith.spawn_config.Max Cost was corrected from null to its default, 0.7. 
[08Apr2025 21:43:48.062] [modloading-worker-0/WARN] [net.minecraftforge.common.ForgeConfigSpec/CORE]: Incorrect key mobs.wraith.spawn_config.Spawn Cost was corrected from null to its default, 0.15. 
[08Apr2025 21:43:48.062] [modloading-worker-0/WARN] [net.minecraftforge.common.ForgeConfigSpec/CORE]: Incorrect key mobs.wraith.spawn_config.Spawn Weight was corrected from null to its default, 5. 
[08Apr2025 21:43:48.062] [modloading-worker-0/WARN] [net.minecraftforge.common.ForgeConfigSpec/CORE]: Incorrect key mobs.wraith.spawn_config.Min Group Size was corrected from null to its default, 1. 
[08Apr2025 21:43:48.062] [modloading-worker-0/WARN] [net.minecraftforge.common.ForgeConfigSpec/CORE]: Incorrect key mobs.wraith.spawn_config.Max Group Size was corrected from null to its default, 3. 
[08Apr2025 21:43:48.062] [modloading-worker-0/WARN] [net.minecraftforge.common.ForgeConfigSpec/CORE]: Incorrect key mobs.wraith.spawn_config.biomes was corrected from null to its default, SimpleCommentedConfig:{}. 
[08Apr2025 21:43:48.062] [modloading-worker-0/WARN] [net.minecraftforge.common.ForgeConfigSpec/CORE]: Incorrect key mobs.wraith.spawn_config.biomes.tags was corrected from null to its default, SimpleCommentedConfig:{}. 
[08Apr2025 21:43:48.062] [modloading-worker-0/WARN] [net.minecraftforge.common.ForgeConfigSpec/CORE]: Incorrect key mobs.wraith.spawn_config.biomes.tags.Biome Tags was corrected from null to its default, []. 
[08Apr2025 21:43:48.062] [modloading-worker-0/WARN] [net.minecraftforge.common.ForgeConfigSpec/CORE]: Incorrect key mobs.wraith.spawn_config.biomes.tags.Is Blacklist was corrected from null to its default, true. 
[08Apr2025 21:43:48.062] [modloading-worker-0/WARN] [net.minecraftforge.common.ForgeConfigSpec/CORE]: Incorrect key mobs.wraith.spawn_config.biomes.biomes was corrected from null to its default, SimpleCommentedConfig:{}. 
[08Apr2025 21:43:48.062] [modloading-worker-0/WARN] [net.minecraftforge.common.ForgeConfigSpec/CORE]: Incorrect key mobs.wraith.spawn_config.biomes.biomes.Biomes was corrected from null to its default, [minecraft:soul_sand_valley]. 
[08Apr2025 21:43:48.062] [modloading-worker-0/WARN] [net.minecraftforge.common.ForgeConfigSpec/CORE]: Incorrect key mobs.wraith.spawn_config.biomes.biomes.Is Blacklist was corrected from null to its default, false. 
[08Apr2025 21:43:48.067] [modloading-worker-0/WARN] [net.minecraftforge.common.ForgeConfigSpec/CORE]: Incorrect key client was corrected from null to its default, SimpleCommentedConfig:{}. 
[08Apr2025 21:43:48.067] [modloading-worker-0/WARN] [net.minecraftforge.common.ForgeConfigSpec/CORE]: Incorrect key client.Auto Walk Keybind was corrected from null to its default, true. 
[08Apr2025 21:43:48.067] [modloading-worker-0/WARN] [net.minecraftforge.common.ForgeConfigSpec/CORE]: Incorrect key client.Back Button Keybind was corrected from null to its default, true. 
[08Apr2025 21:43:48.067] [modloading-worker-0/WARN] [net.minecraftforge.common.ForgeConfigSpec/CORE]: Incorrect key client.Buckets Show Inhabitants was corrected from null to its default, true. 
[08Apr2025 21:43:48.067] [modloading-worker-0/WARN] [net.minecraftforge.common.ForgeConfigSpec/CORE]: Incorrect key client.Camera was corrected from null to its default, true. 
[08Apr2025 21:43:48.067] [modloading-worker-0/WARN] [net.minecraftforge.common.ForgeConfigSpec/CORE]: Incorrect key client.Chest Searching was corrected from null to its default, true. 
[08Apr2025 21:43:48.067] [modloading-worker-0/WARN] [net.minecraftforge.common.ForgeConfigSpec/CORE]: Incorrect key client.Elytra Indicator was corrected from null to its default, true. 
[08Apr2025 21:43:48.068] [modloading-worker-0/WARN] [net.minecraftforge.common.ForgeConfigSpec/CORE]: Incorrect key client.Greener Grass was corrected from null to its default, true. 
[08Apr2025 21:43:48.068] [modloading-worker-0/WARN] [net.minecraftforge.common.ForgeConfigSpec/CORE]: Incorrect key client.Improved Tooltips was corrected from null to its default, true. 
[08Apr2025 21:43:48.068] [modloading-worker-0/WARN] [net.minecraftforge.common.ForgeConfigSpec/CORE]: Incorrect key client.Long Range Pick Block was corrected from null to its default, true. 
[08Apr2025 21:43:48.068] [modloading-worker-0/WARN] [net.minecraftforge.common.ForgeConfigSpec/CORE]: Incorrect key client.Microcrafting Helper was corrected from null to its default, true. 
[08Apr2025 21:43:48.068] [modloading-worker-0/WARN] [net.minecraftforge.common.ForgeConfigSpec/CORE]: Incorrect key client.Soul Candles was corrected from null to its default, true. 
[08Apr2025 21:43:48.068] [modloading-worker-0/WARN] [net.minecraftforge.common.ForgeConfigSpec/CORE]: Incorrect key client.Usage Ticker was corrected from null to its default, true. 
[08Apr2025 21:43:48.068] [modloading-worker-0/WARN] [net.minecraftforge.common.ForgeConfigSpec/CORE]: Incorrect key client.Uses For Curses was corrected from null to its default, true. 
[08Apr2025 21:43:48.068] [modloading-worker-0/WARN] [net.minecraftforge.common.ForgeConfigSpec/CORE]: Incorrect key client.Variant Animal Textures was corrected from null to its default, true. 
[08Apr2025 21:43:48.068] [modloading-worker-0/WARN] [net.minecraftforge.common.ForgeConfigSpec/CORE]: Incorrect key client.Wool Shuts Up Minecarts was corrected from null to its default, true. 
[08Apr2025 21:43:48.068] [modloading-worker-0/WARN] [net.minecraftforge.common.ForgeConfigSpec/CORE]: Incorrect key client.auto_walk_keybind was corrected from null to its default, SimpleCommentedConfig:{}. 
[08Apr2025 21:43:48.068] [modloading-worker-0/WARN] [net.minecraftforge.common.ForgeConfigSpec/CORE]: Incorrect key client.auto_walk_keybind.Draw Hud was corrected from null to its default, true. 
[08Apr2025 21:43:48.069] [modloading-worker-0/WARN] [net.minecraftforge.common.ForgeConfigSpec/CORE]: Incorrect key client.auto_walk_keybind.Hud Height was corrected from null to its default, 10. 
[08Apr2025 21:43:48.069] [modloading-worker-0/WARN] [net.minecraftforge.common.ForgeConfigSpec/CORE]: Incorrect key client.buckets_show_inhabitants was corrected from null to its default, SimpleCommentedConfig:{}. 
[08Apr2025 21:43:48.069] [modloading-worker-0/WARN] [net.minecraftforge.common.ForgeConfigSpec/CORE]: Incorrect key client.buckets_show_inhabitants.Show Axolotls was corrected from null to its default, true. 
[08Apr2025 21:43:48.069] [modloading-worker-0/WARN] [net.minecraftforge.common.ForgeConfigSpec/CORE]: Incorrect key client.buckets_show_inhabitants.Show Crabs was corrected from null to its default, true. 
[08Apr2025 21:43:48.069] [modloading-worker-0/WARN] [net.minecraftforge.common.ForgeConfigSpec/CORE]: Incorrect key client.buckets_show_inhabitants.Show Tropical Fish was corrected from null to its default, true. 
[08Apr2025 21:43:48.069] [modloading-worker-0/WARN] [net.minecraftforge.common.ForgeConfigSpec/CORE]: Incorrect key client.buckets_show_inhabitants.Show Shiny Slime was corrected from null to its default, true. 
[08Apr2025 21:43:48.069] [modloading-worker-0/WARN] [net.minecraftforge.common.ForgeConfigSpec/CORE]: Incorrect key client.camera was corrected from null to its default, SimpleCommentedConfig:{}. 
[08Apr2025 21:43:48.069] [modloading-worker-0/WARN] [net.minecraftforge.common.ForgeConfigSpec/CORE]: Incorrect key client.camera.Date Format was corrected from null to its default, MM/dd/yyyy. 
[08Apr2025 21:43:48.069] [modloading-worker-0/WARN] [net.minecraftforge.common.ForgeConfigSpec/CORE]: Incorrect key client.chest_searching was corrected from null to its default, SimpleCommentedConfig:{}. 
[08Apr2025 21:43:48.069] [modloading-worker-0/WARN] [net.minecraftforge.common.ForgeConfigSpec/CORE]: Incorrect key client.chest_searching.overlay_color was corrected from null to its default, SimpleCommentedConfig:{}. 
[08Apr2025 21:43:48.070] [modloading-worker-0/WARN] [net.minecraftforge.common.ForgeConfigSpec/CORE]: Incorrect key client.chest_searching.overlay_color.A was corrected from null to its default, 0.67. 
[08Apr2025 21:43:48.070] [modloading-worker-0/WARN] [net.minecraftforge.common.ForgeConfigSpec/CORE]: Incorrect key client.chest_searching.overlay_color.R was corrected from null to its default, 0.0. 
[08Apr2025 21:43:48.070] [modloading-worker-0/WARN] [net.minecraftforge.common.ForgeConfigSpec/CORE]: Incorrect key client.chest_searching.overlay_color.G was corrected from null to its default, 0.0. 
[08Apr2025 21:43:48.070] [modloading-worker-0/WARN] [net.minecraftforge.common.ForgeConfigSpec/CORE]: Incorrect key client.chest_searching.overlay_color.B was corrected from null to its default, 0.0. 
[08Apr2025 21:43:48.070] [modloading-worker-0/WARN] [net.minecraftforge.common.ForgeConfigSpec/CORE]: Incorrect key client.greener_grass was corrected from null to its default, SimpleCommentedConfig:{}. 
[08Apr2025 21:43:48.070] [modloading-worker-0/WARN] [net.minecraftforge.common.ForgeConfigSpec/CORE]: Incorrect key client.greener_grass.Affect Leaves was corrected from null to its default, true. 
[08Apr2025 21:43:48.070] [modloading-worker-0/WARN] [net.minecraftforge.common.ForgeConfigSpec/CORE]: Incorrect key client.greener_grass.Affect Water was corrected from null to its default, false. 
[08Apr2025 21:43:48.070] [modloading-worker-0/WARN] [net.minecraftforge.common.ForgeConfigSpec/CORE]: Incorrect key client.greener_grass.Block List was corrected from null to its default, [minecraft:large_fern, minecraft:tall_grass, minecraft:grass_block, minecraft:fern, minecraft:grass, minecraft:potted_fern, minecraft:sugar_cane, environmental:giant_tall_grass, valhelsia_structures:grass_block]. 
[08Apr2025 21:43:48.071] [modloading-worker-0/WARN] [net.minecraftforge.common.ForgeConfigSpec/CORE]: Incorrect key client.greener_grass.Leaves List was corrected from null to its default, [minecraft:spruce_leaves, minecraft:birch_leaves, minecraft:oak_leaves, minecraft:jungle_leaves, minecraft:acacia_leaves, minecraft:dark_oak_leaves, atmospheric:rosewood_leaves, atmospheric:morado_leaves, atmospheric:yucca_leaves, autumnity:maple_leaves, environmental:willow_leaves, environmental:hanging_willow_leaves, minecraft:vine]. 
[08Apr2025 21:43:48.071] [modloading-worker-0/WARN] [net.minecraftforge.common.ForgeConfigSpec/CORE]: Incorrect key client.greener_grass.color_matrix was corrected from null to its default, SimpleCommentedConfig:{}. 
[08Apr2025 21:43:48.071] [modloading-worker-0/WARN] [net.minecraftforge.common.ForgeConfigSpec/CORE]: Incorrect key client.greener_grass.color_matrix.R was corrected from null to its default, [0.89, 0.0, 0.0]. 
[08Apr2025 21:43:48.071] [modloading-worker-0/WARN] [net.minecraftforge.common.ForgeConfigSpec/CORE]: Incorrect key client.greener_grass.color_matrix.G was corrected from null to its default, [0.0, 1.11, 0.0]. 
[08Apr2025 21:43:48.071] [modloading-worker-0/WARN] [net.minecraftforge.common.ForgeConfigSpec/CORE]: Incorrect key client.greener_grass.color_matrix.B was corrected from null to its default, [0.0, 0.0, 0.89]. 
[08Apr2025 21:43:48.071] [modloading-worker-0/WARN] [net.minecraftforge.common.ForgeConfigSpec/CORE]: Incorrect key client.greener_grass.water_matrix was corrected from null to its default, SimpleCommentedConfig:{}. 
[08Apr2025 21:43:48.071] [modloading-worker-0/WARN] [net.minecraftforge.common.ForgeConfigSpec/CORE]: Incorrect key client.greener_grass.water_matrix.R was corrected from null to its default, [0.86, 0.0, 0.0]. 
[08Apr2025 21:43:48.071] [modloading-worker-0/WARN] [net.minecraftforge.common.ForgeConfigSpec/CORE]: Incorrect key client.greener_grass.water_matrix.G was corrected from null to its default, [0.0, 1.0, 0.22]. 
[08Apr2025 21:43:48.072] [modloading-worker-0/WARN] [net.minecraftforge.common.ForgeConfigSpec/CORE]: Incorrect key client.greener_grass.water_matrix.B was corrected from null to its default, [0.0, 0.0, 1.22]. 
[08Apr2025 21:43:48.072] [modloading-worker-0/WARN] [net.minecraftforge.common.ForgeConfigSpec/CORE]: Incorrect key client.improved_tooltips was corrected from null to its default, SimpleCommentedConfig:{}. 
[08Apr2025 21:43:48.072] [modloading-worker-0/WARN] [net.minecraftforge.common.ForgeConfigSpec/CORE]: Incorrect key client.improved_tooltips.Attribute Tooltips was corrected from null to its default, true. 
[08Apr2025 21:43:48.072] [modloading-worker-0/WARN] [net.minecraftforge.common.ForgeConfigSpec/CORE]: Incorrect key client.improved_tooltips.Food Tooltips was corrected from null to its default, true. 
[08Apr2025 21:43:48.072] [modloading-worker-0/WARN] [net.minecraftforge.common.ForgeConfigSpec/CORE]: Incorrect key client.improved_tooltips.Shulker Tooltips was corrected from null to its default, true. 
[08Apr2025 21:43:48.072] [modloading-worker-0/WARN] [net.minecraftforge.common.ForgeConfigSpec/CORE]: Incorrect key client.improved_tooltips.Map Tooltips was corrected from null to its default, true. 
[08Apr2025 21:43:48.072] [modloading-worker-0/WARN] [net.minecraftforge.common.ForgeConfigSpec/CORE]: Incorrect key client.improved_tooltips.Enchanting Tooltips was corrected from null to its default, true. 
[08Apr2025 21:43:48.072] [modloading-worker-0/WARN] [net.minecraftforge.common.ForgeConfigSpec/CORE]: Incorrect key client.improved_tooltips.Fuel Time Tooltips was corrected from null to its default, true. 
[08Apr2025 21:43:48.072] [modloading-worker-0/WARN] [net.minecraftforge.common.ForgeConfigSpec/CORE]: Incorrect key client.improved_tooltips.Shulker Box Use Colors was corrected from null to its default, true. 
[08Apr2025 21:43:48.072] [modloading-worker-0/WARN] [net.minecraftforge.common.ForgeConfigSpec/CORE]: Incorrect key client.improved_tooltips.Shulker Box Require Shift was corrected from null to its default, false. 
[08Apr2025 21:43:48.072] [modloading-worker-0/WARN] [net.minecraftforge.common.ForgeConfigSpec/CORE]: Incorrect key client.improved_tooltips.Map Require Shift was corrected from null to its default, false. 
[08Apr2025 21:43:48.073] [modloading-worker-0/WARN] [net.minecraftforge.common.ForgeConfigSpec/CORE]: Incorrect key client.improved_tooltips.Food Divisor was corrected from null to its default, 2. 
[08Apr2025 21:43:48.073] [modloading-worker-0/WARN] [net.minecraftforge.common.ForgeConfigSpec/CORE]: Incorrect key client.improved_tooltips.Show Saturation was corrected from null to its default, true. 
[08Apr2025 21:43:48.073] [modloading-worker-0/WARN] [net.minecraftforge.common.ForgeConfigSpec/CORE]: Incorrect key client.improved_tooltips.Food Compression Threshold was corrected from null to its default, 4. 
[08Apr2025 21:43:48.073] [modloading-worker-0/WARN] [net.minecraftforge.common.ForgeConfigSpec/CORE]: Incorrect key client.improved_tooltips.Fuel Time Divisor was corrected from null to its default, 200. 
[08Apr2025 21:43:48.073] [modloading-worker-0/WARN] [net.minecraftforge.common.ForgeConfigSpec/CORE]: Incorrect key client.improved_tooltips.Show Upgrade Status was corrected from null to its default, true. 
[08Apr2025 21:43:48.073] [modloading-worker-0/WARN] [net.minecraftforge.common.ForgeConfigSpec/CORE]: Incorrect key client.improved_tooltips.Animate Up Down Arrows was corrected from null to its default, true. 
[08Apr2025 21:43:48.073] [modloading-worker-0/WARN] [net.minecraftforge.common.ForgeConfigSpec/CORE]: Incorrect key client.improved_tooltips.Enchanting Stacks was corrected from null to its default, [minecraft:diamond_sword, minecraft:diamond_pickaxe, minecraft:diamond_shovel, minecraft:diamond_axe, minecraft:diamond_hoe, minecraft:diamond_helmet, minecraft:diamond_chestplate, minecraft:diamond_leggings, minecraft:diamond_boots, minecraft:shears, minecraft:bow, minecraft:fishing_rod, minecraft:crossbow, minecraft:trident, minecraft:elytra, minecraft:shield, quark:pickarang, supplementaries:slingshot, supplementaries:bubble_blower, farmersdelight:diamond_knife, the_bumblezone:stinger_spear, the_bumblezone:crystal_cannon, the_bumblezone:honey_crystal_shield, the_bumblezone:honey_bee_leggings_2]. 
[08Apr2025 21:43:48.073] [modloading-worker-0/WARN] [net.minecraftforge.common.ForgeConfigSpec/CORE]: Incorrect key client.improved_tooltips.Enchanting Additional Stacks was corrected from null to its default, []. 
[08Apr2025 21:43:48.074] [modloading-worker-0/WARN] [net.minecraftforge.common.ForgeConfigSpec/CORE]: Incorrect key client.usage_ticker was corrected from null to its default, SimpleCommentedConfig:{}. 
[08Apr2025 21:43:48.074] [modloading-worker-0/WARN] [net.minecraftforge.common.ForgeConfigSpec/CORE]: Incorrect key client.usage_ticker.Invert was corrected from null to its default, false. 
[08Apr2025 21:43:48.074] [modloading-worker-0/WARN] [net.minecraftforge.common.ForgeConfigSpec/CORE]: Incorrect key client.usage_ticker.Shift Left was corrected from null to its default, 0. 
[08Apr2025 21:43:48.074] [modloading-worker-0/WARN] [net.minecraftforge.common.ForgeConfigSpec/CORE]: Incorrect key client.usage_ticker.Shift Right was corrected from null to its default, 0. 
[08Apr2025 21:43:48.074] [modloading-worker-0/WARN] [net.minecraftforge.common.ForgeConfigSpec/CORE]: Incorrect key client.usage_ticker.Enable Main Hand was corrected from null to its default, true. 
[08Apr2025 21:43:48.074] [modloading-worker-0/WARN] [net.minecraftforge.common.ForgeConfigSpec/CORE]: Incorrect key client.usage_ticker.Enable Off Hand was corrected from null to its default, true. 
[08Apr2025 21:43:48.074] [modloading-worker-0/WARN] [net.minecraftforge.common.ForgeConfigSpec/CORE]: Incorrect key client.usage_ticker.Enable Armor was corrected from null to its default, true. 
[08Apr2025 21:43:48.074] [modloading-worker-0/WARN] [net.minecraftforge.common.ForgeConfigSpec/CORE]: Incorrect key client.uses_for_curses was corrected from null to its default, SimpleCommentedConfig:{}. 
[08Apr2025 21:43:48.075] [modloading-worker-0/WARN] [net.minecraftforge.common.ForgeConfigSpec/CORE]: Incorrect key client.uses_for_curses.Vanish Pumpkin Overlay was corrected from null to its default, true. 
[08Apr2025 21:43:48.075] [modloading-worker-0/WARN] [net.minecraftforge.common.ForgeConfigSpec/CORE]: Incorrect key client.uses_for_curses.Bind Armor Stands With Player Heads was corrected from null to its default, true. 
[08Apr2025 21:43:48.075] [modloading-worker-0/WARN] [net.minecraftforge.common.ForgeConfigSpec/CORE]: Incorrect key client.variant_animal_textures was corrected from null to its default, SimpleCommentedConfig:{}. 
[08Apr2025 21:43:48.075] [modloading-worker-0/WARN] [net.minecraftforge.common.ForgeConfigSpec/CORE]: Incorrect key client.variant_animal_textures.Enable Cow was corrected from null to its default, true. 
[08Apr2025 21:43:48.075] [modloading-worker-0/WARN] [net.minecraftforge.common.ForgeConfigSpec/CORE]: Incorrect key client.variant_animal_textures.Enable Pig was corrected from null to its default, true. 
[08Apr2025 21:43:48.075] [modloading-worker-0/WARN] [net.minecraftforge.common.ForgeConfigSpec/CORE]: Incorrect key client.variant_animal_textures.Enable Chicken was corrected from null to its default, true. 
[08Apr2025 21:43:48.075] [modloading-worker-0/WARN] [net.minecraftforge.common.ForgeConfigSpec/CORE]: Incorrect key client.variant_animal_textures.Enable Shiny Rabbit was corrected from null to its default, true. 
[08Apr2025 21:43:48.075] [modloading-worker-0/WARN] [net.minecraftforge.common.ForgeConfigSpec/CORE]: Incorrect key client.variant_animal_textures.Enable Shiny Llama was corrected from null to its default, true. 
[08Apr2025 21:43:48.076] [modloading-worker-0/WARN] [net.minecraftforge.common.ForgeConfigSpec/CORE]: Incorrect key client.variant_animal_textures.Enable Shiny Dolphin was corrected from null to its default, true. 
[08Apr2025 21:43:48.076] [modloading-worker-0/WARN] [net.minecraftforge.common.ForgeConfigSpec/CORE]: Incorrect key client.variant_animal_textures.Enable Shiny Slime was corrected from null to its default, true. 
[08Apr2025 21:43:48.076] [modloading-worker-0/WARN] [net.minecraftforge.common.ForgeConfigSpec/CORE]: Incorrect key client.variant_animal_textures.Enable L G B T Bees was corrected from null to its default, true. 
[08Apr2025 21:43:48.076] [modloading-worker-0/WARN] [net.minecraftforge.common.ForgeConfigSpec/CORE]: Incorrect key client.variant_animal_textures.Every Bee Is L G B T was corrected from null to its default, false. 
[08Apr2025 21:43:48.076] [modloading-worker-0/WARN] [net.minecraftforge.common.ForgeConfigSpec/CORE]: Incorrect key client.variant_animal_textures.Shiny Animal Chance was corrected from null to its default, 2048. 
[08Apr2025 21:43:48.076] [modloading-worker-0/WARN] [net.minecraftforge.common.ForgeConfigSpec/CORE]: Incorrect key client.variant_animal_textures.Shiny Sparkles was corrected from null to its default, true. 
[08Apr2025 21:43:48.080] [modloading-worker-0/WARN] [net.minecraftforge.common.ForgeConfigSpec/CORE]: Incorrect key experimental was corrected from null to its default, SimpleCommentedConfig:{}. 
[08Apr2025 21:43:48.081] [modloading-worker-0/WARN] [net.minecraftforge.common.ForgeConfigSpec/CORE]: Incorrect key experimental.Adjustable Chat was corrected from null to its default, false. 
[08Apr2025 21:43:48.081] [modloading-worker-0/WARN] [net.minecraftforge.common.ForgeConfigSpec/CORE]: Incorrect key experimental.Climate Control Remover was corrected from null to its default, false. 
[08Apr2025 21:43:48.081] [modloading-worker-0/WARN] [net.minecraftforge.common.ForgeConfigSpec/CORE]: Incorrect key experimental.Enchantment Predicates was corrected from null to its default, false. 
[08Apr2025 21:43:48.081] [modloading-worker-0/WARN] [net.minecraftforge.common.ForgeConfigSpec/CORE]: Incorrect key experimental.Enchantments Begone was corrected from null to its default, false. 
[08Apr2025 21:43:48.081] [modloading-worker-0/WARN] [net.minecraftforge.common.ForgeConfigSpec/CORE]: Incorrect key experimental.Game Nerfs was corrected from null to its default, false. 
[08Apr2025 21:43:48.081] [modloading-worker-0/WARN] [net.minecraftforge.common.ForgeConfigSpec/CORE]: Incorrect key experimental.Narrator Readout was corrected from null to its default, false. 
[08Apr2025 21:43:48.081] [modloading-worker-0/WARN] [net.minecraftforge.common.ForgeConfigSpec/CORE]: Incorrect key experimental.Overlay Shader was corrected from null to its default, false. 
[08Apr2025 21:43:48.081] [modloading-worker-0/WARN] [net.minecraftforge.common.ForgeConfigSpec/CORE]: Incorrect key experimental.Spawner Replacer was corrected from null to its default, false. 
[08Apr2025 21:43:48.081] [modloading-worker-0/WARN] [net.minecraftforge.common.ForgeConfigSpec/CORE]: Incorrect key experimental.Variant Selector was corrected from null to its default, false. 
[08Apr2025 21:43:48.081] [modloading-worker-0/WARN] [net.minecraftforge.common.ForgeConfigSpec/CORE]: Incorrect key experimental.Villager Rerolling Rework was corrected from null to its default, false. 
[08Apr2025 21:43:48.081] [modloading-worker-0/WARN] [net.minecraftforge.common.ForgeConfigSpec/CORE]: Incorrect key experimental.adjustable_chat was corrected from null to its default, SimpleCommentedConfig:{}. 
[08Apr2025 21:43:48.082] [modloading-worker-0/WARN] [net.minecraftforge.common.ForgeConfigSpec/CORE]: Incorrect key experimental.adjustable_chat.Horizontal Shift was corrected from null to its default, 0. 
[08Apr2025 21:43:48.082] [modloading-worker-0/WARN] [net.minecraftforge.common.ForgeConfigSpec/CORE]: Incorrect key experimental.adjustable_chat.Vertical Shift was corrected from null to its default, 0. 
[08Apr2025 21:43:48.082] [modloading-worker-0/WARN] [net.minecraftforge.common.ForgeConfigSpec/CORE]: Incorrect key experimental.climate_control_remover was corrected from null to its default, SimpleCommentedConfig:{}. 
[08Apr2025 21:43:48.082] [modloading-worker-0/WARN] [net.minecraftforge.common.ForgeConfigSpec/CORE]: Incorrect key experimental.climate_control_remover.Disable Temperature was corrected from null to its default, false. 
[08Apr2025 21:43:48.082] [modloading-worker-0/WARN] [net.minecraftforge.common.ForgeConfigSpec/CORE]: Incorrect key experimental.climate_control_remover.Disable Humidity was corrected from null to its default, false. 
[08Apr2025 21:43:48.082] [modloading-worker-0/WARN] [net.minecraftforge.common.ForgeConfigSpec/CORE]: Incorrect key experimental.climate_control_remover.Disable Continentalness was corrected from null to its default, false. 
[08Apr2025 21:43:48.082] [modloading-worker-0/WARN] [net.minecraftforge.common.ForgeConfigSpec/CORE]: Incorrect key experimental.climate_control_remover.Disable Erosion was corrected from null to its default, false. 
[08Apr2025 21:43:48.082] [modloading-worker-0/WARN] [net.minecraftforge.common.ForgeConfigSpec/CORE]: Incorrect key experimental.climate_control_remover.Disable Depth was corrected from null to its default, false. 
[08Apr2025 21:43:48.082] [modloading-worker-0/WARN] [net.minecraftforge.common.ForgeConfigSpec/CORE]: Incorrect key experimental.climate_control_remover.Disable Weirdness was corrected from null to its default, false. 
[08Apr2025 21:43:48.082] [modloading-worker-0/WARN] [net.minecraftforge.common.ForgeConfigSpec/CORE]: Incorrect key experimental.climate_control_remover.Disable Offset was corrected from null to its default, false. 
[08Apr2025 21:43:48.083] [modloading-worker-0/WARN] [net.minecraftforge.common.ForgeConfigSpec/CORE]: Incorrect key experimental.enchantment_predicates was corrected from null to its default, SimpleCommentedConfig:{}. 
[08Apr2025 21:43:48.083] [modloading-worker-0/WARN] [net.minecraftforge.common.ForgeConfigSpec/CORE]: Incorrect key experimental.enchantment_predicates.Items To Change was corrected from null to its default, []. 
[08Apr2025 21:43:48.083] [modloading-worker-0/WARN] [net.minecraftforge.common.ForgeConfigSpec/CORE]: Incorrect key experimental.enchantment_predicates.Enchantments To Register was corrected from null to its default, []. 
[08Apr2025 21:43:48.933] [modloading-worker-0/WARN] [net.minecraftforge.common.ForgeConfigSpec/CORE]: Incorrect key experimental.enchantments_begone was corrected from null to its default, SimpleCommentedConfig:{}. 
[08Apr2025 21:43:48.933] [modloading-worker-0/WARN] [net.minecraftforge.common.ForgeConfigSpec/CORE]: Incorrect key experimental.enchantments_begone.Enchantments To Begone was corrected from null to its default, []. 
[08Apr2025 21:43:48.933] [modloading-worker-0/WARN] [net.minecraftforge.common.ForgeConfigSpec/CORE]: Incorrect key experimental.game_nerfs was corrected from null to its default, SimpleCommentedConfig:{}. 
[08Apr2025 21:43:48.933] [modloading-worker-0/WARN] [net.minecraftforge.common.ForgeConfigSpec/CORE]: Incorrect key experimental.game_nerfs.Nerf Mending was corrected from null to its default, true. 
[08Apr2025 21:43:48.933] [modloading-worker-0/WARN] [net.minecraftforge.common.ForgeConfigSpec/CORE]: Incorrect key experimental.game_nerfs.No Nerf for Mending II was corrected from null to its default, false. 
[08Apr2025 21:43:48.933] [modloading-worker-0/WARN] [net.minecraftforge.common.ForgeConfigSpec/CORE]: Incorrect key experimental.game_nerfs.Nerf Villager Discount was corrected from null to its default, true. 
[08Apr2025 21:43:48.933] [modloading-worker-0/WARN] [net.minecraftforge.common.ForgeConfigSpec/CORE]: Incorrect key experimental.game_nerfs.Disable Iron Farms was corrected from null to its default, true. 
[08Apr2025 21:43:48.933] [modloading-worker-0/WARN] [net.minecraftforge.common.ForgeConfigSpec/CORE]: Incorrect key experimental.game_nerfs.Disable Ice Roads was corrected from null to its default, true. 
[08Apr2025 21:43:48.933] [modloading-worker-0/WARN] [net.minecraftforge.common.ForgeConfigSpec/CORE]: Incorrect key experimental.game_nerfs.Disable Wool Drops was corrected from null to its default, true. 
[08Apr2025 21:43:48.934] [modloading-worker-0/WARN] [net.minecraftforge.common.ForgeConfigSpec/CORE]: Incorrect key experimental.game_nerfs.Enable Selective Mob Griefing was corrected from null to its default, true. 
[08Apr2025 21:43:48.934] [modloading-worker-0/WARN] [net.minecraftforge.common.ForgeConfigSpec/CORE]: Incorrect key experimental.game_nerfs.Enable Dimension Locked Elytra was corrected from null to its default, true. 
[08Apr2025 21:43:48.934] [modloading-worker-0/WARN] [net.minecraftforge.common.ForgeConfigSpec/CORE]: Incorrect key experimental.game_nerfs.Disable Falling Block Dupe was corrected from null to its default, true. 
[08Apr2025 21:43:48.934] [modloading-worker-0/WARN] [net.minecraftforge.common.ForgeConfigSpec/CORE]: Incorrect key experimental.game_nerfs.Disable Piston Physics Exploits was corrected from null to its default, true. 
[08Apr2025 21:43:48.934] [modloading-worker-0/WARN] [net.minecraftforge.common.ForgeConfigSpec/CORE]: Incorrect key experimental.game_nerfs.Disable Mushroom Block Removal was corrected from null to its default, true. 
[08Apr2025 21:43:48.934] [modloading-worker-0/WARN] [net.minecraftforge.common.ForgeConfigSpec/CORE]: Incorrect key experimental.game_nerfs.Disable Tripwire Hook Dupe was corrected from null to its default, true. 
[08Apr2025 21:43:48.934] [modloading-worker-0/WARN] [net.minecraftforge.common.ForgeConfigSpec/CORE]: Incorrect key experimental.game_nerfs.Non Griefing Entities was corrected from null to its default, [minecraft:creeper, minecraft:enderman]. 
[08Apr2025 21:43:48.934] [modloading-worker-0/WARN] [net.minecraftforge.common.ForgeConfigSpec/CORE]: Incorrect key experimental.game_nerfs.Elytra Allowed Dimensions was corrected from null to its default, [minecraft:the_end]. 
[08Apr2025 21:43:48.934] [modloading-worker-0/WARN] [net.minecraftforge.common.ForgeConfigSpec/CORE]: Incorrect key experimental.overlay_shader was corrected from null to its default, SimpleCommentedConfig:{}. 
[08Apr2025 21:43:48.934] [modloading-worker-0/WARN] [net.minecraftforge.common.ForgeConfigSpec/CORE]: Incorrect key experimental.overlay_shader.Shader was corrected from null to its default, none. 
[08Apr2025 21:43:48.934] [modloading-worker-0/WARN] [net.minecraftforge.common.ForgeConfigSpec/CORE]: Incorrect key experimental.spawner_replacer was corrected from null to its default, SimpleCommentedConfig:{}. 
[08Apr2025 21:43:48.934] [modloading-worker-0/WARN] [net.minecraftforge.common.ForgeConfigSpec/CORE]: Incorrect key experimental.spawner_replacer.Replace Mobs was corrected from null to its default, []. 
[08Apr2025 21:43:48.934] [modloading-worker-0/WARN] [net.minecraftforge.common.ForgeConfigSpec/CORE]: Incorrect key experimental.variant_selector was corrected from null to its default, SimpleCommentedConfig:{}. 
[08Apr2025 21:43:48.934] [modloading-worker-0/WARN] [net.minecraftforge.common.ForgeConfigSpec/CORE]: Incorrect key experimental.variant_selector.Convert Variant Items was corrected from null to its default, false. 
[08Apr2025 21:43:48.934] [modloading-worker-0/WARN] [net.minecraftforge.common.ForgeConfigSpec/CORE]: Incorrect key experimental.variant_selector.Enable Hammer was corrected from null to its default, false. 
[08Apr2025 21:43:48.934] [modloading-worker-0/WARN] [net.minecraftforge.common.ForgeConfigSpec/CORE]: Incorrect key experimental.variant_selector.Show Tooltip was corrected from null to its default, true. 
[08Apr2025 21:43:48.934] [modloading-worker-0/WARN] [net.minecraftforge.common.ForgeConfigSpec/CORE]: Incorrect key experimental.variant_selector.Align Hud To Hotbar was corrected from null to its default, false. 
[08Apr2025 21:43:48.934] [modloading-worker-0/WARN] [net.minecraftforge.common.ForgeConfigSpec/CORE]: Incorrect key experimental.variant_selector.Show Simple Hud was corrected from null to its default, false. 
[08Apr2025 21:43:48.935] [modloading-worker-0/WARN] [net.minecraftforge.common.ForgeConfigSpec/CORE]: Incorrect key experimental.variant_selector.Show Hud was corrected from null to its default, true. 
[08Apr2025 21:43:48.935] [modloading-worker-0/WARN] [net.minecraftforge.common.ForgeConfigSpec/CORE]: Incorrect key experimental.variant_selector.Enable Green Tint was corrected from null to its default, true. 
[08Apr2025 21:43:48.935] [modloading-worker-0/WARN] [net.minecraftforge.common.ForgeConfigSpec/CORE]: Incorrect key experimental.variant_selector.Override Held Item Render was corrected from null to its default, true. 
[08Apr2025 21:43:48.935] [modloading-worker-0/WARN] [net.minecraftforge.common.ForgeConfigSpec/CORE]: Incorrect key experimental.variant_selector.Hud Offset X was corrected from null to its default, 0. 
[08Apr2025 21:43:48.935] [modloading-worker-0/WARN] [net.minecraftforge.common.ForgeConfigSpec/CORE]: Incorrect key experimental.variant_selector.Hud Offset Y was corrected from null to its default, 0. 
[08Apr2025 21:43:48.935] [modloading-worker-0/WARN] [net.minecraftforge.common.ForgeConfigSpec/CORE]: Incorrect key experimental.variant_selector.variants was corrected from null to its default, SimpleCommentedConfig:{}. 
[08Apr2025 21:43:48.935] [modloading-worker-0/WARN] [net.minecraftforge.common.ForgeConfigSpec/CORE]: Incorrect key experimental.variant_selector.variants.Variant Types was corrected from null to its default, [slab, stairs, wall, fence, fence_gate, vertical_slab]. 
[08Apr2025 21:43:48.935] [modloading-worker-0/WARN] [net.minecraftforge.common.ForgeConfigSpec/CORE]: Incorrect key experimental.variant_selector.variants.Tested Mods was corrected from null to its default, [quark]. 
[08Apr2025 21:43:48.936] [modloading-worker-0/WARN] [net.minecraftforge.common.ForgeConfigSpec/CORE]: Incorrect key experimental.variant_selector.variants.Print Variant Map To Log was corrected from null to its default, false. 
[08Apr2025 21:43:48.936] [modloading-worker-0/WARN] [net.minecraftforge.common.ForgeConfigSpec/CORE]: Incorrect key experimental.variant_selector.variants.Aliases was corrected from null to its default, [carpet=slab, pane=fence]. 
[08Apr2025 21:43:48.936] [modloading-worker-0/WARN] [net.minecraftforge.common.ForgeConfigSpec/CORE]: Incorrect key experimental.variant_selector.variants.Strip Candidates was corrected from null to its default, [_planks, _wool, _block, s]. 
[08Apr2025 21:43:48.936] [modloading-worker-0/WARN] [net.minecraftforge.common.ForgeConfigSpec/CORE]: Incorrect key experimental.variant_selector.variants.Manual Variants was corrected from null to its default, []. 
[08Apr2025 21:43:48.936] [modloading-worker-0/WARN] [net.minecraftforge.common.ForgeConfigSpec/CORE]: Incorrect key experimental.variant_selector.variants.Blacklist was corrected from null to its default, [minecraft:snow, minecraft:bamboo, minecraft:bamboo_block]. 
[08Apr2025 21:43:48.936] [modloading-worker-0/WARN] [net.minecraftforge.common.ForgeConfigSpec/CORE]: Incorrect key experimental.villager_rerolling_rework was corrected from null to its default, SimpleCommentedConfig:{}. 
[08Apr2025 21:43:48.937] [modloading-worker-0/WARN] [net.minecraftforge.common.ForgeConfigSpec/CORE]: Incorrect key experimental.villager_rerolling_rework.Seed Initial Villager Trades was corrected from null to its default, true. 
[08Apr2025 21:43:48.937] [modloading-worker-0/WARN] [net.minecraftforge.common.ForgeConfigSpec/CORE]: Incorrect key experimental.villager_rerolling_rework.Chance To Reroll When Restocking was corrected from null to its default, 0.25. 
[08Apr2025 21:43:48.937] [modloading-worker-0/WARN] [net.minecraftforge.common.ForgeConfigSpec/CORE]: Incorrect key experimental.villager_rerolling_rework.Maximum Restocks Per Day was corrected from null to its default, 3. 
[08Apr2025 21:43:48.937] [modloading-worker-0/WARN] [net.minecraftforge.common.ForgeConfigSpec/CORE]: Incorrect key experimental.villager_rerolling_rework.Reroll On Any Restock was corrected from null to its default, false. 
[08Apr2025 21:43:48.937] [modloading-worker-0/WARN] [net.minecraftforge.common.ForgeConfigSpec/CORE]: Incorrect key experimental.villager_rerolling_rework.Reroll Even If Not Out Of Stock was corrected from null to its default, false. 
[08Apr2025 21:43:48.947] [modloading-worker-0/WARN] [net.minecraftforge.common.ForgeConfigSpec/CORE]: Incorrect key oddities was corrected from null to its default, SimpleCommentedConfig:{}. 
[08Apr2025 21:43:48.947] [modloading-worker-0/WARN] [net.minecraftforge.common.ForgeConfigSpec/CORE]: Incorrect key oddities.Backpack was corrected from null to its default, true. 
[08Apr2025 21:43:48.947] [modloading-worker-0/WARN] [net.minecraftforge.common.ForgeConfigSpec/CORE]: Incorrect key oddities.Crate was corrected from null to its default, true. 
[08Apr2025 21:43:48.947] [modloading-worker-0/WARN] [net.minecraftforge.common.ForgeConfigSpec/CORE]: Incorrect key oddities.Magnets was corrected from null to its default, true. 
[08Apr2025 21:43:48.947] [modloading-worker-0/WARN] [net.minecraftforge.common.ForgeConfigSpec/CORE]: Incorrect key oddities.Matrix Enchanting was corrected from null to its default, true. 
[08Apr2025 21:43:48.947] [modloading-worker-0/WARN] [net.minecraftforge.common.ForgeConfigSpec/CORE]: Incorrect key oddities.Pipes was corrected from null to its default, true. 
[08Apr2025 21:43:48.947] [modloading-worker-0/WARN] [net.minecraftforge.common.ForgeConfigSpec/CORE]: Incorrect key oddities.Tiny Potato was corrected from null to its default, true. 
[08Apr2025 21:43:48.947] [modloading-worker-0/WARN] [net.minecraftforge.common.ForgeConfigSpec/CORE]: Incorrect key oddities.Totem Of Holding was corrected from null to its default, true. 
[08Apr2025 21:43:48.947] [modloading-worker-0/WARN] [net.minecraftforge.common.ForgeConfigSpec/CORE]: Incorrect key oddities.backpack was corrected from null to its default, SimpleCommentedConfig:{}. 
[08Apr2025 21:43:48.947] [modloading-worker-0/WARN] [net.minecraftforge.common.ForgeConfigSpec/CORE]: Incorrect key oddities.backpack.Super Op Mode was corrected from null to its default, false. 
[08Apr2025 21:43:48.947] [modloading-worker-0/WARN] [net.minecraftforge.common.ForgeConfigSpec/CORE]: Incorrect key oddities.backpack.Enable Ravager Hide was corrected from null to its default, true. 
[08Apr2025 21:43:48.948] [modloading-worker-0/WARN] [net.minecraftforge.common.ForgeConfigSpec/CORE]: Incorrect key oddities.backpack.Items In Backpack Tick was corrected from null to its default, true. 
[08Apr2025 21:43:48.948] [modloading-worker-0/WARN] [net.minecraftforge.common.ForgeConfigSpec/CORE]: Incorrect key oddities.backpack.Base Ravager Hide Drop was corrected from null to its default, 1. 
[08Apr2025 21:43:48.948] [modloading-worker-0/WARN] [net.minecraftforge.common.ForgeConfigSpec/CORE]: Incorrect key oddities.backpack.Extra Chance Per Looting was corrected from null to its default, 0.5. 
[08Apr2025 21:43:48.948] [modloading-worker-0/WARN] [net.minecraftforge.common.ForgeConfigSpec/CORE]: Incorrect key oddities.backpack.Allow Armor Stand Unloading was corrected from null to its default, true. 
[08Apr2025 21:43:48.948] [modloading-worker-0/WARN] [net.minecraftforge.common.ForgeConfigSpec/CORE]: Incorrect key oddities.crate was corrected from null to its default, SimpleCommentedConfig:{}. 
[08Apr2025 21:43:48.948] [modloading-worker-0/WARN] [net.minecraftforge.common.ForgeConfigSpec/CORE]: Incorrect key oddities.crate.Max Items was corrected from null to its default, 640. 
[08Apr2025 21:43:48.948] [modloading-worker-0/WARN] [net.minecraftforge.common.ForgeConfigSpec/CORE]: Incorrect key oddities.magnets was corrected from null to its default, SimpleCommentedConfig:{}. 
[08Apr2025 21:43:48.948] [modloading-worker-0/WARN] [net.minecraftforge.common.ForgeConfigSpec/CORE]: Incorrect key oddities.magnets.Magnetic Derivation List was corrected from null to its default, [minecraft:iron_ingot, minecraft:copper_ingot, minecraft:exposed_copper, minecraft:weathered_copper, minecraft:oxidized_copper, minecraft:raw_iron, minecraft:raw_copper, minecraft:iron_ore, minecraft:deepslate_iron_ore, minecraft:copper_ore, minecraft:deepslate_copper_ore, quark:gravisand]. 
[08Apr2025 21:43:48.950] [modloading-worker-0/WARN] [net.minecraftforge.common.ForgeConfigSpec/CORE]: Incorrect key oddities.magnets.Magnetic Whitelist was corrected from null to its default, [minecraft:chipped_anvil, minecraft:damaged_anvil]. 
[08Apr2025 21:43:48.950] [modloading-worker-0/WARN] [net.minecraftforge.common.ForgeConfigSpec/CORE]: Incorrect key oddities.magnets.Magnetic Blacklist was corrected from null to its default, [minecraft:tripwire_hook]. 
[08Apr2025 21:43:48.950] [modloading-worker-0/WARN] [net.minecraftforge.common.ForgeConfigSpec/CORE]: Incorrect key oddities.magnets.Use Pre End Recipe was corrected from null to its default, false. 
[08Apr2025 21:43:48.950] [modloading-worker-0/WARN] [net.minecraftforge.common.ForgeConfigSpec/CORE]: Incorrect key oddities.matrix_enchanting was corrected from null to its default, SimpleCommentedConfig:{}. 
[08Apr2025 21:43:48.950] [modloading-worker-0/WARN] [net.minecraftforge.common.ForgeConfigSpec/CORE]: Incorrect key oddities.matrix_enchanting.Max Bookshelves was corrected from null to its default, 15. 
[08Apr2025 21:43:48.950] [modloading-worker-0/WARN] [net.minecraftforge.common.ForgeConfigSpec/CORE]: Incorrect key oddities.matrix_enchanting.Piece Price Scale was corrected from null to its default, 9. 
[08Apr2025 21:43:48.950] [modloading-worker-0/WARN] [net.minecraftforge.common.ForgeConfigSpec/CORE]: Incorrect key oddities.matrix_enchanting.Book Enchantability was corrected from null to its default, 12. 
[08Apr2025 21:43:48.950] [modloading-worker-0/WARN] [net.minecraftforge.common.ForgeConfigSpec/CORE]: Incorrect key oddities.matrix_enchanting.Base Max Piece Count was corrected from null to its default, 3. 
[08Apr2025 21:43:48.950] [modloading-worker-0/WARN] [net.minecraftforge.common.ForgeConfigSpec/CORE]: Incorrect key oddities.matrix_enchanting.Base Max Piece Count Book was corrected from null to its default, 1. 
[08Apr2025 21:43:48.950] [modloading-worker-0/WARN] [net.minecraftforge.common.ForgeConfigSpec/CORE]: Incorrect key oddities.matrix_enchanting.Min Level Cutoff was corrected from null to its default, 8. 
[08Apr2025 21:43:48.951] [modloading-worker-0/WARN] [net.minecraftforge.common.ForgeConfigSpec/CORE]: Incorrect key oddities.matrix_enchanting.Charge Per Lapis was corrected from null to its default, 4. 
[08Apr2025 21:43:48.951] [modloading-worker-0/WARN] [net.minecraftforge.common.ForgeConfigSpec/CORE]: Incorrect key oddities.matrix_enchanting.Min Level Scale Factor was corrected from null to its default, 1.2. 
[08Apr2025 21:43:48.951] [modloading-worker-0/WARN] [net.minecraftforge.common.ForgeConfigSpec/CORE]: Incorrect key oddities.matrix_enchanting.Min Level Scale Factor Book was corrected from null to its default, 2.0. 
[08Apr2025 21:43:48.951] [modloading-worker-0/WARN] [net.minecraftforge.common.ForgeConfigSpec/CORE]: Incorrect key oddities.matrix_enchanting.Dupe Multiplier was corrected from null to its default, 1.4. 
[08Apr2025 21:43:48.951] [modloading-worker-0/WARN] [net.minecraftforge.common.ForgeConfigSpec/CORE]: Incorrect key oddities.matrix_enchanting.Incompatible Multiplier was corrected from null to its default, 0.0. 
[08Apr2025 21:43:48.951] [modloading-worker-0/WARN] [net.minecraftforge.common.ForgeConfigSpec/CORE]: Incorrect key oddities.matrix_enchanting.Allow Books was corrected from null to its default, true. 
[08Apr2025 21:43:48.951] [modloading-worker-0/WARN] [net.minecraftforge.common.ForgeConfigSpec/CORE]: Incorrect key oddities.matrix_enchanting.Allow Treasures was corrected from null to its default, false. 
[08Apr2025 21:43:48.951] [modloading-worker-0/WARN] [net.minecraftforge.common.ForgeConfigSpec/CORE]: Incorrect key oddities.matrix_enchanting.Treasure Whitelist was corrected from null to its default, []. 
[08Apr2025 21:43:48.951] [modloading-worker-0/WARN] [net.minecraftforge.common.ForgeConfigSpec/CORE]: Incorrect key oddities.matrix_enchanting.Show Tooltip was corrected from null to its default, true. 
[08Apr2025 21:43:48.952] [modloading-worker-0/WARN] [net.minecraftforge.common.ForgeConfigSpec/CORE]: Incorrect key oddities.matrix_enchanting.Normalize Rarity was corrected from null to its default, true. 
[08Apr2025 21:43:48.952] [modloading-worker-0/WARN] [net.minecraftforge.common.ForgeConfigSpec/CORE]: Incorrect key oddities.matrix_enchanting.Allow Underwater Enchanting was corrected from null to its default, true. 
[08Apr2025 21:43:48.952] [modloading-worker-0/WARN] [net.minecraftforge.common.ForgeConfigSpec/CORE]: Incorrect key oddities.matrix_enchanting.Allow Short Block Enchanting was corrected from null to its default, true. 
[08Apr2025 21:43:48.952] [modloading-worker-0/WARN] [net.minecraftforge.common.ForgeConfigSpec/CORE]: Incorrect key oddities.matrix_enchanting.Soul Candles Invert was corrected from null to its default, true. 
[08Apr2025 21:43:48.952] [modloading-worker-0/WARN] [net.minecraftforge.common.ForgeConfigSpec/CORE]: Incorrect key oddities.matrix_enchanting.Disallowed Enchantments was corrected from null to its default, []. 
[08Apr2025 21:43:48.952] [modloading-worker-0/WARN] [net.minecraftforge.common.ForgeConfigSpec/CORE]: Incorrect key oddities.matrix_enchanting.Influences List was corrected from null to its default, [minecraft:unbreaking, minecraft:fire_protection, minecraft:knockback,minecraft:punch, minecraft:feather_falling, minecraft:looting,minecraft:fortune,minecraft:luck_of_the_sea, minecraft:blast_protection, minecraft:silk_touch,minecraft:channeling, minecraft:bane_of_arthropods, minecraft:protection, minecraft:respiration,minecraft:loyalty,minecraft:infinity, minecraft:sweeping,minecraft:multishot, minecraft:efficiency,minecraft:sharpness,minecraft:lure,minecraft:power,minecraft:impaling,minecraft:quick_charge, minecraft:aqua_affinity,minecraft:depth_strider,minecraft:riptide, minecraft:thorns,minecraft:piercing, minecraft:fire_aspect,minecraft:flame, minecraft:smite,minecraft:projectile_protection]. 
[08Apr2025 21:43:48.952] [modloading-worker-0/WARN] [net.minecraftforge.common.ForgeConfigSpec/CORE]: Incorrect key oddities.matrix_enchanting.States To Influences was corrected from null to its default, []. 
[08Apr2025 21:43:48.952] [modloading-worker-0/WARN] [net.minecraftforge.common.ForgeConfigSpec/CORE]: Incorrect key oddities.matrix_enchanting.Allow Influencing was corrected from null to its default, true. 
[08Apr2025 21:43:48.952] [modloading-worker-0/WARN] [net.minecraftforge.common.ForgeConfigSpec/CORE]: Incorrect key oddities.matrix_enchanting.Influence Max was corrected from null to its default, 4. 
[08Apr2025 21:43:48.953] [modloading-worker-0/WARN] [net.minecraftforge.common.ForgeConfigSpec/CORE]: Incorrect key oddities.matrix_enchanting.Influence Power was corrected from null to its default, 0.125. 
[08Apr2025 21:43:48.953] [modloading-worker-0/WARN] [net.minecraftforge.common.ForgeConfigSpec/CORE]: Incorrect key oddities.matrix_enchanting.Automatically Convert was corrected from null to its default, true. 
[08Apr2025 21:43:48.953] [modloading-worker-0/WARN] [net.minecraftforge.common.ForgeConfigSpec/CORE]: Incorrect key oddities.pipes was corrected from null to its default, SimpleCommentedConfig:{}. 
[08Apr2025 21:43:48.953] [modloading-worker-0/WARN] [net.minecraftforge.common.ForgeConfigSpec/CORE]: Incorrect key oddities.pipes.Pipe Speed was corrected from null to its default, 5. 
[08Apr2025 21:43:48.953] [modloading-worker-0/WARN] [net.minecraftforge.common.ForgeConfigSpec/CORE]: Incorrect key oddities.pipes.Max Pipe Items was corrected from null to its default, 16. 
[08Apr2025 21:43:48.953] [modloading-worker-0/WARN] [net.minecraftforge.common.ForgeConfigSpec/CORE]: Incorrect key oddities.pipes.Do Pipes Whoosh was corrected from null to its default, true. 
[08Apr2025 21:43:48.953] [modloading-worker-0/WARN] [net.minecraftforge.common.ForgeConfigSpec/CORE]: Incorrect key oddities.pipes.Enable Encased Pipes was corrected from null to its default, true. 
[08Apr2025 21:43:48.953] [modloading-worker-0/WARN] [net.minecraftforge.common.ForgeConfigSpec/CORE]: Incorrect key oddities.pipes.Render Pipe Items was corrected from null to its default, true. 
[08Apr2025 21:43:48.953] [modloading-worker-0/WARN] [net.minecraftforge.common.ForgeConfigSpec/CORE]: Incorrect key oddities.pipes.Emit Vibrations was corrected from null to its default, true. 
[08Apr2025 21:43:48.954] [modloading-worker-0/WARN] [net.minecraftforge.common.ForgeConfigSpec/CORE]: Incorrect key oddities.tiny_potato was corrected from null to its default, SimpleCommentedConfig:{}. 
[08Apr2025 21:43:48.954] [modloading-worker-0/WARN] [net.minecraftforge.common.ForgeConfigSpec/CORE]: Incorrect key oddities.tiny_potato.Never Use Heart Of Diamond was corrected from null to its default, false. 
[08Apr2025 21:43:48.955] [modloading-worker-0/WARN] [net.minecraftforge.common.ForgeConfigSpec/CORE]: Incorrect key oddities.tiny_potato.Ignore Anti Overlap was corrected from null to its default, false. 
[08Apr2025 21:43:48.955] [modloading-worker-0/WARN] [net.minecraftforge.common.ForgeConfigSpec/CORE]: Incorrect key oddities.totem_of_holding was corrected from null to its default, SimpleCommentedConfig:{}. 
[08Apr2025 21:43:48.955] [modloading-worker-0/WARN] [net.minecraftforge.common.ForgeConfigSpec/CORE]: Incorrect key oddities.totem_of_holding.Dark Souls Mode was corrected from null to its default, true. 
[08Apr2025 21:43:48.955] [modloading-worker-0/WARN] [net.minecraftforge.common.ForgeConfigSpec/CORE]: Incorrect key oddities.totem_of_holding.Spawn Totem on PVP Kill was corrected from null to its default, false. 
[08Apr2025 21:43:48.955] [modloading-worker-0/WARN] [net.minecraftforge.common.ForgeConfigSpec/CORE]: Incorrect key oddities.totem_of_holding.Destroy Lost Items was corrected from null to its default, false. 
[08Apr2025 21:43:48.955] [modloading-worker-0/WARN] [net.minecraftforge.common.ForgeConfigSpec/CORE]: Incorrect key oddities.totem_of_holding.Allow Anyone To Collect was corrected from null to its default, true. 
[08Apr2025 21:43:48.955] [modloading-worker-0/WARN] [net.minecraftforge.common.ForgeConfigSpec/CORE]: Incorrect key oddities.totem_of_holding.Enable Soul Compass was corrected from null to its default, true. 
[08Apr2025 21:43:49.080] [main/INFO] [zeta-internal/]: Dispatching ZRegister to 3 listeners
[08Apr2025 21:43:49.085] [main/INFO] [zeta-internal/]: Dispatching ZRegister$Post to 1 listener
[08Apr2025 21:43:49.085] [main/INFO] [quark-zeta/]: Dispatching ZRegister to 96 listeners
[08Apr2025 21:43:49.869] [main/INFO] [quark-zeta/]: Dispatching ZRegister$Post to 6 listeners
[08Apr2025 21:43:51.840] [main/INFO] [Moonlight/]: Initialized block sets in 16ms
[08Apr2025 21:43:53.902] [main/INFO] [quark-zeta/]: Dispatching ForgeZEntityAttributeCreation (as ZEntityAttributeCreation) to 7 listeners
[08Apr2025 21:43:53.934] [main/WARN] [net.minecraftforge.common.ForgeConfigSpec/CORE]: Configuration file /workspaces/PlanetQu/servidor_minecraft/config/betterwitchhuts-forge-1_20.toml is not correct. Correcting
[08Apr2025 21:43:53.935] [main/WARN] [net.minecraftforge.common.ForgeConfigSpec/CORE]: Incorrect key YUNG's Better Witch Huts was corrected from null to its default, SimpleCommentedConfig:{}. 
[08Apr2025 21:43:53.935] [main/WARN] [net.minecraftforge.common.ForgeConfigSpec/CORE]: Incorrect key YUNG's Better Witch Huts.General was corrected from null to its default, SimpleCommentedConfig:{}. 
[08Apr2025 21:43:53.935] [main/WARN] [net.minecraftforge.common.ForgeConfigSpec/CORE]: Incorrect key YUNG's Better Witch Huts.General.Disable Vanilla Witch Huts was corrected from null to its default, true. 
[08Apr2025 21:43:53.937] [main/WARN] [net.minecraftforge.common.ForgeConfigSpec/CORE]: Configuration file /workspaces/PlanetQu/servidor_minecraft/config/betterdungeons-forge-1_20.toml is not correct. Correcting
[08Apr2025 21:43:53.937] [main/WARN] [net.minecraftforge.common.ForgeConfigSpec/CORE]: Incorrect key YUNG's Better Dungeons was corrected from null to its default, SimpleCommentedConfig:{}. 
[08Apr2025 21:43:53.937] [main/WARN] [net.minecraftforge.common.ForgeConfigSpec/CORE]: Incorrect key YUNG's Better Dungeons.General was corrected from null to its default, SimpleCommentedConfig:{}. 
[08Apr2025 21:43:53.937] [main/WARN] [net.minecraftforge.common.ForgeConfigSpec/CORE]: Incorrect key YUNG's Better Dungeons.General.Enable Skulls & Heads was corrected from null to its default, true. 
[08Apr2025 21:43:53.938] [main/WARN] [net.minecraftforge.common.ForgeConfigSpec/CORE]: Incorrect key YUNG's Better Dungeons.General.Enable Nether Blocks in Dungeons was corrected from null to its default, true. 
[08Apr2025 21:43:53.938] [main/WARN] [net.minecraftforge.common.ForgeConfigSpec/CORE]: Incorrect key YUNG's Better Dungeons.Zombie Dungeons was corrected from null to its default, SimpleCommentedConfig:{}. 
[08Apr2025 21:43:53.938] [main/WARN] [net.minecraftforge.common.ForgeConfigSpec/CORE]: Incorrect key YUNG's Better Dungeons.Zombie Dungeons.Zombie Dungeon Surface Entrance Staircase Max Length was corrected from null to its default, 20. 
[08Apr2025 21:43:53.938] [main/WARN] [net.minecraftforge.common.ForgeConfigSpec/CORE]: Incorrect key YUNG's Better Dungeons.Small Dungeons was corrected from null to its default, SimpleCommentedConfig:{}. 
[08Apr2025 21:43:53.938] [main/WARN] [net.minecraftforge.common.ForgeConfigSpec/CORE]: Incorrect key YUNG's Better Dungeons.Small Dungeons.Small Dungeon Max Banner Count was corrected from null to its default, 2. 
[08Apr2025 21:43:53.938] [main/WARN] [net.minecraftforge.common.ForgeConfigSpec/CORE]: Incorrect key YUNG's Better Dungeons.Small Dungeons.Small Dungeon Min Chest Count was corrected from null to its default, 1. 
[08Apr2025 21:43:53.938] [main/WARN] [net.minecraftforge.common.ForgeConfigSpec/CORE]: Incorrect key YUNG's Better Dungeons.Small Dungeons.Small Dungeon Max Chest Count was corrected from null to its default, 2. 
[08Apr2025 21:43:53.938] [main/WARN] [net.minecraftforge.common.ForgeConfigSpec/CORE]: Incorrect key YUNG's Better Dungeons.Small Dungeons.Allow Ore Blocks in Corners was corrected from null to its default, true. 
[08Apr2025 21:43:53.939] [main/WARN] [net.minecraftforge.common.ForgeConfigSpec/CORE]: Incorrect key YUNG's Better Dungeons.Small Nether Dungeons was corrected from null to its default, SimpleCommentedConfig:{}. 
[08Apr2025 21:43:53.939] [main/WARN] [net.minecraftforge.common.ForgeConfigSpec/CORE]: Incorrect key YUNG's Better Dungeons.Small Nether Dungeons.Enable Small Nether Dungeons was corrected from null to its default, false. 
[08Apr2025 21:43:53.939] [main/WARN] [net.minecraftforge.common.ForgeConfigSpec/CORE]: Incorrect key YUNG's Better Dungeons.Small Nether Dungeons.Wither Skeletons From Spawners Drop Wither Skeleton Skulls was corrected from null to its default, true. 
[08Apr2025 21:43:53.939] [main/WARN] [net.minecraftforge.common.ForgeConfigSpec/CORE]: Incorrect key YUNG's Better Dungeons.Small Nether Dungeons.Blazes From Spawners Drop Blaze Rods was corrected from null to its default, true. 
[08Apr2025 21:43:53.939] [main/WARN] [net.minecraftforge.common.ForgeConfigSpec/CORE]: Incorrect key YUNG's Better Dungeons.Small Nether Dungeons.Small Nether Dungeon Max Banner Count was corrected from null to its default, 2. 
[08Apr2025 21:43:53.940] [main/WARN] [net.minecraftforge.common.ForgeConfigSpec/CORE]: Configuration file /workspaces/PlanetQu/servidor_minecraft/config/betteroceanmonuments-forge-1_20.toml is not correct. Correcting
[08Apr2025 21:43:53.941] [main/WARN] [net.minecraftforge.common.ForgeConfigSpec/CORE]: Incorrect key YUNG's Better Ocean Monuments was corrected from null to its default, SimpleCommentedConfig:{}. 
[08Apr2025 21:43:53.941] [main/WARN] [net.minecraftforge.common.ForgeConfigSpec/CORE]: Incorrect key YUNG's Better Ocean Monuments.General was corrected from null to its default, SimpleCommentedConfig:{}. 
[08Apr2025 21:43:53.941] [main/WARN] [net.minecraftforge.common.ForgeConfigSpec/CORE]: Incorrect key YUNG's Better Ocean Monuments.General.Disable Vanilla Ocean Monuments was corrected from null to its default, true. 
[08Apr2025 21:43:53.942] [main/WARN] [net.minecraftforge.common.ForgeConfigSpec/CORE]: Configuration file /workspaces/PlanetQu/servidor_minecraft/config/sophisticatedcore-common.toml is not correct. Correcting
[08Apr2025 21:43:53.942] [main/WARN] [net.minecraftforge.common.ForgeConfigSpec/CORE]: Incorrect key common was corrected from null to its default, SimpleCommentedConfig:{}. 
[08Apr2025 21:43:53.942] [main/WARN] [net.minecraftforge.common.ForgeConfigSpec/CORE]: Incorrect key common.enabledItems was corrected from null to its default, []. 
[08Apr2025 21:43:53.944] [main/WARN] [net.minecraftforge.common.ForgeConfigSpec/CORE]: Configuration file /workspaces/PlanetQu/servidor_minecraft/config/citadel-common.toml is not correct. Correcting
[08Apr2025 21:43:53.944] [main/WARN] [net.minecraftforge.common.ForgeConfigSpec/CORE]: Incorrect key general was corrected from null to its default, SimpleCommentedConfig:{}. 
[08Apr2025 21:43:53.944] [main/WARN] [net.minecraftforge.common.ForgeConfigSpec/CORE]: Incorrect key general.Track Entities was corrected from null to its default, true. 
[08Apr2025 21:43:53.944] [main/WARN] [net.minecraftforge.common.ForgeConfigSpec/CORE]: Incorrect key general.Skip Datapack Warnings was corrected from null to its default, true. 
[08Apr2025 21:43:53.945] [main/WARN] [net.minecraftforge.common.ForgeConfigSpec/CORE]: Incorrect key general.chunkGenSpawnModifier was corrected from null to its default, 1.0. 
[08Apr2025 21:43:53.945] [main/WARN] [net.minecraftforge.common.ForgeConfigSpec/CORE]: Incorrect key general.April Fools Content was corrected from null to its default, true. 
[08Apr2025 21:43:53.947] [main/WARN] [net.minecraftforge.common.ForgeConfigSpec/CORE]: Configuration file /workspaces/PlanetQu/servidor_minecraft/config/bagus_lib-common.toml is not correct. Correcting
[08Apr2025 21:43:53.947] [main/WARN] [net.minecraftforge.common.ForgeConfigSpec/CORE]: Incorrect key Enable Shake Camera for Vanilla was corrected from null to its default, true. 
[08Apr2025 21:43:53.949] [main/WARN] [net.minecraftforge.common.ForgeConfigSpec/CORE]: Configuration file /workspaces/PlanetQu/servidor_minecraft/config/aether-common.toml is not correct. Correcting
[08Apr2025 21:43:53.949] [main/WARN] [net.minecraftforge.common.ForgeConfigSpec/CORE]: Incorrect key Gameplay was corrected from null to its default, SimpleCommentedConfig:{}. 
[08Apr2025 21:43:53.949] [main/WARN] [net.minecraftforge.common.ForgeConfigSpec/CORE]: Incorrect key Gameplay.Use default Curios' menu was corrected from null to its default, false. 
[08Apr2025 21:43:53.949] [main/WARN] [net.minecraftforge.common.ForgeConfigSpec/CORE]: Incorrect key Gameplay.Gives player Aether Portal Frame item was corrected from null to its default, false. 
[08Apr2025 21:43:53.949] [main/WARN] [net.minecraftforge.common.ForgeConfigSpec/CORE]: Incorrect key Gameplay.Gives starting loot on entry was corrected from null to its default, true. 
[08Apr2025 21:43:53.949] [main/WARN] [net.minecraftforge.common.ForgeConfigSpec/CORE]: Incorrect key Gameplay.Repeat Sun Spirit's battle dialogue was corrected from null to its default, true. 
[08Apr2025 21:43:53.950] [main/WARN] [net.minecraftforge.common.ForgeConfigSpec/CORE]: Incorrect key Gameplay.Show Patreon message was corrected from null to its default, true. 
[08Apr2025 21:43:53.950] [main/WARN] [net.minecraftforge.common.ForgeConfigSpec/CORE]: Incorrect key Data Pack was corrected from null to its default, SimpleCommentedConfig:{}. 
[08Apr2025 21:43:53.950] [main/WARN] [net.minecraftforge.common.ForgeConfigSpec/CORE]: Incorrect key Data Pack.Add Temporary Freezing automatically was corrected from null to its default, false. 
[08Apr2025 21:43:53.950] [main/WARN] [net.minecraftforge.common.ForgeConfigSpec/CORE]: Incorrect key Data Pack.Add Ruined Portals automatically was corrected from null to its default, false. 
[08Apr2025 21:43:53.951] [main/WARN] [net.minecraftforge.common.ForgeConfigSpec/CORE]: Configuration file /workspaces/PlanetQu/servidor_minecraft/config/sophisticatedbackpacks-common.toml is not correct. Correcting
[08Apr2025 21:43:53.952] [main/WARN] [net.minecraftforge.common.ForgeConfigSpec/CORE]: Incorrect key common was corrected from null to its default, SimpleCommentedConfig:{}. 
[08Apr2025 21:43:53.952] [main/WARN] [net.minecraftforge.common.ForgeConfigSpec/CORE]: Incorrect key common.chestLootEnabled was corrected from null to its default, true. 
[08Apr2025 21:43:53.953] [main/WARN] [net.minecraftforge.common.ForgeConfigSpec/CORE]: Configuration file /workspaces/PlanetQu/servidor_minecraft/config/alexsmobs.toml is not correct. Correcting
[08Apr2025 21:43:53.953] [main/WARN] [net.minecraftforge.common.ForgeConfigSpec/CORE]: Incorrect key general was corrected from null to its default, SimpleCommentedConfig:{}. 
[08Apr2025 21:43:53.954] [main/WARN] [net.minecraftforge.common.ForgeConfigSpec/CORE]: Incorrect key general.giveBookOnStartup was corrected from null to its default, true. 
[08Apr2025 21:43:53.954] [main/WARN] [net.minecraftforge.common.ForgeConfigSpec/CORE]: Incorrect key general.lavaVisionOpacity was corrected from null to its default, 0.65. 
[08Apr2025 21:43:53.954] [main/WARN] [net.minecraftforge.common.ForgeConfigSpec/CORE]: Incorrect key general.shadersCompat was corrected from null to its default, false. 
[08Apr2025 21:43:53.954] [main/WARN] [net.minecraftforge.common.ForgeConfigSpec/CORE]: Incorrect key general.bananasDropFromLeaves was corrected from null to its default, true. 
[08Apr2025 21:43:53.954] [main/WARN] [net.minecraftforge.common.ForgeConfigSpec/CORE]: Incorrect key general.bananaChance was corrected from null to its default, 200. 
[08Apr2025 21:43:53.954] [main/WARN] [net.minecraftforge.common.ForgeConfigSpec/CORE]: Incorrect key general.spidersAttackFlies was corrected from null to its default, true. 
[08Apr2025 21:43:53.954] [main/WARN] [net.minecraftforge.common.ForgeConfigSpec/CORE]: Incorrect key general.wolvesAttackMoose was corrected from null to its default, true. 
[08Apr2025 21:43:53.954] [main/WARN] [net.minecraftforge.common.ForgeConfigSpec/CORE]: Incorrect key general.polarBearsAttackSeals was corrected from null to its default, true. 
[08Apr2025 21:43:53.954] [main/WARN] [net.minecraftforge.common.ForgeConfigSpec/CORE]: Incorrect key general.catsAndFoxesAttackJerboas was corrected from null to its default, true. 
[08Apr2025 21:43:53.954] [main/WARN] [net.minecraftforge.common.ForgeConfigSpec/CORE]: Incorrect key general.dolphinsAttackFlyingFish was corrected from null to its default, true. 
[08Apr2025 21:43:53.955] [main/WARN] [net.minecraftforge.common.ForgeConfigSpec/CORE]: Incorrect key general.lavaBottleEnabled was corrected from null to its default, true. 
[08Apr2025 21:43:53.955] [main/WARN] [net.minecraftforge.common.ForgeConfigSpec/CORE]: Incorrect key general.neutralBoneSerpents was corrected from null to its default, false. 
[08Apr2025 21:43:53.955] [main/WARN] [net.minecraftforge.common.ForgeConfigSpec/CORE]: Incorrect key general.mimicubeSpawnInEndCity was corrected from null to its default, true. 
[08Apr2025 21:43:53.955] [main/WARN] [net.minecraftforge.common.ForgeConfigSpec/CORE]: Incorrect key general.mimicreamRepair was corrected from null to its default, true. 
[08Apr2025 21:43:53.955] [main/WARN] [net.minecraftforge.common.ForgeConfigSpec/CORE]: Incorrect key general.mimicreamBlacklist was corrected from null to its default, [alexsmobs:blood_sprayer, alexsmobs:hemolymph_blaster]. 
[08Apr2025 21:43:53.955] [main/WARN] [net.minecraftforge.common.ForgeConfigSpec/CORE]: Incorrect key general.raccoonStealFromChests was corrected from null to its default, true. 
[08Apr2025 21:43:53.955] [main/WARN] [net.minecraftforge.common.ForgeConfigSpec/CORE]: Incorrect key general.crowsStealCrops was corrected from null to its default, true. 
[08Apr2025 21:43:53.955] [main/WARN] [net.minecraftforge.common.ForgeConfigSpec/CORE]: Incorrect key general.fishOilMeme was corrected from null to its default, true. 
[08Apr2025 21:43:53.955] [main/WARN] [net.minecraftforge.common.ForgeConfigSpec/CORE]: Incorrect key general.soulVultureSpawnOnFossil was corrected from null to its default, true. 
[08Apr2025 21:43:53.956] [main/WARN] [net.minecraftforge.common.ForgeConfigSpec/CORE]: Incorrect key general.acaciaBlossomsDropFromLeaves was corrected from null to its default, true. 
[08Apr2025 21:43:53.956] [main/WARN] [net.minecraftforge.common.ForgeConfigSpec/CORE]: Incorrect key general.wanderingTraderOffers was corrected from null to its default, true. 
[08Apr2025 21:43:53.956] [main/WARN] [net.minecraftforge.common.ForgeConfigSpec/CORE]: Incorrect key general.mungusBiomeTransformationType was corrected from null to its default, 2. 
[08Apr2025 21:43:53.956] [main/WARN] [net.minecraftforge.common.ForgeConfigSpec/CORE]: Incorrect key general.mungusBiomeMatches was corrected from null to its default, [minecraft:red_mushroom|minecraft:mushroom_fields|minecraft:mycelium, minecraft:brown_mushroom|minecraft:mushroom_fields|minecraft:mycelium, minecraft:crimson_fungus|minecraft:crimson_forest|minecraft:crimson_nylium, minecraft:warped_fungus|minecraft:warped_forest|minecraft:warped_nylium]. 
[08Apr2025 21:43:53.956] [main/WARN] [net.minecraftforge.common.ForgeConfigSpec/CORE]: Incorrect key general.limitGusterSpawnsToWeather was corrected from null to its default, true. 
[08Apr2025 21:43:53.956] [main/WARN] [net.minecraftforge.common.ForgeConfigSpec/CORE]: Incorrect key general.warpedMoscoTransformation was corrected from null to its default, true. 
[08Apr2025 21:43:53.956] [main/WARN] [net.minecraftforge.common.ForgeConfigSpec/CORE]: Incorrect key general.warpedMoscoMobTriggers was corrected from null to its default, []. 
[08Apr2025 21:43:53.956] [main/WARN] [net.minecraftforge.common.ForgeConfigSpec/CORE]: Incorrect key general.straddleboardEnchants was corrected from null to its default, true. 
[08Apr2025 21:43:53.956] [main/WARN] [net.minecraftforge.common.ForgeConfigSpec/CORE]: Incorrect key general.emuTargetSkeletons was corrected from null to its default, true. 
[08Apr2025 21:43:53.957] [main/WARN] [net.minecraftforge.common.ForgeConfigSpec/CORE]: Incorrect key general.emuPantsDodgeChance was corrected from null to its default, 0.45. 
[08Apr2025 21:43:53.957] [main/WARN] [net.minecraftforge.common.ForgeConfigSpec/CORE]: Incorrect key general.cachalotDestruction was corrected from null to its default, true. 
[08Apr2025 21:43:53.957] [main/WARN] [net.minecraftforge.common.ForgeConfigSpec/CORE]: Incorrect key general.cachalotVolume was corrected from null to its default, 3.0. 
[08Apr2025 21:43:53.957] [main/WARN] [net.minecraftforge.common.ForgeConfigSpec/CORE]: Incorrect key general.leafcutterAntFungusGrowChance was corrected from null to its default, 0.3. 
[08Apr2025 21:43:53.957] [main/WARN] [net.minecraftforge.common.ForgeConfigSpec/CORE]: Incorrect key general.leafcutterAntRepopulateFeedings was corrected from null to its default, 25. 
[08Apr2025 21:43:53.957] [main/WARN] [net.minecraftforge.common.ForgeConfigSpec/CORE]: Incorrect key general.leafcutterAntColonySize was corrected from null to its default, 10. 
[08Apr2025 21:43:53.957] [main/WARN] [net.minecraftforge.common.ForgeConfigSpec/CORE]: Incorrect key general.leafcutterAntBreakLeavesChance was corrected from null to its default, 0.2. 
[08Apr2025 21:43:53.957] [main/WARN] [net.minecraftforge.common.ForgeConfigSpec/CORE]: Incorrect key general.falconryTeleportsBack was corrected from null to its default, false. 
[08Apr2025 21:43:53.957] [main/WARN] [net.minecraftforge.common.ForgeConfigSpec/CORE]: Incorrect key general.fireproofTarantulaHawk was corrected from null to its default, false. 
[08Apr2025 21:43:53.958] [main/WARN] [net.minecraftforge.common.ForgeConfigSpec/CORE]: Incorrect key general.voidWormSpawnDimensions was corrected from null to its default, [minecraft:the_end]. 
[08Apr2025 21:43:53.958] [main/WARN] [net.minecraftforge.common.ForgeConfigSpec/CORE]: Incorrect key general.voidWormDamageModifier was corrected from null to its default, 1.0. 
[08Apr2025 21:43:53.958] [main/WARN] [net.minecraftforge.common.ForgeConfigSpec/CORE]: Incorrect key general.voidWormMaxHealth was corrected from null to its default, 160.0. 
[08Apr2025 21:43:53.958] [main/WARN] [net.minecraftforge.common.ForgeConfigSpec/CORE]: Incorrect key general.voidWormSummonable was corrected from null to its default, true. 
[08Apr2025 21:43:53.958] [main/WARN] [net.minecraftforge.common.ForgeConfigSpec/CORE]: Incorrect key general.seagullStealing was corrected from null to its default, true. 
[08Apr2025 21:43:53.958] [main/WARN] [net.minecraftforge.common.ForgeConfigSpec/CORE]: Incorrect key general.seagullStealingBlacklist was corrected from null to its default, []. 
[08Apr2025 21:43:53.958] [main/WARN] [net.minecraftforge.common.ForgeConfigSpec/CORE]: Incorrect key general.clingingFlipEffect was corrected from null to its default, false. 
[08Apr2025 21:43:53.958] [main/WARN] [net.minecraftforge.common.ForgeConfigSpec/CORE]: Incorrect key general.tusklinShoesBarteringChance was corrected from null to its default, 0.02500000037252903. 
[08Apr2025 21:43:53.958] [main/WARN] [net.minecraftforge.common.ForgeConfigSpec/CORE]: Incorrect key general.rainbowGlassFidelity was corrected from null to its default, 16.0. 
[08Apr2025 21:43:53.958] [main/WARN] [net.minecraftforge.common.ForgeConfigSpec/CORE]: Incorrect key general.bunfungusTransformation was corrected from null to its default, true. 
[08Apr2025 21:43:53.959] [main/WARN] [net.minecraftforge.common.ForgeConfigSpec/CORE]: Incorrect key general.addLootToChests was corrected from null to its default, true. 
[08Apr2025 21:43:53.959] [main/WARN] [net.minecraftforge.common.ForgeConfigSpec/CORE]: Incorrect key general.transmutationBlacklist was corrected from null to its default, [minecraft:beacon]. 
[08Apr2025 21:43:53.959] [main/WARN] [net.minecraftforge.common.ForgeConfigSpec/CORE]: Incorrect key general.limitTransmutingToLootTables was corrected from null to its default, false. 
[08Apr2025 21:43:53.959] [main/WARN] [net.minecraftforge.common.ForgeConfigSpec/CORE]: Incorrect key general.transmutingTableExplodes was corrected from null to its default, true. 
[08Apr2025 21:43:53.959] [main/WARN] [net.minecraftforge.common.ForgeConfigSpec/CORE]: Incorrect key general.transmutingExperienceCost was corrected from null to its default, 3. 
[08Apr2025 21:43:53.959] [main/WARN] [net.minecraftforge.common.ForgeConfigSpec/CORE]: Incorrect key general.transmutingWeightAddStep was corrected from null to its default, 3.0. 
[08Apr2025 21:43:53.959] [main/WARN] [net.minecraftforge.common.ForgeConfigSpec/CORE]: Incorrect key general.transmutingWeightRemoveStep was corrected from null to its default, 4.0. 
[08Apr2025 21:43:53.959] [main/WARN] [net.minecraftforge.common.ForgeConfigSpec/CORE]: Incorrect key general.skreechersSummonWarden was corrected from null to its default, true. 
[08Apr2025 21:43:53.959] [main/WARN] [net.minecraftforge.common.ForgeConfigSpec/CORE]: Incorrect key general.underminerDisappearDistance was corrected from null to its default, 8.0. 
[08Apr2025 21:43:53.960] [main/WARN] [net.minecraftforge.common.ForgeConfigSpec/CORE]: Incorrect key general.spawning was corrected from null to its default, SimpleCommentedConfig:{}. 
[08Apr2025 21:43:53.960] [main/WARN] [net.minecraftforge.common.ForgeConfigSpec/CORE]: Incorrect key general.spawning.grizzlyBearSpawnWeight was corrected from null to its default, 8. 
[08Apr2025 21:43:53.960] [main/WARN] [net.minecraftforge.common.ForgeConfigSpec/CORE]: Incorrect key general.spawning.grizzlyBearSpawnRolls was corrected from null to its default, 0. 
[08Apr2025 21:43:53.960] [main/WARN] [net.minecraftforge.common.ForgeConfigSpec/CORE]: Incorrect key general.spawning.roadrunnerSpawnWeight was corrected from null to its default, 9. 
[08Apr2025 21:43:53.960] [main/WARN] [net.minecraftforge.common.ForgeConfigSpec/CORE]: Incorrect key general.spawning.roadrunnerSpawnRolls was corrected from null to its default, 1. 
[08Apr2025 21:43:53.960] [main/WARN] [net.minecraftforge.common.ForgeConfigSpec/CORE]: Incorrect key general.spawning.boneSerpentSpawnWeight was corrected from null to its default, 8. 
[08Apr2025 21:43:53.960] [main/WARN] [net.minecraftforge.common.ForgeConfigSpec/CORE]: Incorrect key general.spawning.boneSeprentSpawnRolls was corrected from null to its default, 40. 
[08Apr2025 21:43:53.960] [main/WARN] [net.minecraftforge.common.ForgeConfigSpec/CORE]: Incorrect key general.spawning.gazelleSpawnWeight was corrected from null to its default, 40. 
[08Apr2025 21:43:53.960] [main/WARN] [net.minecraftforge.common.ForgeConfigSpec/CORE]: Incorrect key general.spawning.gazelleSpawnRolls was corrected from null to its default, 0. 
[08Apr2025 21:43:53.961] [main/WARN] [net.minecraftforge.common.ForgeConfigSpec/CORE]: Incorrect key general.spawning.crocodileSpawnWeight was corrected from null to its default, 20. 
[08Apr2025 21:43:53.961] [main/WARN] [net.minecraftforge.common.ForgeConfigSpec/CORE]: Incorrect key general.spawning.crocSpawnRolls was corrected from null to its default, 1. 
[08Apr2025 21:43:53.961] [main/WARN] [net.minecraftforge.common.ForgeConfigSpec/CORE]: Incorrect key general.spawning.flySpawnWeight was corrected from null to its default, 3. 
[08Apr2025 21:43:53.961] [main/WARN] [net.minecraftforge.common.ForgeConfigSpec/CORE]: Incorrect key general.spawning.flySpawnRolls was corrected from null to its default, 1. 
[08Apr2025 21:43:53.961] [main/WARN] [net.minecraftforge.common.ForgeConfigSpec/CORE]: Incorrect key general.spawning.hummingbirdSpawnWeight was corrected from null to its default, 19. 
[08Apr2025 21:43:53.961] [main/WARN] [net.minecraftforge.common.ForgeConfigSpec/CORE]: Incorrect key general.spawning.hummingbirdSpawnRolls was corrected from null to its default, 1. 
[08Apr2025 21:43:53.961] [main/WARN] [net.minecraftforge.common.ForgeConfigSpec/CORE]: Incorrect key general.spawning.orcaSpawnWeight was corrected from null to its default, 2. 
[08Apr2025 21:43:53.962] [main/WARN] [net.minecraftforge.common.ForgeConfigSpec/CORE]: Incorrect key general.spawning.orcaSpawnRolls was corrected from null to its default, 6. 
[08Apr2025 21:43:53.962] [main/WARN] [net.minecraftforge.common.ForgeConfigSpec/CORE]: Incorrect key general.spawning.sunbirdSpawnWeight was corrected from null to its default, 5. 
[08Apr2025 21:43:53.962] [main/WARN] [net.minecraftforge.common.ForgeConfigSpec/CORE]: Incorrect key general.spawning.sunbirdSpawnRolls was corrected from null to its default, 6. 
[08Apr2025 21:43:53.962] [main/WARN] [net.minecraftforge.common.ForgeConfigSpec/CORE]: Incorrect key general.spawning.gorillaSpawnWeight was corrected from null to its default, 25. 
[08Apr2025 21:43:53.962] [main/WARN] [net.minecraftforge.common.ForgeConfigSpec/CORE]: Incorrect key general.spawning.gorillaSpawnRolls was corrected from null to its default, 0. 
[08Apr2025 21:43:53.962] [main/WARN] [net.minecraftforge.common.ForgeConfigSpec/CORE]: Incorrect key general.spawning.crimsonMosquitoSpawnWeight was corrected from null to its default, 15. 
[08Apr2025 21:43:53.962] [main/WARN] [net.minecraftforge.common.ForgeConfigSpec/CORE]: Incorrect key general.spawning.crimsonMosquitoSpawnRolls was corrected from null to its default, 0. 
[08Apr2025 21:43:53.962] [main/WARN] [net.minecraftforge.common.ForgeConfigSpec/CORE]: Incorrect key general.spawning.rattlesnakeSpawnWeight was corrected from null to its default, 12. 
[08Apr2025 21:43:53.962] [main/WARN] [net.minecraftforge.common.ForgeConfigSpec/CORE]: Incorrect key general.spawning.rattlesnakeSpawnRolls was corrected from null to its default, 0. 
[08Apr2025 21:43:53.963] [main/WARN] [net.minecraftforge.common.ForgeConfigSpec/CORE]: Incorrect key general.spawning.endergradeSpawnWeight was corrected from null to its default, 10. 
[08Apr2025 21:43:53.963] [main/WARN] [net.minecraftforge.common.ForgeConfigSpec/CORE]: Incorrect key general.spawning.endergradeSpawnRolls was corrected from null to its default, 0. 
[08Apr2025 21:43:53.963] [main/WARN] [net.minecraftforge.common.ForgeConfigSpec/CORE]: Incorrect key general.spawning.hammerheadSharkSpawnWeight was corrected from null to its default, 8. 
[08Apr2025 21:43:53.963] [main/WARN] [net.minecraftforge.common.ForgeConfigSpec/CORE]: Incorrect key general.spawning.hammerheadSharkSpawnRolls was corrected from null to its default, 1. 
[08Apr2025 21:43:53.963] [main/WARN] [net.minecraftforge.common.ForgeConfigSpec/CORE]: Incorrect key general.spawning.lobsterSpawnWeight was corrected from null to its default, 7. 
[08Apr2025 21:43:53.963] [main/WARN] [net.minecraftforge.common.ForgeConfigSpec/CORE]: Incorrect key general.spawning.lobsterSpawnRolls was corrected from null to its default, 0. 
[08Apr2025 21:43:53.963] [main/WARN] [net.minecraftforge.common.ForgeConfigSpec/CORE]: Incorrect key general.spawning.komodoDragonSpawnWeight was corrected from null to its default, 16. 
[08Apr2025 21:43:53.963] [main/WARN] [net.minecraftforge.common.ForgeConfigSpec/CORE]: Incorrect key general.spawning.komodoDragonSpawnRolls was corrected from null to its default, 1. 
[08Apr2025 21:43:53.963] [main/WARN] [net.minecraftforge.common.ForgeConfigSpec/CORE]: Incorrect key general.spawning.capuchinMonkeySpawnWeight was corrected from null to its default, 28. 
[08Apr2025 21:43:53.963] [main/WARN] [net.minecraftforge.common.ForgeConfigSpec/CORE]: Incorrect key general.spawning.capuchinMonkeySpawnRolls was corrected from null to its default, 0. 
[08Apr2025 21:43:53.963] [main/WARN] [net.minecraftforge.common.ForgeConfigSpec/CORE]: Incorrect key general.spawning.caveCentipedeSpawnWeight was corrected from null to its default, 8. 
[08Apr2025 21:43:53.963] [main/WARN] [net.minecraftforge.common.ForgeConfigSpec/CORE]: Incorrect key general.spawning.caveCentipedeSpawnRolls was corrected from null to its default, 1. 
[08Apr2025 21:43:53.963] [main/WARN] [net.minecraftforge.common.ForgeConfigSpec/CORE]: Incorrect key general.spawning.warpedToadSpawnWeight was corrected from null to its default, 30. 
[08Apr2025 21:43:53.964] [main/WARN] [net.minecraftforge.common.ForgeConfigSpec/CORE]: Incorrect key general.spawning.warpedToadSpawnRolls was corrected from null to its default, 0. 
[08Apr2025 21:43:53.964] [main/WARN] [net.minecraftforge.common.ForgeConfigSpec/CORE]: Incorrect key general.spawning.mooseSpawnWeight was corrected from null to its default, 9. 
[08Apr2025 21:43:53.964] [main/WARN] [net.minecraftforge.common.ForgeConfigSpec/CORE]: Incorrect key general.spawning.mooseSpawnRolls was corrected from null to its default, 0. 
[08Apr2025 21:43:53.964] [main/WARN] [net.minecraftforge.common.ForgeConfigSpec/CORE]: Incorrect key general.spawning.mimicubeSpawnWeight was corrected from null to its default, 40. 
[08Apr2025 21:43:53.964] [main/WARN] [net.minecraftforge.common.ForgeConfigSpec/CORE]: Incorrect key general.spawning.mimicubeSpawnRolls was corrected from null to its default, 0. 
[08Apr2025 21:43:53.964] [main/WARN] [net.minecraftforge.common.ForgeConfigSpec/CORE]: Incorrect key general.spawning.raccoonSpawnWeight was corrected from null to its default, 10. 
[08Apr2025 21:43:53.964] [main/WARN] [net.minecraftforge.common.ForgeConfigSpec/CORE]: Incorrect key general.spawning.raccoonSpawnRolls was corrected from null to its default, 0. 
[08Apr2025 21:43:53.964] [main/WARN] [net.minecraftforge.common.ForgeConfigSpec/CORE]: Incorrect key general.spawning.blobfishSpawnWeight was corrected from null to its default, 30. 
[08Apr2025 21:43:53.964] [main/WARN] [net.minecraftforge.common.ForgeConfigSpec/CORE]: Incorrect key general.spawning.blobfishSpawnRolls was corrected from null to its default, 0. 
[08Apr2025 21:43:53.964] [main/WARN] [net.minecraftforge.common.ForgeConfigSpec/CORE]: Incorrect key general.spawning.sealSpawnWeight was corrected from null to its default, 20. 
[08Apr2025 21:43:53.964] [main/WARN] [net.minecraftforge.common.ForgeConfigSpec/CORE]: Incorrect key general.spawning.sealSpawnRolls was corrected from null to its default, 0. 
[08Apr2025 21:43:53.964] [main/WARN] [net.minecraftforge.common.ForgeConfigSpec/CORE]: Incorrect key general.spawning.cockroachSpawnWeight was corrected from null to its default, 4. 
[08Apr2025 21:43:53.964] [main/WARN] [net.minecraftforge.common.ForgeConfigSpec/CORE]: Incorrect key general.spawning.cockroachSpawnRolls was corrected from null to its default, 0. 
[08Apr2025 21:43:53.964] [main/WARN] [net.minecraftforge.common.ForgeConfigSpec/CORE]: Incorrect key general.spawning.shoebillSpawnWeight was corrected from null to its default, 10. 
[08Apr2025 21:43:53.965] [main/WARN] [net.minecraftforge.common.ForgeConfigSpec/CORE]: Incorrect key general.spawning.shoebillSpawnRolls was corrected from null to its default, 0. 
[08Apr2025 21:43:53.965] [main/WARN] [net.minecraftforge.common.ForgeConfigSpec/CORE]: Incorrect key general.spawning.elephantSpawnWeight was corrected from null to its default, 30. 
[08Apr2025 21:43:53.965] [main/WARN] [net.minecraftforge.common.ForgeConfigSpec/CORE]: Incorrect key general.spawning.elephantSpawnRolls was corrected from null to its default, 0. 
[08Apr2025 21:43:53.965] [main/WARN] [net.minecraftforge.common.ForgeConfigSpec/CORE]: Incorrect key general.spawning.soulVultureSpawnWeight was corrected from null to its default, 30. 
[08Apr2025 21:43:53.965] [main/WARN] [net.minecraftforge.common.ForgeConfigSpec/CORE]: Incorrect key general.spawning.soulVultureSpawnRolls was corrected from null to its default, 0. 
[08Apr2025 21:43:53.965] [main/WARN] [net.minecraftforge.common.ForgeConfigSpec/CORE]: Incorrect key general.spawning.snowLeopardSpawnWeight was corrected from null to its default, 18. 
[08Apr2025 21:43:53.965] [main/WARN] [net.minecraftforge.common.ForgeConfigSpec/CORE]: Incorrect key general.spawning.snowLeopardSpawnRolls was corrected from null to its default, 0. 
[08Apr2025 21:43:53.965] [main/WARN] [net.minecraftforge.common.ForgeConfigSpec/CORE]: Incorrect key general.spawning.spectreSpawnWeight was corrected from null to its default, 10. 
[08Apr2025 21:43:53.965] [main/WARN] [net.minecraftforge.common.ForgeConfigSpec/CORE]: Incorrect key general.spawning.spectreSpawnRolls was corrected from null to its default, 5. 
[08Apr2025 21:43:53.965] [main/WARN] [net.minecraftforge.common.ForgeConfigSpec/CORE]: Incorrect key general.spawning.crowSpawnWeight was corrected from null to its default, 10. 
[08Apr2025 21:43:53.965] [main/WARN] [net.minecraftforge.common.ForgeConfigSpec/CORE]: Incorrect key general.spawning.crowSpawnRolls was corrected from null to its default, 0. 
[08Apr2025 21:43:53.966] [main/WARN] [net.minecraftforge.common.ForgeConfigSpec/CORE]: Incorrect key general.spawning.alligatorSnappingTurtleSpawnWeight was corrected from null to its default, 20. 
[08Apr2025 21:43:53.966] [main/WARN] [net.minecraftforge.common.ForgeConfigSpec/CORE]: Incorrect key general.spawning.alligatorSnappingTurtleSpawnRolls was corrected from null to its default, 1. 
[08Apr2025 21:43:53.966] [main/WARN] [net.minecraftforge.common.ForgeConfigSpec/CORE]: Incorrect key general.spawning.mungusSpawnWeight was corrected from null to its default, 4. 
[08Apr2025 21:43:53.966] [main/WARN] [net.minecraftforge.common.ForgeConfigSpec/CORE]: Incorrect key general.spawning.mungusSpawnRolls was corrected from null to its default, 1. 
[08Apr2025 21:43:53.966] [main/WARN] [net.minecraftforge.common.ForgeConfigSpec/CORE]: Incorrect key general.spawning.mantisShrimpSpawnWeight was corrected from null to its default, 15. 
[08Apr2025 21:43:53.966] [main/WARN] [net.minecraftforge.common.ForgeConfigSpec/CORE]: Incorrect key general.spawning.mantisShrimpSpawnRolls was corrected from null to its default, 0. 
[08Apr2025 21:43:53.966] [main/WARN] [net.minecraftforge.common.ForgeConfigSpec/CORE]: Incorrect key general.spawning.gusterSpawnWeight was corrected from null to its default, 35. 
[08Apr2025 21:43:53.966] [main/WARN] [net.minecraftforge.common.ForgeConfigSpec/CORE]: Incorrect key general.spawning.gusterSpawnRolls was corrected from null to its default, 0. 
[08Apr2025 21:43:53.966] [main/WARN] [net.minecraftforge.common.ForgeConfigSpec/CORE]: Incorrect key general.spawning.warpedMoscoSpawnWeight was corrected from null to its default, 1. 
[08Apr2025 21:43:53.967] [main/WARN] [net.minecraftforge.common.ForgeConfigSpec/CORE]: Incorrect key general.spawning.warpedMoscoSpawnRolls was corrected from null to its default, 1000. 
[08Apr2025 21:43:53.967] [main/WARN] [net.minecraftforge.common.ForgeConfigSpec/CORE]: Incorrect key general.spawning.straddlerSpawnWeight was corrected from null to its default, 70. 
[08Apr2025 21:43:53.967] [main/WARN] [net.minecraftforge.common.ForgeConfigSpec/CORE]: Incorrect key general.spawning.straddlerSpawnRolls was corrected from null to its default, 0. 
[08Apr2025 21:43:53.967] [main/WARN] [net.minecraftforge.common.ForgeConfigSpec/CORE]: Incorrect key general.spawning.stradpoleSpawnWeight was corrected from null to its default, 10. 
[08Apr2025 21:43:53.967] [main/WARN] [net.minecraftforge.common.ForgeConfigSpec/CORE]: Incorrect key general.spawning.stradpoleSpawnRolls was corrected from null to its default, 3. 
[08Apr2025 21:43:53.967] [main/WARN] [net.minecraftforge.common.ForgeConfigSpec/CORE]: Incorrect key general.spawning.emuSpawnWeight was corrected from null to its default, 20. 
[08Apr2025 21:43:53.967] [main/WARN] [net.minecraftforge.common.ForgeConfigSpec/CORE]: Incorrect key general.spawning.emuSpawnRolls was corrected from null to its default, 0. 
[08Apr2025 21:43:53.967] [main/WARN] [net.minecraftforge.common.ForgeConfigSpec/CORE]: Incorrect key general.spawning.platypusSpawnWeight was corrected from null to its default, 20. 
[08Apr2025 21:43:53.968] [main/WARN] [net.minecraftforge.common.ForgeConfigSpec/CORE]: Incorrect key general.spawning.platypusSpawnRolls was corrected from null to its default, 0. 
[08Apr2025 21:43:53.968] [main/WARN] [net.minecraftforge.common.ForgeConfigSpec/CORE]: Incorrect key general.spawning.dropbearSpawnWeight was corrected from null to its default, 19. 
[08Apr2025 21:43:53.968] [main/WARN] [net.minecraftforge.common.ForgeConfigSpec/CORE]: Incorrect key general.spawning.dropbearSpawnRolls was corrected from null to its default, 1. 
[08Apr2025 21:43:53.968] [main/WARN] [net.minecraftforge.common.ForgeConfigSpec/CORE]: Incorrect key general.spawning.tasmanianDevilSpawnWeight was corrected from null to its default, 10. 
[08Apr2025 21:43:53.968] [main/WARN] [net.minecraftforge.common.ForgeConfigSpec/CORE]: Incorrect key general.spawning.tasmanianDevilSpawnRolls was corrected from null to its default, 0. 
[08Apr2025 21:43:53.968] [main/WARN] [net.minecraftforge.common.ForgeConfigSpec/CORE]: Incorrect key general.spawning.kangarooSpawnWeight was corrected from null to its default, 25. 
[08Apr2025 21:43:53.968] [main/WARN] [net.minecraftforge.common.ForgeConfigSpec/CORE]: Incorrect key general.spawning.kangarooSpawnRolls was corrected from null to its default, 0. 
[08Apr2025 21:43:53.968] [main/WARN] [net.minecraftforge.common.ForgeConfigSpec/CORE]: Incorrect key general.spawning.cachalotWhaleSpawnWeight was corrected from null to its default, 2. 
[08Apr2025 21:43:53.968] [main/WARN] [net.minecraftforge.common.ForgeConfigSpec/CORE]: Incorrect key general.spawning.cachalotWhaleSpawnRolls was corrected from null to its default, 0. 
[08Apr2025 21:43:53.969] [main/WARN] [net.minecraftforge.common.ForgeConfigSpec/CORE]: Incorrect key general.spawning.enderiophageSpawnWeight was corrected from null to its default, 4. 
[08Apr2025 21:43:53.969] [main/WARN] [net.minecraftforge.common.ForgeConfigSpec/CORE]: Incorrect key general.spawning.enderiophageSpawnRolls was corrected from null to its default, 2. 
[08Apr2025 21:43:53.969] [main/WARN] [net.minecraftforge.common.ForgeConfigSpec/CORE]: Incorrect key general.spawning.baldEagleSpawnWeight was corrected from null to its default, 15. 
[08Apr2025 21:43:53.969] [main/WARN] [net.minecraftforge.common.ForgeConfigSpec/CORE]: Incorrect key general.spawning.baldEagleSpawnRolls was corrected from null to its default, 0. 
[08Apr2025 21:43:53.969] [main/WARN] [net.minecraftforge.common.ForgeConfigSpec/CORE]: Incorrect key general.spawning.tigerSpawnWeight was corrected from null to its default, 30. 
[08Apr2025 21:43:53.969] [main/WARN] [net.minecraftforge.common.ForgeConfigSpec/CORE]: Incorrect key general.spawning.tigerSpawnRolls was corrected from null to its default, 0. 
[08Apr2025 21:43:53.969] [main/WARN] [net.minecraftforge.common.ForgeConfigSpec/CORE]: Incorrect key general.spawning.tarantulaHawkSpawnWeight was corrected from null to its default, 6. 
[08Apr2025 21:43:53.969] [main/WARN] [net.minecraftforge.common.ForgeConfigSpec/CORE]: Incorrect key general.spawning.tarantulaHawkSpawnRolls was corrected from null to its default, 1. 
[08Apr2025 21:43:53.969] [main/WARN] [net.minecraftforge.common.ForgeConfigSpec/CORE]: Incorrect key general.spawning.voidWormSpawnWeight was corrected from null to its default, 0. 
[08Apr2025 21:43:53.970] [main/WARN] [net.minecraftforge.common.ForgeConfigSpec/CORE]: Incorrect key general.spawning.voidWormSpawnRolls was corrected from null to its default, 0. 
[08Apr2025 21:43:53.970] [main/WARN] [net.minecraftforge.common.ForgeConfigSpec/CORE]: Incorrect key general.spawning.frilledSharkSpawnWeight was corrected from null to its default, 11. 
[08Apr2025 21:43:53.970] [main/WARN] [net.minecraftforge.common.ForgeConfigSpec/CORE]: Incorrect key general.spawning.frilledSharkSpawnRolls was corrected from null to its default, 0. 
[08Apr2025 21:43:53.970] [main/WARN] [net.minecraftforge.common.ForgeConfigSpec/CORE]: Incorrect key general.spawning.mimicOctopusSpawnWeight was corrected from null to its default, 9. 
[08Apr2025 21:43:53.970] [main/WARN] [net.minecraftforge.common.ForgeConfigSpec/CORE]: Incorrect key general.spawning.mimicOctopusSpawnRolls was corrected from null to its default, 0. 
[08Apr2025 21:43:53.970] [main/WARN] [net.minecraftforge.common.ForgeConfigSpec/CORE]: Incorrect key general.spawning.seagullSpawnWeight was corrected from null to its default, 21. 
[08Apr2025 21:43:53.970] [main/WARN] [net.minecraftforge.common.ForgeConfigSpec/CORE]: Incorrect key general.spawning.seagullSpawnRolls was corrected from null to its default, 0. 
[08Apr2025 21:43:53.970] [main/WARN] [net.minecraftforge.common.ForgeConfigSpec/CORE]: Incorrect key general.spawning.froststalkerSpawnWeight was corrected from null to its default, 20. 
[08Apr2025 21:43:53.970] [main/WARN] [net.minecraftforge.common.ForgeConfigSpec/CORE]: Incorrect key general.spawning.froststalkerSpawnRolls was corrected from null to its default, 0. 
[08Apr2025 21:43:53.971] [main/WARN] [net.minecraftforge.common.ForgeConfigSpec/CORE]: Incorrect key general.spawning.tusklinSpawnWeight was corrected from null to its default, 18. 
[08Apr2025 21:43:53.971] [main/WARN] [net.minecraftforge.common.ForgeConfigSpec/CORE]: Incorrect key general.spawning.tusklinSpawnRolls was corrected from null to its default, 0. 
[08Apr2025 21:43:53.971] [main/WARN] [net.minecraftforge.common.ForgeConfigSpec/CORE]: Incorrect key general.spawning.laviathanSpawnWeight was corrected from null to its default, 15. 
[08Apr2025 21:43:53.971] [main/WARN] [net.minecraftforge.common.ForgeConfigSpec/CORE]: Incorrect key general.spawning.laviathanSpawnRolls was corrected from null to its default, 1. 
[08Apr2025 21:43:53.971] [main/WARN] [net.minecraftforge.common.ForgeConfigSpec/CORE]: Incorrect key general.spawning.cosmawSpawnWeight was corrected from null to its default, 9. 
[08Apr2025 21:43:53.971] [main/WARN] [net.minecraftforge.common.ForgeConfigSpec/CORE]: Incorrect key general.spawning.cosmawSpawnRolls was corrected from null to its default, 0. 
[08Apr2025 21:43:53.971] [main/WARN] [net.minecraftforge.common.ForgeConfigSpec/CORE]: Incorrect key general.spawning.toucanSpawnWeight was corrected from null to its default, 23. 
[08Apr2025 21:43:53.971] [main/WARN] [net.minecraftforge.common.ForgeConfigSpec/CORE]: Incorrect key general.spawning.toucanSpawnRolls was corrected from null to its default, 0. 
[08Apr2025 21:43:53.972] [main/WARN] [net.minecraftforge.common.ForgeConfigSpec/CORE]: Incorrect key general.spawning.manedWolfSpawnWeight was corrected from null to its default, 8. 
[08Apr2025 21:43:53.972] [main/WARN] [net.minecraftforge.common.ForgeConfigSpec/CORE]: Incorrect key general.spawning.manedWolfSpawnRolls was corrected from null to its default, 0. 
[08Apr2025 21:43:53.972] [main/WARN] [net.minecraftforge.common.ForgeConfigSpec/CORE]: Incorrect key general.spawning.anacondaSpawnWeight was corrected from null to its default, 12. 
[08Apr2025 21:43:53.972] [main/WARN] [net.minecraftforge.common.ForgeConfigSpec/CORE]: Incorrect key general.spawning.anacondaSpawnRolls was corrected from null to its default, 0. 
[08Apr2025 21:43:53.972] [main/WARN] [net.minecraftforge.common.ForgeConfigSpec/CORE]: Incorrect key general.spawning.anteaterSpawnWeight was corrected from null to its default, 7. 
[08Apr2025 21:43:53.972] [main/WARN] [net.minecraftforge.common.ForgeConfigSpec/CORE]: Incorrect key general.spawning.anteaterSpawnRolls was corrected from null to its default, 0. 
[08Apr2025 21:43:53.972] [main/WARN] [net.minecraftforge.common.ForgeConfigSpec/CORE]: Incorrect key general.spawning.rockyRollerSpawnWeight was corrected from null to its default, 60. 
[08Apr2025 21:43:53.972] [main/WARN] [net.minecraftforge.common.ForgeConfigSpec/CORE]: Incorrect key general.spawning.rockyRollerSpawnRolls was corrected from null to its default, 0. 
[08Apr2025 21:43:53.972] [main/WARN] [net.minecraftforge.common.ForgeConfigSpec/CORE]: Incorrect key general.spawning.flutterSpawnWeight was corrected from null to its default, 13. 
[08Apr2025 21:43:53.973] [main/WARN] [net.minecraftforge.common.ForgeConfigSpec/CORE]: Incorrect key general.spawning.flutterSpawnRolls was corrected from null to its default, 0. 
[08Apr2025 21:43:53.973] [main/WARN] [net.minecraftforge.common.ForgeConfigSpec/CORE]: Incorrect key general.spawning.geladaMonkeySpawnWeight was corrected from null to its default, 5. 
[08Apr2025 21:43:53.973] [main/WARN] [net.minecraftforge.common.ForgeConfigSpec/CORE]: Incorrect key general.spawning.geladaMonkeySpawnRolls was corrected from null to its default, 0. 
[08Apr2025 21:43:53.973] [main/WARN] [net.minecraftforge.common.ForgeConfigSpec/CORE]: Incorrect key general.spawning.jerboaSpawnWeight was corrected from null to its default, 12. 
[08Apr2025 21:43:53.973] [main/WARN] [net.minecraftforge.common.ForgeConfigSpec/CORE]: Incorrect key general.spawning.jerboaSpawnRolls was corrected from null to its default, 2. 
[08Apr2025 21:43:53.973] [main/WARN] [net.minecraftforge.common.ForgeConfigSpec/CORE]: Incorrect key general.spawning.terrapinSpawnWeight was corrected from null to its default, 4. 
[08Apr2025 21:43:53.973] [main/WARN] [net.minecraftforge.common.ForgeConfigSpec/CORE]: Incorrect key general.spawning.terrapinSpawnRolls was corrected from null to its default, 0. 
[08Apr2025 21:43:53.973] [main/WARN] [net.minecraftforge.common.ForgeConfigSpec/CORE]: Incorrect key general.spawning.combJellySpawnWeight was corrected from null to its default, 5. 
[08Apr2025 21:43:53.973] [main/WARN] [net.minecraftforge.common.ForgeConfigSpec/CORE]: Incorrect key general.spawning.combJellySpawnRolls was corrected from null to its default, 1. 
[08Apr2025 21:43:53.974] [main/WARN] [net.minecraftforge.common.ForgeConfigSpec/CORE]: Incorrect key general.spawning.cosmicCodSpawnWeight was corrected from null to its default, 5. 
[08Apr2025 21:43:53.974] [main/WARN] [net.minecraftforge.common.ForgeConfigSpec/CORE]: Incorrect key general.spawning.cosmicCodSpawnRolls was corrected from null to its default, 0. 
[08Apr2025 21:43:53.974] [main/WARN] [net.minecraftforge.common.ForgeConfigSpec/CORE]: Incorrect key general.spawning.bunfungusSpawnWeight was corrected from null to its default, 3. 
[08Apr2025 21:43:53.974] [main/WARN] [net.minecraftforge.common.ForgeConfigSpec/CORE]: Incorrect key general.spawning.bunfungusSpawnRolls was corrected from null to its default, 0. 
[08Apr2025 21:43:53.974] [main/WARN] [net.minecraftforge.common.ForgeConfigSpec/CORE]: Incorrect key general.spawning.bisonSpawnWeight was corrected from null to its default, 9. 
[08Apr2025 21:43:53.974] [main/WARN] [net.minecraftforge.common.ForgeConfigSpec/CORE]: Incorrect key general.spawning.bisonSpawnRolls was corrected from null to its default, 0. 
[08Apr2025 21:43:53.974] [main/WARN] [net.minecraftforge.common.ForgeConfigSpec/CORE]: Incorrect key general.spawning.giantSquidSpawnWeight was corrected from null to its default, 3. 
[08Apr2025 21:43:53.974] [main/WARN] [net.minecraftforge.common.ForgeConfigSpec/CORE]: Incorrect key general.spawning.giantSquidSpawnRolls was corrected from null to its default, 0. 
[08Apr2025 21:43:53.975] [main/WARN] [net.minecraftforge.common.ForgeConfigSpec/CORE]: Incorrect key general.spawning.devilsHolePupfishSpawnWeight was corrected from null to its default, 23. 
[08Apr2025 21:43:53.975] [main/WARN] [net.minecraftforge.common.ForgeConfigSpec/CORE]: Incorrect key general.spawning.devilsHolePupfishSpawnRolls was corrected from null to its default, 0. 
[08Apr2025 21:43:53.975] [main/WARN] [net.minecraftforge.common.ForgeConfigSpec/CORE]: Incorrect key general.spawning.catfishSpawnWeight was corrected from null to its default, 4. 
[08Apr2025 21:43:53.975] [main/WARN] [net.minecraftforge.common.ForgeConfigSpec/CORE]: Incorrect key general.spawning.catfishSpawnRolls was corrected from null to its default, 2. 
[08Apr2025 21:43:53.975] [main/WARN] [net.minecraftforge.common.ForgeConfigSpec/CORE]: Incorrect key general.spawning.flyingFishSpawnWeight was corrected from null to its default, 8. 
[08Apr2025 21:43:53.975] [main/WARN] [net.minecraftforge.common.ForgeConfigSpec/CORE]: Incorrect key general.spawning.flyingFishSpawnRolls was corrected from null to its default, 0. 
[08Apr2025 21:43:53.975] [main/WARN] [net.minecraftforge.common.ForgeConfigSpec/CORE]: Incorrect key general.spawning.skelewagSpawnWeight was corrected from null to its default, 15. 
[08Apr2025 21:43:53.975] [main/WARN] [net.minecraftforge.common.ForgeConfigSpec/CORE]: Incorrect key general.spawning.skelewagSpawnRolls was corrected from null to its default, 0. 
[08Apr2025 21:43:53.975] [main/WARN] [net.minecraftforge.common.ForgeConfigSpec/CORE]: Incorrect key general.spawning.rainFrogSpawnWeight was corrected from null to its default, 10. 
[08Apr2025 21:43:53.976] [main/WARN] [net.minecraftforge.common.ForgeConfigSpec/CORE]: Incorrect key general.spawning.rainFrogSpawnRolls was corrected from null to its default, 0. 
[08Apr2025 21:43:53.976] [main/WARN] [net.minecraftforge.common.ForgeConfigSpec/CORE]: Incorrect key general.spawning.potooSpawnWeight was corrected from null to its default, 15. 
[08Apr2025 21:43:53.976] [main/WARN] [net.minecraftforge.common.ForgeConfigSpec/CORE]: Incorrect key general.spawning.potooSpawnRolls was corrected from null to its default, 0. 
[08Apr2025 21:43:53.976] [main/WARN] [net.minecraftforge.common.ForgeConfigSpec/CORE]: Incorrect key general.spawning.mudskipperSpawnWeight was corrected from null to its default, 28. 
[08Apr2025 21:43:53.976] [main/WARN] [net.minecraftforge.common.ForgeConfigSpec/CORE]: Incorrect key general.spawning.mudskipperSpawnRolls was corrected from null to its default, 0. 
[08Apr2025 21:43:53.976] [main/WARN] [net.minecraftforge.common.ForgeConfigSpec/CORE]: Incorrect key general.spawning.rhinocerosSpawnWeight was corrected from null to its default, 24. 
[08Apr2025 21:43:53.976] [main/WARN] [net.minecraftforge.common.ForgeConfigSpec/CORE]: Incorrect key general.spawning.rhinocerosSpawnRolls was corrected from null to its default, 0. 
[08Apr2025 21:43:53.976] [main/WARN] [net.minecraftforge.common.ForgeConfigSpec/CORE]: Incorrect key general.spawning.sugarGliderSpawnWeight was corrected from null to its default, 15. 
[08Apr2025 21:43:53.977] [main/WARN] [net.minecraftforge.common.ForgeConfigSpec/CORE]: Incorrect key general.spawning.sugarGliderSpawnRolls was corrected from null to its default, 0. 
[08Apr2025 21:43:53.977] [main/WARN] [net.minecraftforge.common.ForgeConfigSpec/CORE]: Incorrect key general.spawning.farseerSpawnWeight was corrected from null to its default, 30. 
[08Apr2025 21:43:53.977] [main/WARN] [net.minecraftforge.common.ForgeConfigSpec/CORE]: Incorrect key general.spawning.farseerSpawnRolls was corrected from null to its default, 0. 
[08Apr2025 21:43:53.977] [main/WARN] [net.minecraftforge.common.ForgeConfigSpec/CORE]: Incorrect key general.spawning.skreecherSpawnWeight was corrected from null to its default, 10. 
[08Apr2025 21:43:53.977] [main/WARN] [net.minecraftforge.common.ForgeConfigSpec/CORE]: Incorrect key general.spawning.skreecherSpawnRolls was corrected from null to its default, 1. 
[08Apr2025 21:43:53.977] [main/WARN] [net.minecraftforge.common.ForgeConfigSpec/CORE]: Incorrect key general.spawning.underminerSpawnWeight was corrected from null to its default, 50. 
[08Apr2025 21:43:53.977] [main/WARN] [net.minecraftforge.common.ForgeConfigSpec/CORE]: Incorrect key general.spawning.underminerSpawnRolls was corrected from null to its default, 1. 
[08Apr2025 21:43:53.977] [main/WARN] [net.minecraftforge.common.ForgeConfigSpec/CORE]: Incorrect key general.spawning.murmurSpawnWeight was corrected from null to its default, 5. 
[08Apr2025 21:43:53.977] [main/WARN] [net.minecraftforge.common.ForgeConfigSpec/CORE]: Incorrect key general.spawning.murmurSpawnRolls was corrected from null to its default, 1. 
[08Apr2025 21:43:53.978] [main/WARN] [net.minecraftforge.common.ForgeConfigSpec/CORE]: Incorrect key general.spawning.skunkSpawnWeight was corrected from null to its default, 7. 
[08Apr2025 21:43:53.978] [main/WARN] [net.minecraftforge.common.ForgeConfigSpec/CORE]: Incorrect key general.spawning.skunkSpawnRolls was corrected from null to its default, 0. 
[08Apr2025 21:43:53.978] [main/WARN] [net.minecraftforge.common.ForgeConfigSpec/CORE]: Incorrect key general.spawning.bananaSlugSpawnWeight was corrected from null to its default, 14. 
[08Apr2025 21:43:53.978] [main/WARN] [net.minecraftforge.common.ForgeConfigSpec/CORE]: Incorrect key general.spawning.bananaSlugSpawnRolls was corrected from null to its default, 0. 
[08Apr2025 21:43:53.978] [main/WARN] [net.minecraftforge.common.ForgeConfigSpec/CORE]: Incorrect key general.spawning.blueJaySpawnWeight was corrected from null to its default, 16. 
[08Apr2025 21:43:53.978] [main/WARN] [net.minecraftforge.common.ForgeConfigSpec/CORE]: Incorrect key general.spawning.blueJaySpawnRolls was corrected from null to its default, 0. 
[08Apr2025 21:43:53.978] [main/WARN] [net.minecraftforge.common.ForgeConfigSpec/CORE]: Incorrect key general.spawning.caimanSpawnWeight was corrected from null to its default, 29. 
[08Apr2025 21:43:53.979] [main/WARN] [net.minecraftforge.common.ForgeConfigSpec/CORE]: Incorrect key general.spawning.caimanSpawnRolls was corrected from null to its default, 0. 
[08Apr2025 21:43:53.979] [main/WARN] [net.minecraftforge.common.ForgeConfigSpec/CORE]: Incorrect key general.spawning.triopsSpawnWeight was corrected from null to its default, 8. 
[08Apr2025 21:43:53.979] [main/WARN] [net.minecraftforge.common.ForgeConfigSpec/CORE]: Incorrect key general.spawning.triopsSpawnRolls was corrected from null to its default, 0. 
[08Apr2025 21:43:53.979] [main/WARN] [net.minecraftforge.common.ForgeConfigSpec/CORE]: Incorrect key general.spawning.uniqueSpawning was corrected from null to its default, SimpleCommentedConfig:{}. 
[08Apr2025 21:43:53.979] [main/WARN] [net.minecraftforge.common.ForgeConfigSpec/CORE]: Incorrect key general.spawning.uniqueSpawning.caveCentipedeSpawnHeight was corrected from null to its default, 0. 
[08Apr2025 21:43:53.979] [main/WARN] [net.minecraftforge.common.ForgeConfigSpec/CORE]: Incorrect key general.spawning.uniqueSpawning.blobfishSpawnHeight was corrected from null to its default, 25. 
[08Apr2025 21:43:53.979] [main/WARN] [net.minecraftforge.common.ForgeConfigSpec/CORE]: Incorrect key general.spawning.uniqueSpawning.beachedCachalotWhales was corrected from null to its default, true. 
[08Apr2025 21:43:53.979] [main/WARN] [net.minecraftforge.common.ForgeConfigSpec/CORE]: Incorrect key general.spawning.uniqueSpawning.beachedCachalotWhaleSpawnChance was corrected from null to its default, 5. 
[08Apr2025 21:43:53.979] [main/WARN] [net.minecraftforge.common.ForgeConfigSpec/CORE]: Incorrect key general.spawning.uniqueSpawning.beachedCachalotWhaleSpawnDelay was corrected from null to its default, 24000. 
[08Apr2025 21:43:53.980] [main/WARN] [net.minecraftforge.common.ForgeConfigSpec/CORE]: Incorrect key general.spawning.uniqueSpawning.leafcutterAnthillSpawnChance was corrected from null to its default, 0.004999999888241291. 
[08Apr2025 21:43:53.980] [main/WARN] [net.minecraftforge.common.ForgeConfigSpec/CORE]: Incorrect key general.spawning.uniqueSpawning.geladaMonkeySpawnRolls was corrected from null to its default, 0. 
[08Apr2025 21:43:53.980] [main/WARN] [net.minecraftforge.common.ForgeConfigSpec/CORE]: Incorrect key general.spawning.uniqueSpawning.restrictPupfishSpawns was corrected from null to its default, true. 
[08Apr2025 21:43:53.980] [main/WARN] [net.minecraftforge.common.ForgeConfigSpec/CORE]: Incorrect key general.spawning.uniqueSpawning.pupfishChunkSpawnDistance was corrected from null to its default, 2000. 
[08Apr2025 21:43:53.980] [main/WARN] [net.minecraftforge.common.ForgeConfigSpec/CORE]: Incorrect key general.spawning.uniqueSpawning.restrictSkelewagSpawns was corrected from null to its default, true. 
[08Apr2025 21:43:53.980] [main/WARN] [net.minecraftforge.common.ForgeConfigSpec/CORE]: Incorrect key general.spawning.uniqueSpawning.restrictFarseerSpawns was corrected from null to its default, true. 
[08Apr2025 21:43:53.980] [main/WARN] [net.minecraftforge.common.ForgeConfigSpec/CORE]: Incorrect key general.spawning.uniqueSpawning.restrictUnderminerSpawns was corrected from null to its default, true. 
[08Apr2025 21:43:53.981] [main/WARN] [net.minecraftforge.common.ForgeConfigSpec/CORE]: Incorrect key general.spawning.uniqueSpawning.farseerBorderSpawnDistance was corrected from null to its default, 100. 
[08Apr2025 21:43:53.981] [main/WARN] [net.minecraftforge.common.ForgeConfigSpec/CORE]: Incorrect key general.spawning.uniqueSpawning.murmurSpawnHeight was corrected from null to its default, -30. 
[08Apr2025 21:43:53.981] [main/WARN] [net.minecraftforge.common.ForgeConfigSpec/CORE]: Incorrect key general.spawning.uniqueSpawning.dangerZone was corrected from null to its default, SimpleCommentedConfig:{}. 
[08Apr2025 21:43:53.981] [main/WARN] [net.minecraftforge.common.ForgeConfigSpec/CORE]: Incorrect key general.spawning.uniqueSpawning.dangerZone.superSecretSettings was corrected from null to its default, false. 
[08Apr2025 21:43:54.047] [main/WARN] [net.minecraftforge.common.ForgeConfigSpec/CORE]: Configuration file /workspaces/PlanetQu/servidor_minecraft/config/takesapillage-common.toml is not correct. Correcting
[08Apr2025 21:43:54.048] [main/WARN] [net.minecraftforge.common.ForgeConfigSpec/CORE]: Incorrect key It Takes A Pillage - Config was corrected from null to its default, SimpleCommentedConfig:{}. 
[08Apr2025 21:43:54.048] [main/WARN] [net.minecraftforge.common.ForgeConfigSpec/CORE]: Incorrect key It Takes A Pillage - Config.Replace Iron Golems was corrected from null to its default, true. 
[08Apr2025 21:43:54.048] [main/WARN] [net.minecraftforge.common.ForgeConfigSpec/CORE]: Incorrect key It Takes A Pillage - Config.Peaceful Replacement Rate was corrected from null to its default, 0.0. 
[08Apr2025 21:43:54.049] [main/WARN] [net.minecraftforge.common.ForgeConfigSpec/CORE]: Incorrect key It Takes A Pillage - Config.Easy Replacement Rate was corrected from null to its default, 0.2. 
[08Apr2025 21:43:54.049] [main/WARN] [net.minecraftforge.common.ForgeConfigSpec/CORE]: Incorrect key It Takes A Pillage - Config.Normal Replacement Rate was corrected from null to its default, 0.5. 
[08Apr2025 21:43:54.049] [main/WARN] [net.minecraftforge.common.ForgeConfigSpec/CORE]: Incorrect key It Takes A Pillage - Config.Hard Replacement Rate was corrected from null to its default, 1.0. 
[08Apr2025 21:43:54.050] [main/WARN] [net.minecraftforge.common.ForgeConfigSpec/CORE]: Incorrect key It Takes A Pillage - Config.Milk Removes Bad Omen was corrected from null to its default, false. 
[08Apr2025 21:43:54.050] [main/WARN] [net.minecraftforge.common.ForgeConfigSpec/CORE]: Incorrect key It Takes A Pillage - Config.Enable Pillage Sieges was corrected from null to its default, true. 
[08Apr2025 21:43:54.052] [main/WARN] [net.minecraftforge.common.ForgeConfigSpec/CORE]: Configuration file /workspaces/PlanetQu/servidor_minecraft/config/carryon-common.toml is not correct. Correcting
[08Apr2025 21:43:54.053] [main/WARN] [net.minecraftforge.common.ForgeConfigSpec/CORE]: Incorrect key settings was corrected from null to its default, SimpleCommentedConfig:{}. 
[08Apr2025 21:43:54.053] [main/WARN] [net.minecraftforge.common.ForgeConfigSpec/CORE]: Incorrect key settings.maxDistance was corrected from null to its default, 2.5. 
[08Apr2025 21:43:54.053] [main/WARN] [net.minecraftforge.common.ForgeConfigSpec/CORE]: Incorrect key settings.maxEntityWidth was corrected from null to its default, 1.5. 
[08Apr2025 21:43:54.054] [main/WARN] [net.minecraftforge.common.ForgeConfigSpec/CORE]: Incorrect key settings.maxEntityHeight was corrected from null to its default, 2.5. 
[08Apr2025 21:43:54.054] [main/WARN] [net.minecraftforge.common.ForgeConfigSpec/CORE]: Incorrect key settings.blockSlownessMultiplier was corrected from null to its default, 1.0. 
[08Apr2025 21:43:54.054] [main/WARN] [net.minecraftforge.common.ForgeConfigSpec/CORE]: Incorrect key settings.entitySlownessMultiplier was corrected from null to its default, 1.0. 
[08Apr2025 21:43:54.054] [main/WARN] [net.minecraftforge.common.ForgeConfigSpec/CORE]: Incorrect key settings.maxEntityStackLimit was corrected from null to its default, 10. 
[08Apr2025 21:43:54.055] [main/WARN] [net.minecraftforge.common.ForgeConfigSpec/CORE]: Incorrect key settings.heavyTiles was corrected from null to its default, true. 
[08Apr2025 21:43:54.055] [main/WARN] [net.minecraftforge.common.ForgeConfigSpec/CORE]: Incorrect key settings.pickupAllBlocks was corrected from null to its default, false. 
[08Apr2025 21:43:54.055] [main/WARN] [net.minecraftforge.common.ForgeConfigSpec/CORE]: Incorrect key settings.slownessInCreative was corrected from null to its default, true. 
[08Apr2025 21:43:54.055] [main/WARN] [net.minecraftforge.common.ForgeConfigSpec/CORE]: Incorrect key settings.pickupHostileMobs was corrected from null to its default, false. 
[08Apr2025 21:43:54.056] [main/WARN] [net.minecraftforge.common.ForgeConfigSpec/CORE]: Incorrect key settings.heavyEntities was corrected from null to its default, true. 
[08Apr2025 21:43:54.056] [main/WARN] [net.minecraftforge.common.ForgeConfigSpec/CORE]: Incorrect key settings.allowBabies was corrected from null to its default, false. 
[08Apr2025 21:43:54.056] [main/WARN] [net.minecraftforge.common.ForgeConfigSpec/CORE]: Incorrect key settings.useWhitelistBlocks was corrected from null to its default, false. 
[08Apr2025 21:43:54.056] [main/WARN] [net.minecraftforge.common.ForgeConfigSpec/CORE]: Incorrect key settings.useWhitelistEntities was corrected from null to its default, false. 
[08Apr2025 21:43:54.056] [main/WARN] [net.minecraftforge.common.ForgeConfigSpec/CORE]: Incorrect key settings.useWhitelistStacking was corrected from null to its default, false. 
[08Apr2025 21:43:54.056] [main/WARN] [net.minecraftforge.common.ForgeConfigSpec/CORE]: Incorrect key settings.hitWhileCarrying was corrected from null to its default, false. 
[08Apr2025 21:43:54.057] [main/WARN] [net.minecraftforge.common.ForgeConfigSpec/CORE]: Incorrect key settings.dropCarriedWhenHit was corrected from null to its default, false. 
[08Apr2025 21:43:54.057] [main/WARN] [net.minecraftforge.common.ForgeConfigSpec/CORE]: Incorrect key settings.useScripts was corrected from null to its default, false. 
[08Apr2025 21:43:54.057] [main/WARN] [net.minecraftforge.common.ForgeConfigSpec/CORE]: Incorrect key settings.stackableEntities was corrected from null to its default, true. 
[08Apr2025 21:43:54.057] [main/WARN] [net.minecraftforge.common.ForgeConfigSpec/CORE]: Incorrect key settings.entitySizeMattersStacking was corrected from null to its default, true. 
[08Apr2025 21:43:54.058] [main/WARN] [net.minecraftforge.common.ForgeConfigSpec/CORE]: Incorrect key settings.placementStateExceptions was corrected from null to its default, [minecraft:chest[type], minecraft:stone_button[face], minecraft:vine[north,east,south,west,up], minecraft:creeper_head[rotation], minecraft:glow_lichen[north,east,south,west,up,down], minecraft:oak_sign[rotation], minecraft:oak_trapdoor[half]]. 
[08Apr2025 21:43:54.058] [main/WARN] [net.minecraftforge.common.ForgeConfigSpec/CORE]: Incorrect key settings.pickupPlayers was corrected from null to its default, true. 
[08Apr2025 21:43:54.059] [main/WARN] [net.minecraftforge.common.ForgeConfigSpec/CORE]: Incorrect key settings.pickupUnbreakableBlocks was corrected from null to its default, false. 
[08Apr2025 21:43:54.059] [main/WARN] [net.minecraftforge.common.ForgeConfigSpec/CORE]: Incorrect key whitelist was corrected from null to its default, SimpleCommentedConfig:{}. 
[08Apr2025 21:43:54.060] [main/WARN] [net.minecraftforge.common.ForgeConfigSpec/CORE]: Incorrect key whitelist.allowedEntities was corrected from null to its default, []. 
[08Apr2025 21:43:54.060] [main/WARN] [net.minecraftforge.common.ForgeConfigSpec/CORE]: Incorrect key whitelist.allowedBlocks was corrected from null to its default, []. 
[08Apr2025 21:43:54.060] [main/WARN] [net.minecraftforge.common.ForgeConfigSpec/CORE]: Incorrect key whitelist.allowedStacking was corrected from null to its default, []. 
[08Apr2025 21:43:54.061] [main/WARN] [net.minecraftforge.common.ForgeConfigSpec/CORE]: Incorrect key blacklist was corrected from null to its default, SimpleCommentedConfig:{}. 
[08Apr2025 21:43:54.062] [main/WARN] [net.minecraftforge.common.ForgeConfigSpec/CORE]: Incorrect key blacklist.forbiddenTiles was corrected from null to its default, [#forge:immovable, #forge:relocation_not_supported, minecraft:end_portal, minecraft:piston_head, minecraft:end_gateway, minecraft:tall_grass, minecraft:large_fern, minecraft:peony, minecraft:rose_bush, minecraft:lilac, minecraft:sunflower, minecraft:*_bed, minecraft:*_door, minecraft:big_dripleaf_stem, minecraft:waterlily, minecraft:cake, minecraft:nether_portal, minecraft:tall_seagrass, animania:block_trough, animania:block_invisiblock, colossalchests:*, ic2:*, bigreactors:*, forestry:*, tconstruct:*, rustic:*, botania:*, astralsorcery:*, quark:colored_bed_*, immersiveengineering:*, embers:block_furnace, embers:ember_bore, embers:ember_activator, embers:mixer, embers:heat_coil, embers:large_tank, embers:crystal_cell, embers:alchemy_pedestal, embers:boiler, embers:combustor, embers:catalzyer, embers:field_chart, embers:inferno_forge, storagedrawers:framingtable, skyresources:*, lootbags:*, exsartagine:*, aquamunda:tank, opencomputers:*, malisisdoors:*, industrialforegoing:*, minecolonies:*, thaumcraft:pillar*, thaumcraft:infernal_furnace, thaumcraft:placeholder*, thaumcraft:infusion_matrix, thaumcraft:golem_builder, thaumcraft:thaumatorium*, magneticraft:oil_heater, magneticraft:solar_panel, magneticraft:steam_engine, magneticraft:shelving_unit, magneticraft:grinder, magneticraft:sieve, magneticraft:solar_tower, magneticraft:solar_mirror, magneticraft:container, magneticraft:pumpjack, magneticraft:solar_panel, magneticraft:refinery, magneticraft:oil_heater, magneticraft:hydraulic_press, magneticraft:multiblock_gap, refinedstorage:*, mcmultipart:*, enderstorage:*, betterstorage:*, practicallogistics2:*, wearablebackpacks:*, rftools:screen, rftools:creative_screen, create:*, magic_doorknob:*, iceandfire:*, ftbquests:*, waystones:*, contact:*, framedblocks:*, securitycraft:*, forgemultipartcbe:*, integrateddynamics:cable, mekanismgenerators:wind_generator, cookingforblockheads:cabinet, cookingforblockheads:corner, cookingforblockheads:counter, cookingforblockheads:oven, cookingforblockheads:toaster, cookingforblockheads:milk_jar, cookingforblockheads:cow_jar, cookingforblockheads:fruit_basket, cookingforblockheads:cooking_table, cookingforblockheads:fridge, cookingforblockheads:sink, powah:*, advancementtrophies:trophy, mekanismgenerators:heat_generator, mna:filler_block]. 
[08Apr2025 21:43:54.062] [main/WARN] [net.minecraftforge.common.ForgeConfigSpec/CORE]: Incorrect key blacklist.forbiddenEntities was corrected from null to its default, [minecraft:end_crystal, minecraft:ender_dragon, minecraft:ghast, minecraft:shulker, minecraft:leash_knot, minecraft:armor_stand, minecraft:item_frame, minecraft:painting, minecraft:shulker_bullet, animania:hamster, animania:ferret*, animania:hedgehog*, animania:cart, animania:wagon, mynko:*, pixelmon:*, mocreatures:*, quark:totem, vehicle:*, securitycraft:*, taterzens:npc, easy_npc:*, bodiesbodies:dead_body]. 
[08Apr2025 21:43:54.063] [main/WARN] [net.minecraftforge.common.ForgeConfigSpec/CORE]: Incorrect key blacklist.forbiddenStacking was corrected from null to its default, [minecraft:horse]. 
[08Apr2025 21:43:54.063] [main/WARN] [net.minecraftforge.common.ForgeConfigSpec/CORE]: Incorrect key customPickupConditions was corrected from null to its default, SimpleCommentedConfig:{}. 
[08Apr2025 21:43:54.063] [main/WARN] [net.minecraftforge.common.ForgeConfigSpec/CORE]: Incorrect key customPickupConditions.customPickupConditionsBlocks was corrected from null to its default, []. 
[08Apr2025 21:43:54.064] [main/WARN] [net.minecraftforge.common.ForgeConfigSpec/CORE]: Incorrect key customPickupConditions.customPickupConditionsEntities was corrected from null to its default, []. 
[08Apr2025 21:43:54.128] [main/WARN] [net.minecraftforge.common.ForgeConfigSpec/CORE]: Configuration file /workspaces/PlanetQu/servidor_minecraft/config/betterfortresses-forge-1_20.toml is not correct. Correcting
[08Apr2025 21:43:54.129] [main/WARN] [net.minecraftforge.common.ForgeConfigSpec/CORE]: Incorrect key YUNG's Better Nether Fortresses was corrected from null to its default, SimpleCommentedConfig:{}. 
[08Apr2025 21:43:54.129] [main/WARN] [net.minecraftforge.common.ForgeConfigSpec/CORE]: Incorrect key YUNG's Better Nether Fortresses.General was corrected from null to its default, SimpleCommentedConfig:{}. 
[08Apr2025 21:43:54.129] [main/WARN] [net.minecraftforge.common.ForgeConfigSpec/CORE]: Incorrect key YUNG's Better Nether Fortresses.General.Disable Vanilla Nether Fortresses was corrected from null to its default, true. 
[08Apr2025 21:43:54.131] [main/WARN] [net.minecraftforge.common.ForgeConfigSpec/CORE]: Configuration file /workspaces/PlanetQu/servidor_minecraft/config/twilightforest-common.toml is not correct. Correcting
[08Apr2025 21:43:54.131] [main/WARN] [net.minecraftforge.common.ForgeConfigSpec/CORE]: Incorrect key Dimension Settings was corrected from null to its default, SimpleCommentedConfig:{}. 
[08Apr2025 21:43:54.131] [main/WARN] [net.minecraftforge.common.ForgeConfigSpec/CORE]: Incorrect key Dimension Settings.newPlayersSpawnInTF was corrected from null to its default, false. 
[08Apr2025 21:43:54.131] [main/WARN] [net.minecraftforge.common.ForgeConfigSpec/CORE]: Incorrect key Dimension Settings.portalForNewPlayer was corrected from null to its default, false. 
[08Apr2025 21:43:54.132] [main/WARN] [net.minecraftforge.common.ForgeConfigSpec/CORE]: Incorrect key originDimension was corrected from null to its default, minecraft:overworld. 
[08Apr2025 21:43:54.132] [main/WARN] [net.minecraftforge.common.ForgeConfigSpec/CORE]: Incorrect key allowPortalsInOtherDimensions was corrected from null to its default, false. 
[08Apr2025 21:43:54.133] [main/WARN] [net.minecraftforge.common.ForgeConfigSpec/CORE]: Incorrect key adminOnlyPortals was corrected from null to its default, false. 
[08Apr2025 21:43:54.133] [main/WARN] [net.minecraftforge.common.ForgeConfigSpec/CORE]: Incorrect key disablePortalCreation was corrected from null to its default, false. 
[08Apr2025 21:43:54.134] [main/WARN] [net.minecraftforge.common.ForgeConfigSpec/CORE]: Incorrect key checkPortalDestination was corrected from null to its default, false. 
[08Apr2025 21:43:54.135] [main/WARN] [net.minecraftforge.common.ForgeConfigSpec/CORE]: Incorrect key portalLightning was corrected from null to its default, false. 
[08Apr2025 21:43:54.136] [main/WARN] [net.minecraftforge.common.ForgeConfigSpec/CORE]: Incorrect key shouldReturnPortalBeUsable was corrected from null to its default, true. 
[08Apr2025 21:43:54.137] [main/WARN] [net.minecraftforge.common.ForgeConfigSpec/CORE]: Incorrect key portalUnlockedByAdvancement was corrected from null to its default, . 
[08Apr2025 21:43:54.138] [main/WARN] [net.minecraftforge.common.ForgeConfigSpec/CORE]: Incorrect key maxPortalSize was corrected from null to its default, 64. 
[08Apr2025 21:43:54.139] [main/WARN] [net.minecraftforge.common.ForgeConfigSpec/CORE]: Incorrect key uuid_locking was corrected from null to its default, false. 
[08Apr2025 21:43:54.140] [main/WARN] [net.minecraftforge.common.ForgeConfigSpec/CORE]: Incorrect key skull_candles was corrected from null to its default, false. 
[08Apr2025 21:43:54.141] [main/WARN] [net.minecraftforge.common.ForgeConfigSpec/CORE]: Incorrect key default_item_enchantments was corrected from null to its default, true. 
[08Apr2025 21:43:54.142] [main/WARN] [net.minecraftforge.common.ForgeConfigSpec/CORE]: Incorrect key boss_drop_chests was corrected from null to its default, true. 
[08Apr2025 21:43:54.143] [main/WARN] [net.minecraftforge.common.ForgeConfigSpec/CORE]: Incorrect key cloudBlockPrecipitationDistance was corrected from null to its default, 32. 
[08Apr2025 21:43:54.145] [main/WARN] [net.minecraftforge.common.ForgeConfigSpec/CORE]: Incorrect key Uncrafting Table was corrected from null to its default, SimpleCommentedConfig:{}. 
[08Apr2025 21:43:54.145] [main/WARN] [net.minecraftforge.common.ForgeConfigSpec/CORE]: Incorrect key Uncrafting Table.uncraftingXpCostMultiplier was corrected from null to its default, 1.0. 
[08Apr2025 21:43:54.145] [main/WARN] [net.minecraftforge.common.ForgeConfigSpec/CORE]: Incorrect key Uncrafting Table.repairingXpCostMultiplier was corrected from null to its default, 1.0. 
[08Apr2025 21:43:54.146] [main/WARN] [net.minecraftforge.common.ForgeConfigSpec/CORE]: Incorrect key Uncrafting Table.disableUncraftingRecipes was corrected from null to its default, [twilightforest:giant_log_to_oak_planks]. 
[08Apr2025 21:43:54.147] [main/WARN] [net.minecraftforge.common.ForgeConfigSpec/CORE]: Incorrect key Uncrafting Table.flipRecipeList was corrected from null to its default, false. 
[08Apr2025 21:43:54.147] [main/WARN] [net.minecraftforge.common.ForgeConfigSpec/CORE]: Incorrect key Uncrafting Table.blacklistedUncraftingModIds was corrected from null to its default, []. 
[08Apr2025 21:43:54.147] [main/WARN] [net.minecraftforge.common.ForgeConfigSpec/CORE]: Incorrect key Uncrafting Table.flipIdList was corrected from null to its default, false. 
[08Apr2025 21:43:54.148] [main/WARN] [net.minecraftforge.common.ForgeConfigSpec/CORE]: Incorrect key Uncrafting Table.enableShapelessCrafting was corrected from null to its default, false. 
[08Apr2025 21:43:54.148] [main/WARN] [net.minecraftforge.common.ForgeConfigSpec/CORE]: Incorrect key Uncrafting Table.disableUncrafting was corrected from null to its default, false. 
[08Apr2025 21:43:54.148] [main/WARN] [net.minecraftforge.common.ForgeConfigSpec/CORE]: Incorrect key Uncrafting Table.disableUncraftingTable was corrected from null to its default, false. 
[08Apr2025 21:43:54.150] [main/WARN] [net.minecraftforge.common.ForgeConfigSpec/CORE]: Incorrect key Magic Trees was corrected from null to its default, SimpleCommentedConfig:{}. 
[08Apr2025 21:43:54.150] [main/WARN] [net.minecraftforge.common.ForgeConfigSpec/CORE]: Incorrect key Magic Trees.disableTimeCore was corrected from null to its default, false. 
[08Apr2025 21:43:54.150] [main/WARN] [net.minecraftforge.common.ForgeConfigSpec/CORE]: Incorrect key Magic Trees.timeCoreRange was corrected from null to its default, 16. 
[08Apr2025 21:43:54.150] [main/WARN] [net.minecraftforge.common.ForgeConfigSpec/CORE]: Incorrect key Magic Trees.disableTransformationCore was corrected from null to its default, false. 
[08Apr2025 21:43:54.150] [main/WARN] [net.minecraftforge.common.ForgeConfigSpec/CORE]: Incorrect key Magic Trees.transformationCoreRange was corrected from null to its default, 16. 
[08Apr2025 21:43:54.151] [main/WARN] [net.minecraftforge.common.ForgeConfigSpec/CORE]: Incorrect key Magic Trees.disableMiningCore was corrected from null to its default, false. 
[08Apr2025 21:43:54.152] [main/WARN] [net.minecraftforge.common.ForgeConfigSpec/CORE]: Incorrect key Magic Trees.miningCoreRange was corrected from null to its default, 16. 
[08Apr2025 21:43:54.152] [main/WARN] [net.minecraftforge.common.ForgeConfigSpec/CORE]: Incorrect key Magic Trees.disableSortingCore was corrected from null to its default, false. 
[08Apr2025 21:43:54.152] [main/WARN] [net.minecraftforge.common.ForgeConfigSpec/CORE]: Incorrect key Magic Trees.sortingCoreRange was corrected from null to its default, 16. 
[08Apr2025 21:43:54.154] [main/WARN] [net.minecraftforge.common.ForgeConfigSpec/CORE]: Incorrect key Shield Parrying was corrected from null to its default, SimpleCommentedConfig:{}. 
[08Apr2025 21:43:54.154] [main/WARN] [net.minecraftforge.common.ForgeConfigSpec/CORE]: Incorrect key Shield Parrying.parryNonTwilightAttacks was corrected from null to its default, false. 
[08Apr2025 21:43:54.154] [main/WARN] [net.minecraftforge.common.ForgeConfigSpec/CORE]: Incorrect key Shield Parrying.shieldParryTicksArrow was corrected from null to its default, 40. 
[08Apr2025 21:43:54.158] [main/WARN] [net.minecraftforge.common.ForgeConfigSpec/CORE]: Configuration file /workspaces/PlanetQu/servidor_minecraft/config/torchmaster.toml is not correct. Correcting
[08Apr2025 21:43:54.158] [main/WARN] [net.minecraftforge.common.ForgeConfigSpec/CORE]: Incorrect key General was corrected from null to its default, SimpleCommentedConfig:{}. 
[08Apr2025 21:43:54.158] [main/WARN] [net.minecraftforge.common.ForgeConfigSpec/CORE]: Incorrect key General.beginnerTooltips was corrected from null to its default, true. 
[08Apr2025 21:43:54.159] [main/WARN] [net.minecraftforge.common.ForgeConfigSpec/CORE]: Incorrect key General.blockOnlyNaturalSpawns was corrected from null to its default, true. 
[08Apr2025 21:43:54.159] [main/WARN] [net.minecraftforge.common.ForgeConfigSpec/CORE]: Incorrect key General.lycanitesMobsBlockAll was corrected from null to its default, true. 
[08Apr2025 21:43:54.159] [main/WARN] [net.minecraftforge.common.ForgeConfigSpec/CORE]: Incorrect key General.blockVillageSieges was corrected from null to its default, true. 
[08Apr2025 21:43:54.159] [main/WARN] [net.minecraftforge.common.ForgeConfigSpec/CORE]: Incorrect key General.megaTorchRadius was corrected from null to its default, 64. 
[08Apr2025 21:43:54.159] [main/WARN] [net.minecraftforge.common.ForgeConfigSpec/CORE]: Incorrect key General.dreadLampRadius was corrected from null to its default, 64. 
[08Apr2025 21:43:54.159] [main/WARN] [net.minecraftforge.common.ForgeConfigSpec/CORE]: Incorrect key General.megaTorchEntityBlockListOverrides was corrected from null to its default, []. 
[08Apr2025 21:43:54.159] [main/WARN] [net.minecraftforge.common.ForgeConfigSpec/CORE]: Incorrect key General.dreadLampEntityBlockListOverrides was corrected from null to its default, []. 
[08Apr2025 21:43:54.159] [main/WARN] [net.minecraftforge.common.ForgeConfigSpec/CORE]: Incorrect key General.feralFlareRadius was corrected from null to its default, 16. 
[08Apr2025 21:43:54.160] [main/WARN] [net.minecraftforge.common.ForgeConfigSpec/CORE]: Incorrect key General.feralFlareTickRate was corrected from null to its default, 5. 
[08Apr2025 21:43:54.160] [main/WARN] [net.minecraftforge.common.ForgeConfigSpec/CORE]: Incorrect key General.feralFlareMinLightLevel was corrected from null to its default, 10. 
[08Apr2025 21:43:54.160] [main/WARN] [net.minecraftforge.common.ForgeConfigSpec/CORE]: Incorrect key General.feralFlareLanternLightCountHardcap was corrected from null to its default, 255. 
[08Apr2025 21:43:54.160] [main/WARN] [net.minecraftforge.common.ForgeConfigSpec/CORE]: Incorrect key General.frozenPearlDurability was corrected from null to its default, 1024. 
[08Apr2025 21:43:54.160] [main/WARN] [net.minecraftforge.common.ForgeConfigSpec/CORE]: Incorrect key General.logSpawnChecks was corrected from null to its default, false. 
[08Apr2025 21:43:54.160] [main/WARN] [net.minecraftforge.common.ForgeConfigSpec/CORE]: Incorrect key General.aggressiveSpawnChecks was corrected from null to its default, false. 
[08Apr2025 21:43:54.164] [main/WARN] [net.minecraftforge.common.ForgeConfigSpec/CORE]: Configuration file /workspaces/PlanetQu/servidor_minecraft/config/eeeabsmobs-common.toml is not correct. Correcting
[08Apr2025 21:43:54.164] [main/WARN] [net.minecraftforge.common.ForgeConfigSpec/CORE]: Incorrect key Mobs was corrected from null to its default, SimpleCommentedConfig:{}. 
[08Apr2025 21:43:54.164] [main/WARN] [net.minecraftforge.common.ForgeConfigSpec/CORE]: Incorrect key Mobs.Immortal Mobs was corrected from null to its default, SimpleCommentedConfig:{}. 
[08Apr2025 21:43:54.164] [main/WARN] [net.minecraftforge.common.ForgeConfigSpec/CORE]: Incorrect key Mobs.Immortal Mobs.Immortal Skeleton was corrected from null to its default, SimpleCommentedConfig:{}. 
[08Apr2025 21:43:54.164] [main/WARN] [net.minecraftforge.common.ForgeConfigSpec/CORE]: Incorrect key Mobs.Immortal Mobs.Immortal Skeleton.Health multiplier was corrected from null to its default, 1.0. 
[08Apr2025 21:43:54.164] [main/WARN] [net.minecraftforge.common.ForgeConfigSpec/CORE]: Incorrect key Mobs.Immortal Mobs.Immortal Skeleton.Attack multiplier was corrected from null to its default, 1.0. 
[08Apr2025 21:43:54.165] [main/WARN] [net.minecraftforge.common.ForgeConfigSpec/CORE]: Incorrect key Mobs.Immortal Mobs.Immortal Knight was corrected from null to its default, SimpleCommentedConfig:{}. 
[08Apr2025 21:43:54.165] [main/WARN] [net.minecraftforge.common.ForgeConfigSpec/CORE]: Incorrect key Mobs.Immortal Mobs.Immortal Knight.Health multiplier was corrected from null to its default, 1.0. 
[08Apr2025 21:43:54.165] [main/WARN] [net.minecraftforge.common.ForgeConfigSpec/CORE]: Incorrect key Mobs.Immortal Mobs.Immortal Knight.Attack multiplier was corrected from null to its default, 1.0. 
[08Apr2025 21:43:54.165] [main/WARN] [net.minecraftforge.common.ForgeConfigSpec/CORE]: Incorrect key Mobs.Immortal Mobs.Immortal Shaman was corrected from null to its default, SimpleCommentedConfig:{}. 
[08Apr2025 21:43:54.165] [main/WARN] [net.minecraftforge.common.ForgeConfigSpec/CORE]: Incorrect key Mobs.Immortal Mobs.Immortal Shaman.Heal percentage was corrected from null to its default, 0.5. 
[08Apr2025 21:43:54.165] [main/WARN] [net.minecraftforge.common.ForgeConfigSpec/CORE]: Incorrect key Mobs.Immortal Mobs.Immortal Shaman.Health multiplier was corrected from null to its default, 1.0. 
[08Apr2025 21:43:54.165] [main/WARN] [net.minecraftforge.common.ForgeConfigSpec/CORE]: Incorrect key Mobs.Immortal Mobs.Immortal Shaman.Attack multiplier was corrected from null to its default, 1.0. 
[08Apr2025 21:43:54.165] [main/WARN] [net.minecraftforge.common.ForgeConfigSpec/CORE]: Incorrect key Mobs.Immortal Mobs.Immortal Shaman.Damage cap percentage was corrected from null to its default, 0.25. 
[08Apr2025 21:43:54.165] [main/WARN] [net.minecraftforge.common.ForgeConfigSpec/CORE]: Incorrect key Mobs.Immortal Mobs.Immortal Golem was corrected from null to its default, SimpleCommentedConfig:{}. 
[08Apr2025 21:43:54.165] [main/WARN] [net.minecraftforge.common.ForgeConfigSpec/CORE]: Incorrect key Mobs.Immortal Mobs.Immortal Golem.Health multiplier was corrected from null to its default, 1.0. 
[08Apr2025 21:43:54.165] [main/WARN] [net.minecraftforge.common.ForgeConfigSpec/CORE]: Incorrect key Mobs.Immortal Mobs.Immortal Golem.Attack multiplier was corrected from null to its default, 1.0. 
[08Apr2025 21:43:54.166] [main/WARN] [net.minecraftforge.common.ForgeConfigSpec/CORE]: Incorrect key Mobs.Immortal Mobs.Immortal Boss was corrected from null to its default, SimpleCommentedConfig:{}. 
[08Apr2025 21:43:54.166] [main/WARN] [net.minecraftforge.common.ForgeConfigSpec/CORE]: Incorrect key Mobs.Immortal Mobs.Immortal Boss.Health multiplier was corrected from null to its default, 1.0. 
[08Apr2025 21:43:54.166] [main/WARN] [net.minecraftforge.common.ForgeConfigSpec/CORE]: Incorrect key Mobs.Immortal Mobs.Immortal Boss.Attack multiplier was corrected from null to its default, 1.0. 
[08Apr2025 21:43:54.166] [main/WARN] [net.minecraftforge.common.ForgeConfigSpec/CORE]: Incorrect key Mobs.Structure-Bloody Altar was corrected from null to its default, SimpleCommentedConfig:{}. 
[08Apr2025 21:43:54.166] [main/WARN] [net.minecraftforge.common.ForgeConfigSpec/CORE]: Incorrect key Mobs.Structure-Bloody Altar.Corpse & Corpse Villager was corrected from null to its default, SimpleCommentedConfig:{}. 
[08Apr2025 21:43:54.166] [main/WARN] [net.minecraftforge.common.ForgeConfigSpec/CORE]: Incorrect key Mobs.Structure-Bloody Altar.Corpse & Corpse Villager.Health multiplier was corrected from null to its default, 1.0. 
[08Apr2025 21:43:54.166] [main/WARN] [net.minecraftforge.common.ForgeConfigSpec/CORE]: Incorrect key Mobs.Structure-Bloody Altar.Corpse & Corpse Villager.Attack multiplier was corrected from null to its default, 1.0. 
[08Apr2025 21:43:54.166] [main/WARN] [net.minecraftforge.common.ForgeConfigSpec/CORE]: Incorrect key Mobs.Structure-Bloody Altar.Corpse & Corpse Villager.Converted to corpse was corrected from null to its default, true. 
[08Apr2025 21:43:54.166] [main/WARN] [net.minecraftforge.common.ForgeConfigSpec/CORE]: Incorrect key Mobs.Structure-Bloody Altar.Corpse Warlock was corrected from null to its default, SimpleCommentedConfig:{}. 
[08Apr2025 21:43:54.166] [main/WARN] [net.minecraftforge.common.ForgeConfigSpec/CORE]: Incorrect key Mobs.Structure-Bloody Altar.Corpse Warlock.Attack distance was corrected from null to its default, 12.0. 
[08Apr2025 21:43:54.167] [main/WARN] [net.minecraftforge.common.ForgeConfigSpec/CORE]: Incorrect key Mobs.Structure-Bloody Altar.Corpse Warlock.Health multiplier was corrected from null to its default, 1.0. 
[08Apr2025 21:43:54.167] [main/WARN] [net.minecraftforge.common.ForgeConfigSpec/CORE]: Incorrect key Mobs.Structure-Bloody Altar.Corpse Warlock.Attack multiplier was corrected from null to its default, 1.0. 
[08Apr2025 21:43:54.167] [main/WARN] [net.minecraftforge.common.ForgeConfigSpec/CORE]: Incorrect key Mobs.Structure-Bloody Altar.Corpse Warlock.Damage cap percentage was corrected from null to its default, 0.25. 
[08Apr2025 21:43:54.167] [main/WARN] [net.minecraftforge.common.ForgeConfigSpec/CORE]: Incorrect key Mobs.Structure-Guling was corrected from null to its default, SimpleCommentedConfig:{}. 
[08Apr2025 21:43:54.167] [main/WARN] [net.minecraftforge.common.ForgeConfigSpec/CORE]: Incorrect key Mobs.Structure-Guling.Guling Sentinel was corrected from null to its default, SimpleCommentedConfig:{}. 
[08Apr2025 21:43:54.167] [main/WARN] [net.minecraftforge.common.ForgeConfigSpec/CORE]: Incorrect key Mobs.Structure-Guling.Guling Sentinel.Enable non-combat heal was corrected from null to its default, true. 
[08Apr2025 21:43:54.167] [main/WARN] [net.minecraftforge.common.ForgeConfigSpec/CORE]: Incorrect key Mobs.Structure-Guling.Guling Sentinel.Health multiplier was corrected from null to its default, 1.0. 
[08Apr2025 21:43:54.167] [main/WARN] [net.minecraftforge.common.ForgeConfigSpec/CORE]: Incorrect key Mobs.Structure-Guling.Guling Sentinel.Attack multiplier was corrected from null to its default, 1.0. 
[08Apr2025 21:43:54.167] [main/WARN] [net.minecraftforge.common.ForgeConfigSpec/CORE]: Incorrect key Mobs.Structure-Guling.Guling Sentinel-Heavy was corrected from null to its default, SimpleCommentedConfig:{}. 
[08Apr2025 21:43:54.167] [main/WARN] [net.minecraftforge.common.ForgeConfigSpec/CORE]: Incorrect key Mobs.Structure-Guling.Guling Sentinel-Heavy.Enable non-combat heal was corrected from null to its default, true. 
[08Apr2025 21:43:54.168] [main/WARN] [net.minecraftforge.common.ForgeConfigSpec/CORE]: Incorrect key Mobs.Structure-Guling.Guling Sentinel-Heavy.Health multiplier was corrected from null to its default, 1.0. 
[08Apr2025 21:43:54.168] [main/WARN] [net.minecraftforge.common.ForgeConfigSpec/CORE]: Incorrect key Mobs.Structure-Guling.Guling Sentinel-Heavy.Attack multiplier was corrected from null to its default, 1.0. 
[08Apr2025 21:43:54.168] [main/WARN] [net.minecraftforge.common.ForgeConfigSpec/CORE]: Incorrect key Mobs.Structure-Guling.Nameless Guardian was corrected from null to its default, SimpleCommentedConfig:{}. 
[08Apr2025 21:43:54.168] [main/WARN] [net.minecraftforge.common.ForgeConfigSpec/CORE]: Incorrect key Mobs.Structure-Guling.Nameless Guardian.Suck blood factor was corrected from null to its default, 0.05. 
[08Apr2025 21:43:54.168] [main/WARN] [net.minecraftforge.common.ForgeConfigSpec/CORE]: Incorrect key Mobs.Structure-Guling.Nameless Guardian.Enable non-combat heal was corrected from null to its default, true. 
[08Apr2025 21:43:54.168] [main/WARN] [net.minecraftforge.common.ForgeConfigSpec/CORE]: Incorrect key Mobs.Structure-Guling.Nameless Guardian.Enable forced suck blood was corrected from null to its default, true. 
[08Apr2025 21:43:54.168] [main/WARN] [net.minecraftforge.common.ForgeConfigSpec/CORE]: Incorrect key Mobs.Structure-Guling.Nameless Guardian.Be careful! It's going to get tricky! was corrected from null to its default, false. 
[08Apr2025 21:43:54.168] [main/WARN] [net.minecraftforge.common.ForgeConfigSpec/CORE]: Incorrect key Mobs.Structure-Guling.Nameless Guardian.Health multiplier was corrected from null to its default, 1.0. 
[08Apr2025 21:43:54.168] [main/WARN] [net.minecraftforge.common.ForgeConfigSpec/CORE]: Incorrect key Mobs.Structure-Guling.Nameless Guardian.Attack multiplier was corrected from null to its default, 1.0. 
[08Apr2025 21:43:54.169] [main/WARN] [net.minecraftforge.common.ForgeConfigSpec/CORE]: Incorrect key Mobs.Structure-Guling.Nameless Guardian.Damage cap percentage was corrected from null to its default, 0.05. 
[08Apr2025 21:43:54.169] [main/WARN] [net.minecraftforge.common.ForgeConfigSpec/CORE]: Incorrect key Entity was corrected from null to its default, SimpleCommentedConfig:{}. 
[08Apr2025 21:43:54.169] [main/WARN] [net.minecraftforge.common.ForgeConfigSpec/CORE]: Incorrect key Entity.Guardian Laser was corrected from null to its default, SimpleCommentedConfig:{}. 
[08Apr2025 21:43:54.170] [main/WARN] [net.minecraftforge.common.ForgeConfigSpec/CORE]: Incorrect key Entity.Guardian Laser.Enable scorch generate was corrected from null to its default, true. 
[08Apr2025 21:43:54.171] [main/WARN] [net.minecraftforge.common.ForgeConfigSpec/CORE]: Incorrect key Items was corrected from null to its default, SimpleCommentedConfig:{}. 
[08Apr2025 21:43:54.171] [main/WARN] [net.minecraftforge.common.ForgeConfigSpec/CORE]: Incorrect key Items.Enable immortal armor durability was corrected from null to its default, false. 
[08Apr2025 21:43:54.171] [main/WARN] [net.minecraftforge.common.ForgeConfigSpec/CORE]: Incorrect key Items.Enable immortal item durability was corrected from null to its default, false. 
[08Apr2025 21:43:54.171] [main/WARN] [net.minecraftforge.common.ForgeConfigSpec/CORE]: Incorrect key Items.Guardian Axe was corrected from null to its default, SimpleCommentedConfig:{}. 
[08Apr2025 21:43:54.171] [main/WARN] [net.minecraftforge.common.ForgeConfigSpec/CORE]: Incorrect key Items.Guardian Axe.Attack damage was corrected from null to its default, 15.0. 
[08Apr2025 21:43:54.172] [main/WARN] [net.minecraftforge.common.ForgeConfigSpec/CORE]: Incorrect key Items.Guardian Axe.Attack speed was corrected from null to its default, 0.9. 
[08Apr2025 21:43:54.173] [main/WARN] [net.minecraftforge.common.ForgeConfigSpec/CORE]: Incorrect key Items.Summoning Soul Necklace was corrected from null to its default, SimpleCommentedConfig:{}. 
[08Apr2025 21:43:54.173] [main/WARN] [net.minecraftforge.common.ForgeConfigSpec/CORE]: Incorrect key Items.Summoning Soul Necklace.Set the maximum cumulative damage taken was corrected from null to its default, 50.0. 
[08Apr2025 21:43:54.173] [main/WARN] [net.minecraftforge.common.ForgeConfigSpec/CORE]: Incorrect key Items.Summoning Soul Necklace.Set item cool down time was corrected from null to its default, 15. 
[08Apr2025 21:43:54.173] [main/WARN] [net.minecraftforge.common.ForgeConfigSpec/CORE]: Incorrect key Items.Other was corrected from null to its default, SimpleCommentedConfig:{}. 
[08Apr2025 21:43:54.175] [main/WARN] [net.minecraftforge.common.ForgeConfigSpec/CORE]: Incorrect key Items.Other.Enable camera shake was corrected from null to its default, true. 
[08Apr2025 21:43:54.175] [main/WARN] [net.minecraftforge.common.ForgeConfigSpec/CORE]: Incorrect key Items.Other.Enable bosses blood bars was corrected from null to its default, true. 
[08Apr2025 21:43:54.175] [main/WARN] [net.minecraftforge.common.ForgeConfigSpec/CORE]: Incorrect key Items.Other.Mobs of the same type cannot cause harm was corrected from null to its default, true. 
[08Apr2025 21:43:54.175] [main/WARN] [net.minecraftforge.common.ForgeConfigSpec/CORE]: Incorrect key Items.Other.Enable falling block rendering was corrected from null to its default, true. 
[08Apr2025 21:43:54.175] [main/WARN] [net.minecraftforge.common.ForgeConfigSpec/CORE]: Incorrect key Items.Other.Enable play boss music was corrected from null to its default, true. 
[08Apr2025 21:43:54.177] [main/WARN] [net.minecraftforge.common.ForgeConfigSpec/CORE]: Configuration file /workspaces/PlanetQu/servidor_minecraft/config/cataclysm.toml is not correct. Correcting
[08Apr2025 21:43:54.178] [main/WARN] [net.minecraftforge.common.ForgeConfigSpec/CORE]: Incorrect key Etc was corrected from null to its default, SimpleCommentedConfig:{}. 
[08Apr2025 21:43:54.179] [main/WARN] [net.minecraftforge.common.ForgeConfigSpec/CORE]: Incorrect key Etc.lavaVisionOpacity was corrected from null to its default, 0.5. 
[08Apr2025 21:43:54.179] [main/WARN] [net.minecraftforge.common.ForgeConfigSpec/CORE]: Incorrect key Etc.shadersCompat was corrected from null to its default, false. 
[08Apr2025 21:43:54.179] [main/WARN] [net.minecraftforge.common.ForgeConfigSpec/CORE]: Incorrect key Etc.ScreenShake(on/off) was corrected from null to its default, true. 
[08Apr2025 21:43:54.180] [main/WARN] [net.minecraftforge.common.ForgeConfigSpec/CORE]: Incorrect key Etc.custombossbar(on/off) was corrected from null to its default, true. 
[08Apr2025 21:43:54.180] [main/WARN] [net.minecraftforge.common.ForgeConfigSpec/CORE]: Incorrect key Etc.BossMusic(on/off) was corrected from null to its default, true. 
[08Apr2025 21:43:54.180] [main/WARN] [net.minecraftforge.common.ForgeConfigSpec/CORE]: Incorrect key Etc.BossMusicVolume was corrected from null to its default, 2. 
[08Apr2025 21:43:54.181] [main/WARN] [net.minecraftforge.common.ForgeConfigSpec/CORE]: Incorrect key Weapon was corrected from null to its default, SimpleCommentedConfig:{}. 
[08Apr2025 21:43:54.181] [main/WARN] [net.minecraftforge.common.ForgeConfigSpec/CORE]: Incorrect key Weapon.Armor Infinity Durability(on/off) was corrected from null to its default, true. 
[08Apr2025 21:43:54.181] [main/WARN] [net.minecraftforge.common.ForgeConfigSpec/CORE]: Incorrect key Weapon.BulwarkOfTheFlameCooldown was corrected from null to its default, 80. 
[08Apr2025 21:43:54.181] [main/WARN] [net.minecraftforge.common.ForgeConfigSpec/CORE]: Incorrect key Weapon.GauntletOfBulwarkCooldown was corrected from null to its default, 80. 
[08Apr2025 21:43:54.182] [main/WARN] [net.minecraftforge.common.ForgeConfigSpec/CORE]: Incorrect key Weapon.InfernalForgeCooldown was corrected from null to its default, 80. 
[08Apr2025 21:43:54.182] [main/WARN] [net.minecraftforge.common.ForgeConfigSpec/CORE]: Incorrect key Weapon.VoidForgeCooldown was corrected from null to its default, 120. 
[08Apr2025 21:43:54.182] [main/WARN] [net.minecraftforge.common.ForgeConfigSpec/CORE]: Incorrect key Weapon.TheIncineratorCooldown was corrected from null to its default, 400. 
[08Apr2025 21:43:54.182] [main/WARN] [net.minecraftforge.common.ForgeConfigSpec/CORE]: Incorrect key Weapon.WASWMissileCooldown was corrected from null to its default, 40. 
[08Apr2025 21:43:54.183] [main/WARN] [net.minecraftforge.common.ForgeConfigSpec/CORE]: Incorrect key Weapon.WASW's WitherMissiledamage was corrected from null to its default, 16.0. 
[08Apr2025 21:43:54.183] [main/WARN] [net.minecraftforge.common.ForgeConfigSpec/CORE]: Incorrect key Weapon.WASWHowitzerCooldown was corrected from null to its default, 100. 
[08Apr2025 21:43:54.183] [main/WARN] [net.minecraftforge.common.ForgeConfigSpec/CORE]: Incorrect key Weapon.VASWCooldown was corrected from null to its default, 120. 
[08Apr2025 21:43:54.183] [main/WARN] [net.minecraftforge.common.ForgeConfigSpec/CORE]: Incorrect key Weapon.VoidCoreCooldown was corrected from null to its default, 160. 
[08Apr2025 21:43:54.183] [main/WARN] [net.minecraftforge.common.ForgeConfigSpec/CORE]: Incorrect key Weapon.SandstormTimer was corrected from null to its default, 160. 
[08Apr2025 21:43:54.183] [main/WARN] [net.minecraftforge.common.ForgeConfigSpec/CORE]: Incorrect key Entity damage was corrected from null to its default, SimpleCommentedConfig:{}. 
[08Apr2025 21:43:54.183] [main/WARN] [net.minecraftforge.common.ForgeConfigSpec/CORE]: Incorrect key Entity damage.Voidrunedamage was corrected from null to its default, 7.0. 
[08Apr2025 21:43:54.183] [main/WARN] [net.minecraftforge.common.ForgeConfigSpec/CORE]: Incorrect key Entity damage.Ashenbreathdamage was corrected from null to its default, 4.0. 
[08Apr2025 21:43:54.183] [main/WARN] [net.minecraftforge.common.ForgeConfigSpec/CORE]: Incorrect key Entity damage.DeathLaserdamage was corrected from null to its default, 5.0. 
[08Apr2025 21:43:54.183] [main/WARN] [net.minecraftforge.common.ForgeConfigSpec/CORE]: Incorrect key Entity damage.DeathLaserHpdamage was corrected from null to its default, 0.05. 
[08Apr2025 21:43:54.183] [main/WARN] [net.minecraftforge.common.ForgeConfigSpec/CORE]: Incorrect key Entity damage.Laserdamage was corrected from null to its default, 4.0. 
[08Apr2025 21:43:54.184] [main/WARN] [net.minecraftforge.common.ForgeConfigSpec/CORE]: Incorrect key Entity damage.BlazingBonedamage was corrected from null to its default, 5.0. 
[08Apr2025 21:43:54.184] [main/WARN] [net.minecraftforge.common.ForgeConfigSpec/CORE]: Incorrect key Entity damage.LionfishSpikedamage was corrected from null to its default, 4.0. 
[08Apr2025 21:43:54.184] [main/WARN] [net.minecraftforge.common.ForgeConfigSpec/CORE]: Incorrect key Entity damage.WitherHowizterdamage was corrected from null to its default, 8.0. 
[08Apr2025 21:43:54.184] [main/WARN] [net.minecraftforge.common.ForgeConfigSpec/CORE]: Incorrect key Entity damage.DimensionalRiftdamage was corrected from null to its default, 10.0. 
[08Apr2025 21:43:54.184] [main/WARN] [net.minecraftforge.common.ForgeConfigSpec/CORE]: Incorrect key Entity damage.WitherHomingMissiledamage was corrected from null to its default, 3.0. 
[08Apr2025 21:43:54.184] [main/WARN] [net.minecraftforge.common.ForgeConfigSpec/CORE]: Incorrect key Entity damage.AbyssBlastdamage was corrected from null to its default, 10.0. 
[08Apr2025 21:43:54.184] [main/WARN] [net.minecraftforge.common.ForgeConfigSpec/CORE]: Incorrect key Entity damage.AbyssBlastHpdamage was corrected from null to its default, 0.1. 
[08Apr2025 21:43:54.184] [main/WARN] [net.minecraftforge.common.ForgeConfigSpec/CORE]: Incorrect key Entity damage.AbyssOrbdamage was corrected from null to its default, 4.0. 
[08Apr2025 21:43:54.184] [main/WARN] [net.minecraftforge.common.ForgeConfigSpec/CORE]: Incorrect key Entity damage.Lavabombradius was corrected from null to its default, 2. 
[08Apr2025 21:43:54.184] [main/WARN] [net.minecraftforge.common.ForgeConfigSpec/CORE]: Incorrect key Entity damage.Amethyst Cluster Damage was corrected from null to its default, 12.0. 
[08Apr2025 21:43:54.184] [main/WARN] [net.minecraftforge.common.ForgeConfigSpec/CORE]: Incorrect key Entity damage.Sandstorm Damage was corrected from null to its default, 5.0. 
[08Apr2025 21:43:54.184] [main/WARN] [net.minecraftforge.common.ForgeConfigSpec/CORE]: Incorrect key Entity damage.Ancient Desert Stele Damage was corrected from null to its default, 18.0. 
[08Apr2025 21:43:54.185] [main/WARN] [net.minecraftforge.common.ForgeConfigSpec/CORE]: Incorrect key Ender Guardian was corrected from null to its default, SimpleCommentedConfig:{}. 
[08Apr2025 21:43:54.185] [main/WARN] [net.minecraftforge.common.ForgeConfigSpec/CORE]: Incorrect key Ender Guardian.EnderGuardianHealthMultiplier was corrected from null to its default, 1.0. 
[08Apr2025 21:43:54.185] [main/WARN] [net.minecraftforge.common.ForgeConfigSpec/CORE]: Incorrect key Ender Guardian.EnderGuardianDamageMultiplier was corrected from null to its default, 1.0. 
[08Apr2025 21:43:54.185] [main/WARN] [net.minecraftforge.common.ForgeConfigSpec/CORE]: Incorrect key Ender Guardian.EnderGuardianDamageCap was corrected from null to its default, 22. 
[08Apr2025 21:43:54.185] [main/WARN] [net.minecraftforge.common.ForgeConfigSpec/CORE]: Incorrect key Ender Guardian.EnderguardianBlockBreaking was corrected from null to its default, true. 
[08Apr2025 21:43:54.186] [main/WARN] [net.minecraftforge.common.ForgeConfigSpec/CORE]: Incorrect key Ender Guardian.Guardian's prevent attacks from far away Range was corrected from null to its default, 12.0. 
[08Apr2025 21:43:54.187] [main/WARN] [net.minecraftforge.common.ForgeConfigSpec/CORE]: Incorrect key Ender Guardian.Guardian's gravity Punch Hp Damage was corrected from null to its default, 0.05. 
[08Apr2025 21:43:54.188] [main/WARN] [net.minecraftforge.common.ForgeConfigSpec/CORE]: Incorrect key Ender Guardian.Guardian's Teleport attack Hp Damage was corrected from null to its default, 0.05. 
[08Apr2025 21:43:54.188] [main/WARN] [net.minecraftforge.common.ForgeConfigSpec/CORE]: Incorrect key Ender Guardian.Guardian's knockback Hp Damage was corrected from null to its default, 0.06. 
[08Apr2025 21:43:54.188] [main/WARN] [net.minecraftforge.common.ForgeConfigSpec/CORE]: Incorrect key Ender Guardian.Guardian's Uppercut Hp Damage was corrected from null to its default, 0.1. 
[08Apr2025 21:43:54.189] [main/WARN] [net.minecraftforge.common.ForgeConfigSpec/CORE]: Incorrect key Ender Guardian.Guardian's RocketPunch Hp Damage was corrected from null to its default, 0.1. 
[08Apr2025 21:43:54.189] [main/WARN] [net.minecraftforge.common.ForgeConfigSpec/CORE]: Incorrect key Ender Guardian.Guardian's area attack Hp Damage was corrected from null to its default, 0.08. 
[08Apr2025 21:43:54.189] [main/WARN] [net.minecraftforge.common.ForgeConfigSpec/CORE]: Incorrect key Ender Guardian.EnderGuardianBlockBreaking X was corrected from null to its default, 15. 
[08Apr2025 21:43:54.190] [main/WARN] [net.minecraftforge.common.ForgeConfigSpec/CORE]: Incorrect key Ender Guardian.EnderGuardianBlockBreaking Y was corrected from null to its default, 2. 
[08Apr2025 21:43:54.190] [main/WARN] [net.minecraftforge.common.ForgeConfigSpec/CORE]: Incorrect key Ender Guardian.EnderGuardianBlockBreaking Z was corrected from null to its default, 15. 
[08Apr2025 21:43:54.191] [main/WARN] [net.minecraftforge.common.ForgeConfigSpec/CORE]: Incorrect key Netherite Monstrosity was corrected from null to its default, SimpleCommentedConfig:{}. 
[08Apr2025 21:43:54.191] [main/WARN] [net.minecraftforge.common.ForgeConfigSpec/CORE]: Incorrect key Netherite Monstrosity.LavabombMagazine was corrected from null to its default, 3. 
[08Apr2025 21:43:54.192] [main/WARN] [net.minecraftforge.common.ForgeConfigSpec/CORE]: Incorrect key Netherite Monstrosity.Lavabombamount was corrected from null to its default, 3. 
[08Apr2025 21:43:54.192] [main/WARN] [net.minecraftforge.common.ForgeConfigSpec/CORE]: Incorrect key Netherite Monstrosity.MonstrosityHealthMultiplier was corrected from null to its default, 1.0. 
[08Apr2025 21:43:54.194] [main/WARN] [net.minecraftforge.common.ForgeConfigSpec/CORE]: Incorrect key Netherite Monstrosity.MonstrosityDamageMultiplier was corrected from null to its default, 1.0. 
[08Apr2025 21:43:54.194] [main/WARN] [net.minecraftforge.common.ForgeConfigSpec/CORE]: Incorrect key Netherite Monstrosity.MonstrosityHealingMultiplier was corrected from null to its default, 1.0. 
[08Apr2025 21:43:54.194] [main/WARN] [net.minecraftforge.common.ForgeConfigSpec/CORE]: Incorrect key Netherite Monstrosity.MonstrosityDamageCap was corrected from null to its default, 22. 
[08Apr2025 21:43:54.195] [main/WARN] [net.minecraftforge.common.ForgeConfigSpec/CORE]: Incorrect key Netherite Monstrosity.NetheritemonstrosityBodyBloking was corrected from null to its default, true. 
[08Apr2025 21:43:54.195] [main/WARN] [net.minecraftforge.common.ForgeConfigSpec/CORE]: Incorrect key Netherite Monstrosity.Monstrosity's attack Hp Damage was corrected from null to its default, 0.08. 
[08Apr2025 21:43:54.195] [main/WARN] [net.minecraftforge.common.ForgeConfigSpec/CORE]: Incorrect key Netherite Monstrosity.Monstrosity's prevent attacks from far away Range was corrected from null to its default, 18.0. 
[08Apr2025 21:43:54.196] [main/WARN] [net.minecraftforge.common.ForgeConfigSpec/CORE]: Incorrect key Ender Golem was corrected from null to its default, SimpleCommentedConfig:{}. 
[08Apr2025 21:43:54.196] [main/WARN] [net.minecraftforge.common.ForgeConfigSpec/CORE]: Incorrect key Ender Golem.EndergolemBlockBreaking was corrected from null to its default, false. 
[08Apr2025 21:43:54.196] [main/WARN] [net.minecraftforge.common.ForgeConfigSpec/CORE]: Incorrect key Ender Golem.Endergolem's prevent attacks from far away Range was corrected from null to its default, 6.0. 
[08Apr2025 21:43:54.197] [main/WARN] [net.minecraftforge.common.ForgeConfigSpec/CORE]: Incorrect key Ender Golem.GolemHealthMultiplier was corrected from null to its default, 1.0. 
[08Apr2025 21:43:54.197] [main/WARN] [net.minecraftforge.common.ForgeConfigSpec/CORE]: Incorrect key Ender Golem.GolemDamageMultiplier was corrected from null to its default, 1.0. 
[08Apr2025 21:43:54.198] [main/WARN] [net.minecraftforge.common.ForgeConfigSpec/CORE]: Incorrect key Ignis was corrected from null to its default, SimpleCommentedConfig:{}. 
[08Apr2025 21:43:54.198] [main/WARN] [net.minecraftforge.common.ForgeConfigSpec/CORE]: Incorrect key Ignis.IgnisHealthMultiplier was corrected from null to its default, 1.0. 
[08Apr2025 21:43:54.198] [main/WARN] [net.minecraftforge.common.ForgeConfigSpec/CORE]: Incorrect key Ignis.IgnisDamageMultiplier was corrected from null to its default, 1.0. 
[08Apr2025 21:43:54.199] [main/WARN] [net.minecraftforge.common.ForgeConfigSpec/CORE]: Incorrect key Ignis.IgnisHealingMultiplier was corrected from null to its default, 1.0. 
[08Apr2025 21:43:54.199] [main/WARN] [net.minecraftforge.common.ForgeConfigSpec/CORE]: Incorrect key Ignis.Ignis's prevent attacks from far away Range was corrected from null to its default, 15.0. 
[08Apr2025 21:43:54.199] [main/WARN] [net.minecraftforge.common.ForgeConfigSpec/CORE]: Incorrect key Ignis.IgnisDamageCap was corrected from null to its default, 20. 
[08Apr2025 21:43:54.199] [main/WARN] [net.minecraftforge.common.ForgeConfigSpec/CORE]: Incorrect key Ignis.IgnisBlockBreaking was corrected from null to its default, true. 
[08Apr2025 21:43:54.200] [main/WARN] [net.minecraftforge.common.ForgeConfigSpec/CORE]: Incorrect key revenant was corrected from null to its default, SimpleCommentedConfig:{}. 
[08Apr2025 21:43:54.200] [main/WARN] [net.minecraftforge.common.ForgeConfigSpec/CORE]: Incorrect key revenant.RevenantHealthMultiplier was corrected from null to its default, 1.0. 
[08Apr2025 21:43:54.200] [main/WARN] [net.minecraftforge.common.ForgeConfigSpec/CORE]: Incorrect key revenant.RevenantDamageMultiplier was corrected from null to its default, 1.0. 
[08Apr2025 21:43:54.201] [main/WARN] [net.minecraftforge.common.ForgeConfigSpec/CORE]: Incorrect key The Prowler was corrected from null to its default, SimpleCommentedConfig:{}. 
[08Apr2025 21:43:54.201] [main/WARN] [net.minecraftforge.common.ForgeConfigSpec/CORE]: Incorrect key The Prowler.The Prowler's prevent attacks from far away Range was corrected from null to its default, 16.0. 
[08Apr2025 21:43:54.201] [main/WARN] [net.minecraftforge.common.ForgeConfigSpec/CORE]: Incorrect key The Prowler.ProwlerHealthMultiplier was corrected from null to its default, 1.0. 
[08Apr2025 21:43:54.201] [main/WARN] [net.minecraftforge.common.ForgeConfigSpec/CORE]: Incorrect key The Prowler.ProwlerDamageMultiplier was corrected from null to its default, 1.0. 
[08Apr2025 21:43:54.202] [main/WARN] [net.minecraftforge.common.ForgeConfigSpec/CORE]: Incorrect key The Harbinger was corrected from null to its default, SimpleCommentedConfig:{}. 
[08Apr2025 21:43:54.202] [main/WARN] [net.minecraftforge.common.ForgeConfigSpec/CORE]: Incorrect key The Harbinger.HarbingerHealthMultiplier was corrected from null to its default, 1.0. 
[08Apr2025 21:43:54.202] [main/WARN] [net.minecraftforge.common.ForgeConfigSpec/CORE]: Incorrect key The Harbinger.HarbingerDamageMultiplier was corrected from null to its default, 1.0. 
[08Apr2025 21:43:54.202] [main/WARN] [net.minecraftforge.common.ForgeConfigSpec/CORE]: Incorrect key The Harbinger.HarbingerHealingMultiplier was corrected from null to its default, 1.0. 
[08Apr2025 21:43:54.202] [main/WARN] [net.minecraftforge.common.ForgeConfigSpec/CORE]: Incorrect key The Harbinger.Harbinger's WitherMissiledamage was corrected from null to its default, 8.0. 
[08Apr2025 21:43:54.202] [main/WARN] [net.minecraftforge.common.ForgeConfigSpec/CORE]: Incorrect key The Harbinger.The Harbinger's prevent attacks from far away Range was corrected from null to its default, 35.0. 
[08Apr2025 21:43:54.202] [main/WARN] [net.minecraftforge.common.ForgeConfigSpec/CORE]: Incorrect key The Harbinger.The Harbinger DamageCap was corrected from null to its default, 22. 
[08Apr2025 21:43:54.202] [main/WARN] [net.minecraftforge.common.ForgeConfigSpec/CORE]: Incorrect key The Harbinger.The Harbinger Light A Fire was corrected from null to its default, true. 
[08Apr2025 21:43:54.202] [main/WARN] [net.minecraftforge.common.ForgeConfigSpec/CORE]: Incorrect key The Harbinger.The Harbinger's charge attack Hp Damage was corrected from null to its default, 0.06. 
[08Apr2025 21:43:54.203] [main/WARN] [net.minecraftforge.common.ForgeConfigSpec/CORE]: Incorrect key The Leviathan was corrected from null to its default, SimpleCommentedConfig:{}. 
[08Apr2025 21:43:54.203] [main/WARN] [net.minecraftforge.common.ForgeConfigSpec/CORE]: Incorrect key The Leviathan.LeviathanHealthMultiplier was corrected from null to its default, 1.0. 
[08Apr2025 21:43:54.203] [main/WARN] [net.minecraftforge.common.ForgeConfigSpec/CORE]: Incorrect key The Leviathan.LeviathanDamageMultiplier was corrected from null to its default, 1.0. 
[08Apr2025 21:43:54.203] [main/WARN] [net.minecraftforge.common.ForgeConfigSpec/CORE]: Incorrect key The Leviathan.Leviathan's prevent attacks from far away Range was corrected from null to its default, 38.0. 
[08Apr2025 21:43:54.203] [main/WARN] [net.minecraftforge.common.ForgeConfigSpec/CORE]: Incorrect key The Leviathan.Leviathan's Bite Hp Damage was corrected from null to its default, 0.1. 
[08Apr2025 21:43:54.203] [main/WARN] [net.minecraftforge.common.ForgeConfigSpec/CORE]: Incorrect key The Leviathan.Leviathan's Rush Hp Damage was corrected from null to its default, 0.05. 
[08Apr2025 21:43:54.203] [main/WARN] [net.minecraftforge.common.ForgeConfigSpec/CORE]: Incorrect key The Leviathan.Leviathan's TailSwing Hp Damage was corrected from null to its default, 0.08. 
[08Apr2025 21:43:54.203] [main/WARN] [net.minecraftforge.common.ForgeConfigSpec/CORE]: Incorrect key The Leviathan.Leviathan's Tentacle Hp Damage was corrected from null to its default, 0.03. 
[08Apr2025 21:43:54.203] [main/WARN] [net.minecraftforge.common.ForgeConfigSpec/CORE]: Incorrect key The Leviathan.LeviathanDamageCap was corrected from null to its default, 20. 
[08Apr2025 21:43:54.203] [main/WARN] [net.minecraftforge.common.ForgeConfigSpec/CORE]: Incorrect key The Leviathan.LeviathanBlockBreaking was corrected from null to its default, true. 
[08Apr2025 21:43:54.204] [main/WARN] [net.minecraftforge.common.ForgeConfigSpec/CORE]: Incorrect key The Leviathan.LeviathanImmuneOutofWater was corrected from null to its default, true. 
[08Apr2025 21:43:54.204] [main/WARN] [net.minecraftforge.common.ForgeConfigSpec/CORE]: Incorrect key The Baby Leviathan was corrected from null to its default, SimpleCommentedConfig:{}. 
[08Apr2025 21:43:54.204] [main/WARN] [net.minecraftforge.common.ForgeConfigSpec/CORE]: Incorrect key The Baby Leviathan.BabyLeviathanHealthMultiplier was corrected from null to its default, 1.0. 
[08Apr2025 21:43:54.204] [main/WARN] [net.minecraftforge.common.ForgeConfigSpec/CORE]: Incorrect key The Baby Leviathan.BabyLeviathanDamageMultiplier was corrected from null to its default, 1.0. 
[08Apr2025 21:43:54.205] [main/WARN] [net.minecraftforge.common.ForgeConfigSpec/CORE]: Incorrect key Modern Remnant was corrected from null to its default, SimpleCommentedConfig:{}. 
[08Apr2025 21:43:54.205] [main/WARN] [net.minecraftforge.common.ForgeConfigSpec/CORE]: Incorrect key Modern Remnant.ModernRemnantHealthMultiplier was corrected from null to its default, 1.0. 
[08Apr2025 21:43:54.205] [main/WARN] [net.minecraftforge.common.ForgeConfigSpec/CORE]: Incorrect key Modern Remnant.ModernRemnantDamageMultiplier was corrected from null to its default, 1.0. 
[08Apr2025 21:43:54.205] [main/WARN] [net.minecraftforge.common.ForgeConfigSpec/CORE]: Incorrect key Amethyst Crab was corrected from null to its default, SimpleCommentedConfig:{}. 
[08Apr2025 21:43:54.206] [main/WARN] [net.minecraftforge.common.ForgeConfigSpec/CORE]: Incorrect key Amethyst Crab.AmethystCrabHealthMultiplier was corrected from null to its default, 1.0. 
[08Apr2025 21:43:54.206] [main/WARN] [net.minecraftforge.common.ForgeConfigSpec/CORE]: Incorrect key Amethyst Crab.AmethystCrabDamageMultiplier was corrected from null to its default, 1.0. 
[08Apr2025 21:43:54.206] [main/WARN] [net.minecraftforge.common.ForgeConfigSpec/CORE]: Incorrect key Ancient Remnant was corrected from null to its default, SimpleCommentedConfig:{}. 
[08Apr2025 21:43:54.206] [main/WARN] [net.minecraftforge.common.ForgeConfigSpec/CORE]: Incorrect key Ancient Remnant.AncientRemnantHealthMultiplier was corrected from null to its default, 1.0. 
[08Apr2025 21:43:54.206] [main/WARN] [net.minecraftforge.common.ForgeConfigSpec/CORE]: Incorrect key Ancient Remnant.AncientRemnantDamageMultiplier was corrected from null to its default, 1.0. 
[08Apr2025 21:43:54.207] [main/WARN] [net.minecraftforge.common.ForgeConfigSpec/CORE]: Incorrect key Ancient Remnant.Ancient Remnant's prevent attacks from far away Range was corrected from null to its default, 15.0. 
[08Apr2025 21:43:54.207] [main/WARN] [net.minecraftforge.common.ForgeConfigSpec/CORE]: Incorrect key Ancient Remnant.AncientRemnantCap was corrected from null to its default, 21. 
[08Apr2025 21:43:54.207] [main/WARN] [net.minecraftforge.common.ForgeConfigSpec/CORE]: Incorrect key Ancient Remnant.AncientRemnantBlockBreaking was corrected from null to its default, true. 
[08Apr2025 21:43:54.207] [main/WARN] [net.minecraftforge.common.ForgeConfigSpec/CORE]: Incorrect key Ancient Remnant.Remnant's Charge Hp Damage was corrected from null to its default, 0.07. 
[08Apr2025 21:43:54.207] [main/WARN] [net.minecraftforge.common.ForgeConfigSpec/CORE]: Incorrect key Ancient Remnant.Remnant's Normal attack Hp Damage was corrected from null to its default, 0.05. 
[08Apr2025 21:43:54.207] [main/WARN] [net.minecraftforge.common.ForgeConfigSpec/CORE]: Incorrect key Ancient Remnant.Remnant's Stomp Hp Damage was corrected from null to its default, 0.03. 
[08Apr2025 21:43:54.208] [main/WARN] [net.minecraftforge.common.ForgeConfigSpec/CORE]: Incorrect key Koboleton was corrected from null to its default, SimpleCommentedConfig:{}. 
[08Apr2025 21:43:54.208] [main/WARN] [net.minecraftforge.common.ForgeConfigSpec/CORE]: Incorrect key Koboleton.CauseKoboletontoDropItemInHandPercent was corrected from null to its default, 5.0. 
[08Apr2025 21:43:54.209] [main/WARN] [net.minecraftforge.common.ForgeConfigSpec/CORE]: Incorrect key spawning was corrected from null to its default, SimpleCommentedConfig:{}. 
[08Apr2025 21:43:54.209] [main/WARN] [net.minecraftforge.common.ForgeConfigSpec/CORE]: Incorrect key spawning.DeeplingSpawnWeight was corrected from null to its default, 2. 
[08Apr2025 21:43:54.209] [main/WARN] [net.minecraftforge.common.ForgeConfigSpec/CORE]: Incorrect key spawning.DeeplingSpawnRolls was corrected from null to its default, 30. 
[08Apr2025 21:43:54.209] [main/WARN] [net.minecraftforge.common.ForgeConfigSpec/CORE]: Incorrect key spawning.DeeplingBruteSpawnWeight was corrected from null to its default, 1. 
[08Apr2025 21:43:54.210] [main/WARN] [net.minecraftforge.common.ForgeConfigSpec/CORE]: Incorrect key spawning.DeeplingBruteSpawnRolls was corrected from null to its default, 50. 
[08Apr2025 21:43:54.210] [main/WARN] [net.minecraftforge.common.ForgeConfigSpec/CORE]: Incorrect key spawning.DeeplingAnglerSpawnWeight was corrected from null to its default, 2. 
[08Apr2025 21:43:54.210] [main/WARN] [net.minecraftforge.common.ForgeConfigSpec/CORE]: Incorrect key spawning.DeeplingAnglerSpawnRolls was corrected from null to its default, 30. 
[08Apr2025 21:43:54.210] [main/WARN] [net.minecraftforge.common.ForgeConfigSpec/CORE]: Incorrect key spawning.AmethystCrabSpawnWeight was corrected from null to its default, 1. 
[08Apr2025 21:43:54.210] [main/WARN] [net.minecraftforge.common.ForgeConfigSpec/CORE]: Incorrect key spawning.AmethystCrabSpawnRolls was corrected from null to its default, 100. 
[08Apr2025 21:43:54.210] [main/WARN] [net.minecraftforge.common.ForgeConfigSpec/CORE]: Incorrect key spawning.KoboletonSpawnWeight was corrected from null to its default, 2. 
[08Apr2025 21:43:54.210] [main/WARN] [net.minecraftforge.common.ForgeConfigSpec/CORE]: Incorrect key spawning.KoboletonSpawnRolls was corrected from null to its default, 30. 
[08Apr2025 21:43:54.216] [main/WARN] [net.minecraftforge.common.ForgeConfigSpec/CORE]: Configuration file /workspaces/PlanetQu/servidor_minecraft/config/curios-common.toml is not correct. Correcting
[08Apr2025 21:43:54.216] [main/WARN] [net.minecraftforge.common.ForgeConfigSpec/CORE]: Incorrect key slots was corrected from null to its default, []. 
[08Apr2025 21:43:54.217] [main/WARN] [net.minecraftforge.common.ForgeConfigSpec/CORE]: Configuration file /workspaces/PlanetQu/servidor_minecraft/config/betterstrongholds-forge-1_20.toml is not correct. Correcting
[08Apr2025 21:43:54.217] [main/WARN] [net.minecraftforge.common.ForgeConfigSpec/CORE]: Incorrect key YUNG's Better Strongholds was corrected from null to its default, SimpleCommentedConfig:{}. 
[08Apr2025 21:43:54.218] [main/WARN] [net.minecraftforge.common.ForgeConfigSpec/CORE]: Incorrect key YUNG's Better Strongholds.General was corrected from null to its default, SimpleCommentedConfig:{}. 
[08Apr2025 21:43:54.218] [main/WARN] [net.minecraftforge.common.ForgeConfigSpec/CORE]: Incorrect key YUNG's Better Strongholds.General.Cobweb Spawn Rate (NORMAL) was corrected from null to its default, 0.1. 
[08Apr2025 21:43:54.218] [main/WARN] [net.minecraftforge.common.ForgeConfigSpec/CORE]: Incorrect key YUNG's Better Strongholds.General.Cobweb Spawn Rate (SPAWNER) was corrected from null to its default, 0.3. 
[08Apr2025 21:43:54.218] [main/WARN] [net.minecraftforge.common.ForgeConfigSpec/CORE]: Incorrect key YUNG's Better Strongholds.General.Torch Spawn Rate was corrected from null to its default, 0.1. 
[08Apr2025 21:43:54.218] [main/WARN] [net.minecraftforge.common.ForgeConfigSpec/CORE]: Incorrect key YUNG's Better Strongholds.General.Lantern Spawn Rate was corrected from null to its default, 0.2. 
[08Apr2025 21:43:54.220] [main/WARN] [net.minecraftforge.common.ForgeConfigSpec/CORE]: Configuration file /workspaces/PlanetQu/servidor_minecraft/config/tombstone-common.toml is not correct. Correcting
[08Apr2025 21:43:54.220] [main/WARN] [net.minecraftforge.common.ForgeConfigSpec/CORE]: Incorrect key player_death was corrected from null to its default, SimpleCommentedConfig:{}. 
[08Apr2025 21:43:54.220] [main/WARN] [net.minecraftforge.common.ForgeConfigSpec/CORE]: Incorrect key player_death.pvp_unlock_grave was corrected from null to its default, true. 
[08Apr2025 21:43:54.220] [main/WARN] [net.minecraftforge.common.ForgeConfigSpec/CORE]: Incorrect key player_death.restore_effects_on_death was corrected from null to its default, false. 
[08Apr2025 21:43:54.220] [main/WARN] [net.minecraftforge.common.ForgeConfigSpec/CORE]: Incorrect key player_death.loss_on_death_only_for_abandoned_grave was corrected from null to its default, true. 
[08Apr2025 21:43:54.220] [main/WARN] [net.minecraftforge.common.ForgeConfigSpec/CORE]: Incorrect key player_death.loss_on_death_only_for_stackable_items was corrected from null to its default, true. 
[08Apr2025 21:43:54.221] [main/WARN] [net.minecraftforge.common.ForgeConfigSpec/CORE]: Incorrect key player_death.prevent_death_outside_world_border was corrected from null to its default, true. 
[08Apr2025 21:43:54.221] [main/WARN] [net.minecraftforge.common.ForgeConfigSpec/CORE]: Incorrect key player_death.prevent_death_outside_build_height was corrected from null to its default, false. 
[08Apr2025 21:43:54.221] [main/WARN] [net.minecraftforge.common.ForgeConfigSpec/CORE]: Incorrect key player_death.allow_to_fill_existing_grave was corrected from null to its default, true. 
[08Apr2025 21:43:54.221] [main/WARN] [net.minecraftforge.common.ForgeConfigSpec/CORE]: Incorrect key player_death.nerf_ghostly_shape_teleport_with_key was corrected from null to its default, true. 
[08Apr2025 21:43:54.221] [main/WARN] [net.minecraftforge.common.ForgeConfigSpec/CORE]: Incorrect key player_death.nerf_ghostly_shape_enemy_collision was corrected from null to its default, true. 
[08Apr2025 21:43:54.221] [main/WARN] [net.minecraftforge.common.ForgeConfigSpec/CORE]: Incorrect key player_death.nerf_ghostly_shape_open_chest was corrected from null to its default, true. 
[08Apr2025 21:43:54.221] [main/WARN] [net.minecraftforge.common.ForgeConfigSpec/CORE]: Incorrect key player_death.nerf_ghostly_shape_break_block was corrected from null to its default, true. 
[08Apr2025 21:43:54.221] [main/WARN] [net.minecraftforge.common.ForgeConfigSpec/CORE]: Incorrect key player_death.sniffer_range was corrected from null to its default, 5. 
[08Apr2025 21:43:54.221] [main/WARN] [net.minecraftforge.common.ForgeConfigSpec/CORE]: Incorrect key player_death.chance_mob_on_grave_recovery was corrected from null to its default, 0. 
[08Apr2025 21:43:54.221] [main/WARN] [net.minecraftforge.common.ForgeConfigSpec/CORE]: Incorrect key player_death.pvp_stolen_xp was corrected from null to its default, 30. 
[08Apr2025 21:43:54.221] [main/WARN] [net.minecraftforge.common.ForgeConfigSpec/CORE]: Incorrect key player_death.knowledge_loss was corrected from null to its default, 0. 
[08Apr2025 21:43:54.221] [main/WARN] [net.minecraftforge.common.ForgeConfigSpec/CORE]: Incorrect key player_death.chance_loss_on_death was corrected from null to its default, 0. 
[08Apr2025 21:43:54.222] [main/WARN] [net.minecraftforge.common.ForgeConfigSpec/CORE]: Incorrect key player_death.percent_loss_on_death was corrected from null to its default, 0. 
[08Apr2025 21:43:54.222] [main/WARN] [net.minecraftforge.common.ForgeConfigSpec/CORE]: Incorrect key player_death.no_grave_location was corrected from null to its default, [0, -300, 0, minecraft:overworld, 20]. 
[08Apr2025 21:43:54.222] [main/WARN] [net.minecraftforge.common.ForgeConfigSpec/CORE]: Incorrect key alignment was corrected from null to its default, SimpleCommentedConfig:{}. 
[08Apr2025 21:43:54.222] [main/WARN] [net.minecraftforge.common.ForgeConfigSpec/CORE]: Incorrect key alignment.points_free_soul_receptacle was corrected from null to its default, 10. 
[08Apr2025 21:43:54.223] [main/WARN] [net.minecraftforge.common.ForgeConfigSpec/CORE]: Incorrect key alignment.points_plunder_player_grave was corrected from null to its default, -2. 
[08Apr2025 21:43:54.223] [main/WARN] [net.minecraftforge.common.ForgeConfigSpec/CORE]: Incorrect key alignment.points_exorcism_zombie_villager was corrected from null to its default, 3. 
[08Apr2025 21:43:54.223] [main/WARN] [net.minecraftforge.common.ForgeConfigSpec/CORE]: Incorrect key alignment.points_kill_villager was corrected from null to its default, -3. 
[08Apr2025 21:43:54.223] [main/WARN] [net.minecraftforge.common.ForgeConfigSpec/CORE]: Incorrect key alignment.points_kill_raider was corrected from null to its default, 1. 
[08Apr2025 21:43:54.223] [main/WARN] [net.minecraftforge.common.ForgeConfigSpec/CORE]: Incorrect key alignment.points_tablet_of_cupidity was corrected from null to its default, -2. 
[08Apr2025 21:43:54.223] [main/WARN] [net.minecraftforge.common.ForgeConfigSpec/CORE]: Incorrect key alignment.points_pray_of_protection was corrected from null to its default, 2. 
[08Apr2025 21:43:54.225] [main/WARN] [net.minecraftforge.common.ForgeConfigSpec/CORE]: Incorrect key general was corrected from null to its default, SimpleCommentedConfig:{}. 
[08Apr2025 21:43:54.225] [main/WARN] [net.minecraftforge.common.ForgeConfigSpec/CORE]: Incorrect key general.teleport_dim was corrected from null to its default, true. 
[08Apr2025 21:43:54.226] [main/WARN] [net.minecraftforge.common.ForgeConfigSpec/CORE]: Incorrect key general.knowledge_reduce_phantom_spawn was corrected from null to its default, true. 
[08Apr2025 21:43:54.226] [main/WARN] [net.minecraftforge.common.ForgeConfigSpec/CORE]: Incorrect key general.allow_beyond_the_grave_damage was corrected from null to its default, true. 
[08Apr2025 21:43:54.226] [main/WARN] [net.minecraftforge.common.ForgeConfigSpec/CORE]: Incorrect key general.time_for_phantom_spawn was corrected from null to its default, 72000. 
[08Apr2025 21:43:54.226] [main/WARN] [net.minecraftforge.common.ForgeConfigSpec/CORE]: Incorrect key general.cooldown_request_teleport was corrected from null to its default, -1. 
[08Apr2025 21:43:54.226] [main/WARN] [net.minecraftforge.common.ForgeConfigSpec/CORE]: Incorrect key general.cooldown_teleport_death was corrected from null to its default, -1. 
[08Apr2025 21:43:54.226] [main/WARN] [net.minecraftforge.common.ForgeConfigSpec/CORE]: Incorrect key general.cooldown_teleport_bind was corrected from null to its default, -1. 
[08Apr2025 21:43:54.226] [main/WARN] [net.minecraftforge.common.ForgeConfigSpec/CORE]: Incorrect key general.unhandled_beneficial_effects was corrected from null to its default, [astralsorcery:potiontimefreeze]. 
[08Apr2025 21:43:54.226] [main/WARN] [net.minecraftforge.common.ForgeConfigSpec/CORE]: Incorrect key general.unhandled_harmful_effects was corrected from null to its default, [minecraft:nausea]. 
[08Apr2025 21:43:54.227] [main/WARN] [net.minecraftforge.common.ForgeConfigSpec/CORE]: Incorrect key village_siege was corrected from null to its default, SimpleCommentedConfig:{}. 
[08Apr2025 21:43:54.227] [main/WARN] [net.minecraftforge.common.ForgeConfigSpec/CORE]: Incorrect key village_siege.handle_village_siege was corrected from null to its default, true. 
[08Apr2025 21:43:54.227] [main/WARN] [net.minecraftforge.common.ForgeConfigSpec/CORE]: Incorrect key village_siege.log_siege_state was corrected from null to its default, false. 
[08Apr2025 21:43:54.227] [main/WARN] [net.minecraftforge.common.ForgeConfigSpec/CORE]: Incorrect key village_siege.glowing_creature_test was corrected from null to its default, false. 
[08Apr2025 21:43:54.227] [main/WARN] [net.minecraftforge.common.ForgeConfigSpec/CORE]: Incorrect key village_siege.allow_creative_players_for_siege was corrected from null to its default, true. 
[08Apr2025 21:43:54.228] [main/WARN] [net.minecraftforge.common.ForgeConfigSpec/CORE]: Incorrect key village_siege.undead_wear_helm_in_siege was corrected from null to its default, false. 
[08Apr2025 21:43:54.228] [main/WARN] [net.minecraftforge.common.ForgeConfigSpec/CORE]: Incorrect key village_siege.persistent_mob_in_siege was corrected from null to its default, false. 
[08Apr2025 21:43:54.228] [main/WARN] [net.minecraftforge.common.ForgeConfigSpec/CORE]: Incorrect key village_siege.shuffle_players_for_siege was corrected from null to its default, true. 
[08Apr2025 21:43:54.228] [main/WARN] [net.minecraftforge.common.ForgeConfigSpec/CORE]: Incorrect key village_siege.siege_chance was corrected from null to its default, 10. 
[08Apr2025 21:43:54.228] [main/WARN] [net.minecraftforge.common.ForgeConfigSpec/CORE]: Incorrect key village_siege.siege_max_creature was corrected from null to its default, 20. 
[08Apr2025 21:43:54.228] [main/WARN] [net.minecraftforge.common.ForgeConfigSpec/CORE]: Incorrect key village_siege.delay_siege_test was corrected from null to its default, 200. 
[08Apr2025 21:43:54.229] [main/WARN] [net.minecraftforge.common.ForgeConfigSpec/CORE]: Incorrect key magic_item was corrected from null to its default, SimpleCommentedConfig:{}. 
[08Apr2025 21:43:54.229] [main/WARN] [net.minecraftforge.common.ForgeConfigSpec/CORE]: Incorrect key magic_item.can_recycle_damaged_item was corrected from null to its default, true. 
[08Apr2025 21:43:54.229] [main/WARN] [net.minecraftforge.common.ForgeConfigSpec/CORE]: Incorrect key magic_item.denied_item_to_recycle was corrected from null to its default, []. 
[08Apr2025 21:43:54.229] [main/WARN] [net.minecraftforge.common.ForgeConfigSpec/CORE]: Incorrect key magic_item.can_disenchant_enchanted_book was corrected from null to its default, false. 
[08Apr2025 21:43:54.230] [main/WARN] [net.minecraftforge.common.ForgeConfigSpec/CORE]: Incorrect key magic_item.lost_tablet_search_outside_world was corrected from null to its default, true. 
[08Apr2025 21:43:54.230] [main/WARN] [net.minecraftforge.common.ForgeConfigSpec/CORE]: Incorrect key magic_item.lost_tablet_modded_structure was corrected from null to its default, true. 
[08Apr2025 21:43:54.230] [main/WARN] [net.minecraftforge.common.ForgeConfigSpec/CORE]: Incorrect key magic_item.lost_tablet_denied_structures was corrected from null to its default, []. 
[08Apr2025 21:43:54.230] [main/WARN] [net.minecraftforge.common.ForgeConfigSpec/CORE]: Incorrect key magic_item.lost_tablet_denied_worlds was corrected from null to its default, []. 
[08Apr2025 21:43:54.230] [main/WARN] [net.minecraftforge.common.ForgeConfigSpec/CORE]: Incorrect key magic_item.duration_voodoo_poppet_effects was corrected from null to its default, 60. 
[08Apr2025 21:43:54.231] [main/WARN] [net.minecraftforge.common.ForgeConfigSpec/CORE]: Incorrect key decorative_grave was corrected from null to its default, SimpleCommentedConfig:{}. 
[08Apr2025 21:43:54.231] [main/WARN] [net.minecraftforge.common.ForgeConfigSpec/CORE]: Incorrect key decorative_grave.can_replace_grave_plate was corrected from null to its default, true. 
[08Apr2025 21:43:54.231] [main/WARN] [net.minecraftforge.common.ForgeConfigSpec/CORE]: Incorrect key decorative_grave.allow_grave_gardian was corrected from null to its default, true. 
[08Apr2025 21:43:54.231] [main/WARN] [net.minecraftforge.common.ForgeConfigSpec/CORE]: Incorrect key decorative_grave.distance_between_grave_guardian was corrected from null to its default, 100. 
[08Apr2025 21:43:54.231] [main/WARN] [net.minecraftforge.common.ForgeConfigSpec/CORE]: Incorrect key decorative_grave.restock_time_grave_guardian was corrected from null to its default, 60. 
[08Apr2025 21:43:54.231] [main/WARN] [net.minecraftforge.common.ForgeConfigSpec/CORE]: Incorrect key decorative_grave.time_soul was corrected from null to its default, 30. 
[08Apr2025 21:43:54.231] [main/WARN] [net.minecraftforge.common.ForgeConfigSpec/CORE]: Incorrect key decorative_grave.chance_soul was corrected from null to its default, 100. 
[08Apr2025 21:43:54.232] [main/WARN] [net.minecraftforge.common.ForgeConfigSpec/CORE]: Incorrect key decorative_grave.chance_pray_reward was corrected from null to its default, 30. 
[08Apr2025 21:43:54.233] [main/WARN] [net.minecraftforge.common.ForgeConfigSpec/CORE]: Incorrect key enchantments was corrected from null to its default, SimpleCommentedConfig:{}. 
[08Apr2025 21:43:54.233] [main/WARN] [net.minecraftforge.common.ForgeConfigSpec/CORE]: Incorrect key enchantments.nerf_plague_bringer was corrected from null to its default, true. 
[08Apr2025 21:43:54.233] [main/WARN] [net.minecraftforge.common.ForgeConfigSpec/CORE]: Incorrect key enchantments.max_duration_magic_siphon was corrected from null to its default, 60. 
[08Apr2025 21:43:54.233] [main/WARN] [net.minecraftforge.common.ForgeConfigSpec/CORE]: Incorrect key enchantments.duration_plague_bringer was corrected from null to its default, 10. 
[08Apr2025 21:43:54.233] [main/WARN] [net.minecraftforge.common.ForgeConfigSpec/CORE]: Incorrect key enchantments.magic_siphon_on_player_rule was corrected from null to its default, ALLOW. 
[08Apr2025 21:43:54.234] [main/WARN] [net.minecraftforge.common.ForgeConfigSpec/CORE]: Incorrect key recovery was corrected from null to its default, SimpleCommentedConfig:{}. 
[08Apr2025 21:43:54.234] [main/WARN] [net.minecraftforge.common.ForgeConfigSpec/CORE]: Incorrect key recovery.recovery_player_enable was corrected from null to its default, true. 
[08Apr2025 21:43:54.234] [main/WARN] [net.minecraftforge.common.ForgeConfigSpec/CORE]: Incorrect key recovery.backup_on_death was corrected from null to its default, true. 
[08Apr2025 21:43:54.235] [main/WARN] [net.minecraftforge.common.ForgeConfigSpec/CORE]: Incorrect key recovery.recovery_player_timer was corrected from null to its default, 19. 
[08Apr2025 21:43:54.235] [main/WARN] [net.minecraftforge.common.ForgeConfigSpec/CORE]: Incorrect key recovery.recovery_player_max_saves was corrected from null to its default, 15. 
[08Apr2025 21:43:54.235] [main/WARN] [net.minecraftforge.common.ForgeConfigSpec/CORE]: Incorrect key recovery.log_auto_backup was corrected from null to its default, false. 
[08Apr2025 21:43:54.236] [main/WARN] [net.minecraftforge.common.ForgeConfigSpec/CORE]: Incorrect key loot was corrected from null to its default, SimpleCommentedConfig:{}. 
[08Apr2025 21:43:54.236] [main/WARN] [net.minecraftforge.common.ForgeConfigSpec/CORE]: Incorrect key loot.max_xp_lost_page was corrected from null to its default, 2000. 
[08Apr2025 21:43:54.236] [main/WARN] [net.minecraftforge.common.ForgeConfigSpec/CORE]: Incorrect key loot.unhandled_tamable_entities was corrected from null to its default, []. 
[08Apr2025 21:43:54.237] [main/WARN] [net.minecraftforge.common.ForgeConfigSpec/CORE]: Incorrect key compatibility was corrected from null to its default, SimpleCommentedConfig:{}. 
[08Apr2025 21:43:54.237] [main/WARN] [net.minecraftforge.common.ForgeConfigSpec/CORE]: Incorrect key compatibility.curio_auto_equip was corrected from null to its default, true. 
[08Apr2025 21:43:54.237] [main/WARN] [net.minecraftforge.common.ForgeConfigSpec/CORE]: Incorrect key compatibility.curio_bundle_support was corrected from null to its default, true. 
[08Apr2025 21:43:54.237] [main/WARN] [net.minecraftforge.common.ForgeConfigSpec/CORE]: Incorrect key compatibility.curio_magic_book_support was corrected from null to its default, true. 
[08Apr2025 21:43:54.237] [main/WARN] [net.minecraftforge.common.ForgeConfigSpec/CORE]: Incorrect key compatibility.keep_cosmetic_armor was corrected from null to its default, true. 
[08Apr2025 21:43:54.237] [main/WARN] [net.minecraftforge.common.ForgeConfigSpec/CORE]: Incorrect key compatibility.preserve_effects_on_return_end_conquered was corrected from null to its default, true. 
[08Apr2025 21:43:54.239] [main/WARN] [net.minecraftforge.common.ForgeConfigSpec/CORE]: Configuration file /workspaces/PlanetQu/servidor_minecraft/config/aiimprovements-common.toml is not correct. Correcting
[08Apr2025 21:43:54.240] [main/WARN] [net.minecraftforge.common.ForgeConfigSpec/CORE]: Incorrect key entity was corrected from null to its default, SimpleCommentedConfig:{}. 
[08Apr2025 21:43:54.240] [main/WARN] [net.minecraftforge.common.ForgeConfigSpec/CORE]: Incorrect key entity.general was corrected from null to its default, SimpleCommentedConfig:{}. 
[08Apr2025 21:43:54.240] [main/WARN] [net.minecraftforge.common.ForgeConfigSpec/CORE]: Incorrect key entity.general.allow_remove_calls was corrected from null to its default, true. 
[08Apr2025 21:43:54.240] [main/WARN] [net.minecraftforge.common.ForgeConfigSpec/CORE]: Incorrect key entity.general.enable_call_bubbling was corrected from null to its default, true. 
[08Apr2025 21:43:54.240] [main/WARN] [net.minecraftforge.common.ForgeConfigSpec/CORE]: Incorrect key entity.mob was corrected from null to its default, SimpleCommentedConfig:{}. 
[08Apr2025 21:43:54.240] [main/WARN] [net.minecraftforge.common.ForgeConfigSpec/CORE]: Incorrect key entity.mob.remove_look_goal was corrected from null to its default, SimpleCommentedConfig:{}. 
[08Apr2025 21:43:54.240] [main/WARN] [net.minecraftforge.common.ForgeConfigSpec/CORE]: Incorrect key entity.mob.remove_look_goal.remove_look_goal was corrected from null to its default, false. 
[08Apr2025 21:43:54.241] [main/WARN] [net.minecraftforge.common.ForgeConfigSpec/CORE]: Incorrect key entity.mob.remove_look_goal.is_allowlist was corrected from null to its default, false. 
[08Apr2025 21:43:54.241] [main/WARN] [net.minecraftforge.common.ForgeConfigSpec/CORE]: Incorrect key entity.mob.remove_look_goal.filter_list was corrected from null to its default, []. 
[08Apr2025 21:43:54.241] [main/WARN] [net.minecraftforge.common.ForgeConfigSpec/CORE]: Incorrect key entity.mob.remove_look_random was corrected from null to its default, SimpleCommentedConfig:{}. 
[08Apr2025 21:43:54.241] [main/WARN] [net.minecraftforge.common.ForgeConfigSpec/CORE]: Incorrect key entity.mob.remove_look_random.remove_look_random was corrected from null to its default, false. 
[08Apr2025 21:43:54.241] [main/WARN] [net.minecraftforge.common.ForgeConfigSpec/CORE]: Incorrect key entity.mob.remove_look_random.is_allowlist was corrected from null to its default, false. 
[08Apr2025 21:43:54.241] [main/WARN] [net.minecraftforge.common.ForgeConfigSpec/CORE]: Incorrect key entity.mob.remove_look_random.filter_list was corrected from null to its default, []. 
[08Apr2025 21:43:54.241] [main/WARN] [net.minecraftforge.common.ForgeConfigSpec/CORE]: Incorrect key entity.mob.replace_look_controller was corrected from null to its default, SimpleCommentedConfig:{}. 
[08Apr2025 21:43:54.241] [main/WARN] [net.minecraftforge.common.ForgeConfigSpec/CORE]: Incorrect key entity.mob.replace_look_controller.replace_look_controller was corrected from null to its default, true. 
[08Apr2025 21:43:54.242] [main/WARN] [net.minecraftforge.common.ForgeConfigSpec/CORE]: Incorrect key entity.mob.replace_look_controller.is_allowlist was corrected from null to its default, false. 
[08Apr2025 21:43:54.242] [main/WARN] [net.minecraftforge.common.ForgeConfigSpec/CORE]: Incorrect key entity.mob.replace_look_controller.filter_list was corrected from null to its default, []. 
[08Apr2025 21:43:54.242] [main/WARN] [net.minecraftforge.common.ForgeConfigSpec/CORE]: Incorrect key entity.fish was corrected from null to its default, SimpleCommentedConfig:{}. 
[08Apr2025 21:43:54.242] [main/WARN] [net.minecraftforge.common.ForgeConfigSpec/CORE]: Incorrect key entity.fish.remove_swim was corrected from null to its default, false. 
[08Apr2025 21:43:54.242] [main/WARN] [net.minecraftforge.common.ForgeConfigSpec/CORE]: Incorrect key entity.fish.remove_panic was corrected from null to its default, false. 
[08Apr2025 21:43:54.243] [main/WARN] [net.minecraftforge.common.ForgeConfigSpec/CORE]: Incorrect key entity.fish.remove_avoid_player was corrected from null to its default, false. 
[08Apr2025 21:43:54.243] [main/WARN] [net.minecraftforge.common.ForgeConfigSpec/CORE]: Incorrect key entity.fish.remove_follow_leader was corrected from null to its default, false. 
[08Apr2025 21:43:54.243] [main/WARN] [net.minecraftforge.common.ForgeConfigSpec/CORE]: Incorrect key entity.fish.remove_puff was corrected from null to its default, false. 
[08Apr2025 21:43:54.243] [main/WARN] [net.minecraftforge.common.ForgeConfigSpec/CORE]: Incorrect key entity.squid was corrected from null to its default, SimpleCommentedConfig:{}. 
[08Apr2025 21:43:54.243] [main/WARN] [net.minecraftforge.common.ForgeConfigSpec/CORE]: Incorrect key entity.squid.remove_flee was corrected from null to its default, false. 
[08Apr2025 21:43:54.243] [main/WARN] [net.minecraftforge.common.ForgeConfigSpec/CORE]: Incorrect key entity.squid.remove_random_move was corrected from null to its default, false. 
[08Apr2025 21:43:54.243] [main/WARN] [net.minecraftforge.common.ForgeConfigSpec/CORE]: Incorrect key entity.cow was corrected from null to its default, SimpleCommentedConfig:{}. 
[08Apr2025 21:43:54.243] [main/WARN] [net.minecraftforge.common.ForgeConfigSpec/CORE]: Incorrect key entity.cow.remove_float was corrected from null to its default, false. 
[08Apr2025 21:43:54.244] [main/WARN] [net.minecraftforge.common.ForgeConfigSpec/CORE]: Incorrect key entity.cow.remove_panic was corrected from null to its default, false. 
[08Apr2025 21:43:54.244] [main/WARN] [net.minecraftforge.common.ForgeConfigSpec/CORE]: Incorrect key entity.cow.remove_breed was corrected from null to its default, false. 
[08Apr2025 21:43:54.244] [main/WARN] [net.minecraftforge.common.ForgeConfigSpec/CORE]: Incorrect key entity.cow.remove_tempt was corrected from null to its default, false. 
[08Apr2025 21:43:54.244] [main/WARN] [net.minecraftforge.common.ForgeConfigSpec/CORE]: Incorrect key entity.cow.remove_follow_parent was corrected from null to its default, false. 
[08Apr2025 21:43:54.244] [main/WARN] [net.minecraftforge.common.ForgeConfigSpec/CORE]: Incorrect key entity.cow.remove_stroll was corrected from null to its default, false. 
[08Apr2025 21:43:54.244] [main/WARN] [net.minecraftforge.common.ForgeConfigSpec/CORE]: Incorrect key entity.chicken was corrected from null to its default, SimpleCommentedConfig:{}. 
[08Apr2025 21:43:54.244] [main/WARN] [net.minecraftforge.common.ForgeConfigSpec/CORE]: Incorrect key entity.chicken.remove_float was corrected from null to its default, false. 
[08Apr2025 21:43:54.244] [main/WARN] [net.minecraftforge.common.ForgeConfigSpec/CORE]: Incorrect key entity.chicken.remove_panic was corrected from null to its default, false. 
[08Apr2025 21:43:54.244] [main/WARN] [net.minecraftforge.common.ForgeConfigSpec/CORE]: Incorrect key entity.chicken.remove_breed was corrected from null to its default, false. 
[08Apr2025 21:43:54.245] [main/WARN] [net.minecraftforge.common.ForgeConfigSpec/CORE]: Incorrect key entity.chicken.remove_tempt was corrected from null to its default, false. 
[08Apr2025 21:43:54.245] [main/WARN] [net.minecraftforge.common.ForgeConfigSpec/CORE]: Incorrect key entity.chicken.remove_follow_parent was corrected from null to its default, false. 
[08Apr2025 21:43:54.245] [main/WARN] [net.minecraftforge.common.ForgeConfigSpec/CORE]: Incorrect key entity.chicken.remove_stroll was corrected from null to its default, false. 
[08Apr2025 21:43:54.245] [main/WARN] [net.minecraftforge.common.ForgeConfigSpec/CORE]: Incorrect key entity.pig was corrected from null to its default, SimpleCommentedConfig:{}. 
[08Apr2025 21:43:54.245] [main/WARN] [net.minecraftforge.common.ForgeConfigSpec/CORE]: Incorrect key entity.pig.remove_float was corrected from null to its default, false. 
[08Apr2025 21:43:54.245] [main/WARN] [net.minecraftforge.common.ForgeConfigSpec/CORE]: Incorrect key entity.pig.remove_panic was corrected from null to its default, false. 
[08Apr2025 21:43:54.245] [main/WARN] [net.minecraftforge.common.ForgeConfigSpec/CORE]: Incorrect key entity.pig.remove_breed was corrected from null to its default, false. 
[08Apr2025 21:43:54.245] [main/WARN] [net.minecraftforge.common.ForgeConfigSpec/CORE]: Incorrect key entity.pig.remove_tempt was corrected from null to its default, false. 
[08Apr2025 21:43:54.246] [main/WARN] [net.minecraftforge.common.ForgeConfigSpec/CORE]: Incorrect key entity.pig.remove_follow_parent was corrected from null to its default, false. 
[08Apr2025 21:43:54.246] [main/WARN] [net.minecraftforge.common.ForgeConfigSpec/CORE]: Incorrect key entity.pig.remove_stroll was corrected from null to its default, false. 
[08Apr2025 21:43:54.246] [main/WARN] [net.minecraftforge.common.ForgeConfigSpec/CORE]: Incorrect key entity.sheep was corrected from null to its default, SimpleCommentedConfig:{}. 
[08Apr2025 21:43:54.246] [main/WARN] [net.minecraftforge.common.ForgeConfigSpec/CORE]: Incorrect key entity.sheep.remove_float was corrected from null to its default, false. 
[08Apr2025 21:43:54.246] [main/WARN] [net.minecraftforge.common.ForgeConfigSpec/CORE]: Incorrect key entity.sheep.remove_panic was corrected from null to its default, false. 
[08Apr2025 21:43:54.246] [main/WARN] [net.minecraftforge.common.ForgeConfigSpec/CORE]: Incorrect key entity.sheep.remove_breed was corrected from null to its default, false. 
[08Apr2025 21:43:54.246] [main/WARN] [net.minecraftforge.common.ForgeConfigSpec/CORE]: Incorrect key entity.sheep.remove_tempt was corrected from null to its default, false. 
[08Apr2025 21:43:54.246] [main/WARN] [net.minecraftforge.common.ForgeConfigSpec/CORE]: Incorrect key entity.sheep.remove_follow_parent was corrected from null to its default, false. 
[08Apr2025 21:43:54.246] [main/WARN] [net.minecraftforge.common.ForgeConfigSpec/CORE]: Incorrect key entity.sheep.remove_stroll was corrected from null to its default, false. 
[08Apr2025 21:43:54.246] [main/WARN] [net.minecraftforge.common.ForgeConfigSpec/CORE]: Incorrect key entity.sheep.remove_eat_block was corrected from null to its default, false. 
[08Apr2025 21:43:54.248] [main/WARN] [net.minecraftforge.common.ForgeConfigSpec/CORE]: Configuration file /workspaces/PlanetQu/servidor_minecraft/config/betterjungletemples-forge-1_20.toml is not correct. Correcting
[08Apr2025 21:43:54.248] [main/WARN] [net.minecraftforge.common.ForgeConfigSpec/CORE]: Incorrect key YUNG's Better Jungle Temples was corrected from null to its default, SimpleCommentedConfig:{}. 
[08Apr2025 21:43:54.248] [main/WARN] [net.minecraftforge.common.ForgeConfigSpec/CORE]: Incorrect key YUNG's Better Jungle Temples.General was corrected from null to its default, SimpleCommentedConfig:{}. 
[08Apr2025 21:43:54.248] [main/WARN] [net.minecraftforge.common.ForgeConfigSpec/CORE]: Incorrect key YUNG's Better Jungle Temples.General.Disable Vanilla Jungle Temples was corrected from null to its default, true. 
[08Apr2025 21:43:54.249] [main/WARN] [net.minecraftforge.common.ForgeConfigSpec/CORE]: Configuration file /workspaces/PlanetQu/servidor_minecraft/config/bettermineshafts-forge-1_20.toml is not correct. Correcting
[08Apr2025 21:43:54.249] [main/WARN] [net.minecraftforge.common.ForgeConfigSpec/CORE]: Incorrect key YUNG's Better Mineshafts was corrected from null to its default, SimpleCommentedConfig:{}. 
[08Apr2025 21:43:54.249] [main/WARN] [net.minecraftforge.common.ForgeConfigSpec/CORE]: Incorrect key YUNG's Better Mineshafts.Disable Vanilla Mineshafts was corrected from null to its default, true. 
[08Apr2025 21:43:54.250] [main/WARN] [net.minecraftforge.common.ForgeConfigSpec/CORE]: Incorrect key YUNG's Better Mineshafts.Minimum y-coordinate was corrected from null to its default, -55. 
[08Apr2025 21:43:54.250] [main/WARN] [net.minecraftforge.common.ForgeConfigSpec/CORE]: Incorrect key YUNG's Better Mineshafts.Maximum y-coordinate was corrected from null to its default, 30. 
[08Apr2025 21:43:54.250] [main/WARN] [net.minecraftforge.common.ForgeConfigSpec/CORE]: Incorrect key YUNG's Better Mineshafts.Ore Deposits was corrected from null to its default, SimpleCommentedConfig:{}. 
[08Apr2025 21:43:54.250] [main/WARN] [net.minecraftforge.common.ForgeConfigSpec/CORE]: Incorrect key YUNG's Better Mineshafts.Ore Deposits.Enable Ore Deposits was corrected from null to its default, true. 
[08Apr2025 21:43:54.250] [main/WARN] [net.minecraftforge.common.ForgeConfigSpec/CORE]: Incorrect key YUNG's Better Mineshafts.Ore Deposits.Cobble Spawn Chance (Empty Deposit) was corrected from null to its default, 50. 
[08Apr2025 21:43:54.250] [main/WARN] [net.minecraftforge.common.ForgeConfigSpec/CORE]: Incorrect key YUNG's Better Mineshafts.Ore Deposits.Coal Spawn Chance was corrected from null to its default, 20. 
[08Apr2025 21:43:54.862] [main/WARN] [net.minecraftforge.common.ForgeConfigSpec/CORE]: Incorrect key YUNG's Better Mineshafts.Ore Deposits.Iron Spawn Chance was corrected from null to its default, 9. 
[08Apr2025 21:43:54.862] [main/WARN] [net.minecraftforge.common.ForgeConfigSpec/CORE]: Incorrect key YUNG's Better Mineshafts.Ore Deposits.Redstone Spawn Chance was corrected from null to its default, 7. 
[08Apr2025 21:43:54.862] [main/WARN] [net.minecraftforge.common.ForgeConfigSpec/CORE]: Incorrect key YUNG's Better Mineshafts.Ore Deposits.Gold Spawn Chance was corrected from null to its default, 7. 
[08Apr2025 21:43:54.862] [main/WARN] [net.minecraftforge.common.ForgeConfigSpec/CORE]: Incorrect key YUNG's Better Mineshafts.Ore Deposits.Lapis Spawn Chance was corrected from null to its default, 3. 
[08Apr2025 21:43:54.862] [main/WARN] [net.minecraftforge.common.ForgeConfigSpec/CORE]: Incorrect key YUNG's Better Mineshafts.Ore Deposits.Emerald Spawn Chance was corrected from null to its default, 3. 
[08Apr2025 21:43:54.862] [main/WARN] [net.minecraftforge.common.ForgeConfigSpec/CORE]: Incorrect key YUNG's Better Mineshafts.Ore Deposits.Diamond Spawn Chance was corrected from null to its default, 1. 
[08Apr2025 21:43:54.862] [main/WARN] [net.minecraftforge.common.ForgeConfigSpec/CORE]: Incorrect key YUNG's Better Mineshafts.Spawn Rates & More was corrected from null to its default, SimpleCommentedConfig:{}. 
[08Apr2025 21:43:54.862] [main/WARN] [net.minecraftforge.common.ForgeConfigSpec/CORE]: Incorrect key YUNG's Better Mineshafts.Spawn Rates & More.Lantern Spawn Rate was corrected from null to its default, 0.0067. 
[08Apr2025 21:43:54.863] [main/WARN] [net.minecraftforge.common.ForgeConfigSpec/CORE]: Incorrect key YUNG's Better Mineshafts.Spawn Rates & More.Torch Spawn Rate was corrected from null to its default, 0.02. 
[08Apr2025 21:43:54.863] [main/WARN] [net.minecraftforge.common.ForgeConfigSpec/CORE]: Incorrect key YUNG's Better Mineshafts.Spawn Rates & More.Workstation Spawn Rate was corrected from null to its default, 0.025. 
[08Apr2025 21:43:54.863] [main/WARN] [net.minecraftforge.common.ForgeConfigSpec/CORE]: Incorrect key YUNG's Better Mineshafts.Spawn Rates & More.Workstation Cellar Spawn Rate was corrected from null to its default, 0.25. 
[08Apr2025 21:43:54.863] [main/WARN] [net.minecraftforge.common.ForgeConfigSpec/CORE]: Incorrect key YUNG's Better Mineshafts.Spawn Rates & More.Small Shaft Spawn Rate was corrected from null to its default, 0.07. 
[08Apr2025 21:43:54.863] [main/WARN] [net.minecraftforge.common.ForgeConfigSpec/CORE]: Incorrect key YUNG's Better Mineshafts.Spawn Rates & More.Cobweb Spawn Rate was corrected from null to its default, 0.15. 
[08Apr2025 21:43:54.863] [main/WARN] [net.minecraftforge.common.ForgeConfigSpec/CORE]: Incorrect key YUNG's Better Mineshafts.Spawn Rates & More.Small Shaft Chest Minecart Spawn Rate was corrected from null to its default, 0.00125. 
[08Apr2025 21:43:54.863] [main/WARN] [net.minecraftforge.common.ForgeConfigSpec/CORE]: Incorrect key YUNG's Better Mineshafts.Spawn Rates & More.Small Shaft TNT Minecart Spawn Rate was corrected from null to its default, 0.0025. 
[08Apr2025 21:43:54.864] [main/WARN] [net.minecraftforge.common.ForgeConfigSpec/CORE]: Incorrect key YUNG's Better Mineshafts.Spawn Rates & More.Main Shaft Chest Minecart Spawn Rate was corrected from null to its default, 0.01. 
[08Apr2025 21:43:54.864] [main/WARN] [net.minecraftforge.common.ForgeConfigSpec/CORE]: Incorrect key YUNG's Better Mineshafts.Spawn Rates & More.Main Shaft TNT Minecart Spawn Rate was corrected from null to its default, 0.0025. 
[08Apr2025 21:43:54.864] [main/WARN] [net.minecraftforge.common.ForgeConfigSpec/CORE]: Incorrect key YUNG's Better Mineshafts.Spawn Rates & More.Abandoned Miners' Outpost Spawn Chance was corrected from null to its default, 2. 
[08Apr2025 21:43:54.864] [main/WARN] [net.minecraftforge.common.ForgeConfigSpec/CORE]: Incorrect key YUNG's Better Mineshafts.Spawn Rates & More.Small Shaft Piece Chain Length was corrected from null to its default, 9. 
[08Apr2025 21:43:54.869] [main/WARN] [net.minecraftforge.common.ForgeConfigSpec/CORE]: Configuration file /workspaces/PlanetQu/servidor_minecraft/config/mutantmonsters-common.toml is not correct. Correcting
[08Apr2025 21:43:54.869] [main/WARN] [net.minecraftforge.common.ForgeConfigSpec/CORE]: Incorrect key mutant_creeper_spawn_weight was corrected from null to its default, 0.05. 
[08Apr2025 21:43:54.870] [main/WARN] [net.minecraftforge.common.ForgeConfigSpec/CORE]: Incorrect key mutant_enderman_spawn_weight was corrected from null to its default, 0.05. 
[08Apr2025 21:43:54.870] [main/WARN] [net.minecraftforge.common.ForgeConfigSpec/CORE]: Incorrect key mutant_skeleton_spawn_weight was corrected from null to its default, 0.05. 
[08Apr2025 21:43:54.871] [main/WARN] [net.minecraftforge.common.ForgeConfigSpec/CORE]: Incorrect key mutant_zombie_spawn_weight was corrected from null to its default, 0.05. 
[08Apr2025 21:43:54.872] [main/INFO] [Puzzles Lib/]: Loading common config for mutantmonsters
[08Apr2025 21:43:54.872] [Thread-3/INFO] [Puzzles Lib/]: Reloading common config for mutantmonsters
[08Apr2025 21:43:54.872] [main/WARN] [net.minecraftforge.common.ForgeConfigSpec/CORE]: Configuration file /workspaces/PlanetQu/servidor_minecraft/config/mowziesmobs-common.toml is not correct. Correcting
[08Apr2025 21:43:54.873] [main/WARN] [net.minecraftforge.common.ForgeConfigSpec/CORE]: Incorrect key tools_and_abilities was corrected from null to its default, SimpleCommentedConfig:{}. 
[08Apr2025 21:43:54.873] [main/WARN] [net.minecraftforge.common.ForgeConfigSpec/CORE]: Incorrect key tools_and_abilities.geomancy_attack_multiplier was corrected from null to its default, 1.0. 
[08Apr2025 21:43:54.873] [main/WARN] [net.minecraftforge.common.ForgeConfigSpec/CORE]: Incorrect key tools_and_abilities.suns_blessing was corrected from null to its default, SimpleCommentedConfig:{}. 
[08Apr2025 21:43:54.873] [main/WARN] [net.minecraftforge.common.ForgeConfigSpec/CORE]: Incorrect key tools_and_abilities.suns_blessing.suns_blessing_duration was corrected from null to its default, 60. 
[08Apr2025 21:43:54.873] [main/WARN] [net.minecraftforge.common.ForgeConfigSpec/CORE]: Incorrect key tools_and_abilities.suns_blessing.suns_blessing_attack_multiplier was corrected from null to its default, 1.0. 
[08Apr2025 21:43:54.873] [main/WARN] [net.minecraftforge.common.ForgeConfigSpec/CORE]: Incorrect key tools_and_abilities.suns_blessing.solar_beam_cost was corrected from null to its default, 5. 
[08Apr2025 21:43:54.873] [main/WARN] [net.minecraftforge.common.ForgeConfigSpec/CORE]: Incorrect key tools_and_abilities.supernova_cost was corrected from null to its default, 60. 
[08Apr2025 21:43:54.873] [main/WARN] [net.minecraftforge.common.ForgeConfigSpec/CORE]: Incorrect key tools_and_abilities.wrought_helm was corrected from null to its default, SimpleCommentedConfig:{}. 
[08Apr2025 21:43:54.873] [main/WARN] [net.minecraftforge.common.ForgeConfigSpec/CORE]: Incorrect key tools_and_abilities.wrought_helm.armor_config was corrected from null to its default, SimpleCommentedConfig:{}. 
[08Apr2025 21:43:54.873] [main/WARN] [net.minecraftforge.common.ForgeConfigSpec/CORE]: Incorrect key tools_and_abilities.wrought_helm.armor_config.damage_reduction was corrected from null to its default, 2. 
[08Apr2025 21:43:54.874] [main/WARN] [net.minecraftforge.common.ForgeConfigSpec/CORE]: Incorrect key tools_and_abilities.wrought_helm.armor_config.toughness was corrected from null to its default, 0.0. 
[08Apr2025 21:43:54.874] [main/WARN] [net.minecraftforge.common.ForgeConfigSpec/CORE]: Incorrect key tools_and_abilities.wrought_helm.breakable was corrected from null to its default, false. 
[08Apr2025 21:43:54.874] [main/WARN] [net.minecraftforge.common.ForgeConfigSpec/CORE]: Incorrect key tools_and_abilities.axe_of_a_thousand_metals was corrected from null to its default, SimpleCommentedConfig:{}. 
[08Apr2025 21:43:54.874] [main/WARN] [net.minecraftforge.common.ForgeConfigSpec/CORE]: Incorrect key tools_and_abilities.axe_of_a_thousand_metals.tool_config was corrected from null to its default, SimpleCommentedConfig:{}. 
[08Apr2025 21:43:54.874] [main/WARN] [net.minecraftforge.common.ForgeConfigSpec/CORE]: Incorrect key tools_and_abilities.axe_of_a_thousand_metals.tool_config.attack_damage was corrected from null to its default, 9.0. 
[08Apr2025 21:43:54.874] [main/WARN] [net.minecraftforge.common.ForgeConfigSpec/CORE]: Incorrect key tools_and_abilities.axe_of_a_thousand_metals.tool_config.attack_speed was corrected from null to its default, 0.8999999761581421. 
[08Apr2025 21:43:54.874] [main/WARN] [net.minecraftforge.common.ForgeConfigSpec/CORE]: Incorrect key tools_and_abilities.axe_of_a_thousand_metals.breakable was corrected from null to its default, false. 
[08Apr2025 21:43:54.874] [main/WARN] [net.minecraftforge.common.ForgeConfigSpec/CORE]: Incorrect key tools_and_abilities.sol_visage was corrected from null to its default, SimpleCommentedConfig:{}. 
[08Apr2025 21:43:54.874] [main/WARN] [net.minecraftforge.common.ForgeConfigSpec/CORE]: Incorrect key tools_and_abilities.sol_visage.armor_config was corrected from null to its default, SimpleCommentedConfig:{}. 
[08Apr2025 21:43:54.874] [main/WARN] [net.minecraftforge.common.ForgeConfigSpec/CORE]: Incorrect key tools_and_abilities.sol_visage.armor_config.damage_reduction was corrected from null to its default, 2. 
[08Apr2025 21:43:54.874] [main/WARN] [net.minecraftforge.common.ForgeConfigSpec/CORE]: Incorrect key tools_and_abilities.sol_visage.armor_config.toughness was corrected from null to its default, 0.0. 
[08Apr2025 21:43:54.874] [main/WARN] [net.minecraftforge.common.ForgeConfigSpec/CORE]: Incorrect key tools_and_abilities.sol_visage.breakable was corrected from null to its default, false. 
[08Apr2025 21:43:54.874] [main/WARN] [net.minecraftforge.common.ForgeConfigSpec/CORE]: Incorrect key tools_and_abilities.sol_visage.max_followers was corrected from null to its default, 10. 
[08Apr2025 21:43:54.875] [main/WARN] [net.minecraftforge.common.ForgeConfigSpec/CORE]: Incorrect key tools_and_abilities.ice_crystal was corrected from null to its default, SimpleCommentedConfig:{}. 
[08Apr2025 21:43:54.875] [main/WARN] [net.minecraftforge.common.ForgeConfigSpec/CORE]: Incorrect key tools_and_abilities.ice_crystal.attack_multiplier was corrected from null to its default, 1.0. 
[08Apr2025 21:43:54.875] [main/WARN] [net.minecraftforge.common.ForgeConfigSpec/CORE]: Incorrect key tools_and_abilities.ice_crystal.breakable was corrected from null to its default, false. 
[08Apr2025 21:43:54.875] [main/WARN] [net.minecraftforge.common.ForgeConfigSpec/CORE]: Incorrect key tools_and_abilities.ice_crystal.durability was corrected from null to its default, 600. 
[08Apr2025 21:43:54.875] [main/WARN] [net.minecraftforge.common.ForgeConfigSpec/CORE]: Incorrect key tools_and_abilities.umvuthana_mask was corrected from null to its default, SimpleCommentedConfig:{}. 
[08Apr2025 21:43:54.875] [main/WARN] [net.minecraftforge.common.ForgeConfigSpec/CORE]: Incorrect key tools_and_abilities.umvuthana_mask.armor_config was corrected from null to its default, SimpleCommentedConfig:{}. 
[08Apr2025 21:43:54.875] [main/WARN] [net.minecraftforge.common.ForgeConfigSpec/CORE]: Incorrect key tools_and_abilities.umvuthana_mask.armor_config.damage_reduction was corrected from null to its default, 1. 
[08Apr2025 21:43:54.875] [main/WARN] [net.minecraftforge.common.ForgeConfigSpec/CORE]: Incorrect key tools_and_abilities.umvuthana_mask.armor_config.toughness was corrected from null to its default, 0.0. 
[08Apr2025 21:43:54.875] [main/WARN] [net.minecraftforge.common.ForgeConfigSpec/CORE]: Incorrect key tools_and_abilities.spear was corrected from null to its default, SimpleCommentedConfig:{}. 
[08Apr2025 21:43:54.875] [main/WARN] [net.minecraftforge.common.ForgeConfigSpec/CORE]: Incorrect key tools_and_abilities.spear.tool_config was corrected from null to its default, SimpleCommentedConfig:{}. 
[08Apr2025 21:43:54.875] [main/WARN] [net.minecraftforge.common.ForgeConfigSpec/CORE]: Incorrect key tools_and_abilities.spear.tool_config.attack_damage was corrected from null to its default, 5.0. 
[08Apr2025 21:43:54.875] [main/WARN] [net.minecraftforge.common.ForgeConfigSpec/CORE]: Incorrect key tools_and_abilities.spear.tool_config.attack_speed was corrected from null to its default, 1.600000023841858. 
[08Apr2025 21:43:54.875] [main/WARN] [net.minecraftforge.common.ForgeConfigSpec/CORE]: Incorrect key tools_and_abilities.naga_fang_dagger was corrected from null to its default, SimpleCommentedConfig:{}. 
[08Apr2025 21:43:54.875] [main/WARN] [net.minecraftforge.common.ForgeConfigSpec/CORE]: Incorrect key tools_and_abilities.naga_fang_dagger.tool_config was corrected from null to its default, SimpleCommentedConfig:{}. 
[08Apr2025 21:43:54.875] [main/WARN] [net.minecraftforge.common.ForgeConfigSpec/CORE]: Incorrect key tools_and_abilities.naga_fang_dagger.tool_config.attack_damage was corrected from null to its default, 3.0. 
[08Apr2025 21:43:54.876] [main/WARN] [net.minecraftforge.common.ForgeConfigSpec/CORE]: Incorrect key tools_and_abilities.naga_fang_dagger.tool_config.attack_speed was corrected from null to its default, 2.0. 
[08Apr2025 21:43:54.876] [main/WARN] [net.minecraftforge.common.ForgeConfigSpec/CORE]: Incorrect key tools_and_abilities.naga_fang_dagger.poison_duration was corrected from null to its default, 40. 
[08Apr2025 21:43:54.876] [main/WARN] [net.minecraftforge.common.ForgeConfigSpec/CORE]: Incorrect key tools_and_abilities.naga_fang_dagger.backstab_damage_mult was corrected from null to its default, 2.0. 
[08Apr2025 21:43:54.876] [main/WARN] [net.minecraftforge.common.ForgeConfigSpec/CORE]: Incorrect key tools_and_abilities.blowgun was corrected from null to its default, SimpleCommentedConfig:{}. 
[08Apr2025 21:43:54.876] [main/WARN] [net.minecraftforge.common.ForgeConfigSpec/CORE]: Incorrect key tools_and_abilities.blowgun.poison_duration was corrected from null to its default, 40. 
[08Apr2025 21:43:54.876] [main/WARN] [net.minecraftforge.common.ForgeConfigSpec/CORE]: Incorrect key tools_and_abilities.blowgun.attack_damage was corrected from null to its default, 1.0. 
[08Apr2025 21:43:54.876] [main/WARN] [net.minecraftforge.common.ForgeConfigSpec/CORE]: Incorrect key tools_and_abilities.earthbore_gauntlet was corrected from null to its default, SimpleCommentedConfig:{}. 
[08Apr2025 21:43:54.876] [main/WARN] [net.minecraftforge.common.ForgeConfigSpec/CORE]: Incorrect key tools_and_abilities.earthbore_gauntlet.attack_multiplier was corrected from null to its default, 1.0. 
[08Apr2025 21:43:54.876] [main/WARN] [net.minecraftforge.common.ForgeConfigSpec/CORE]: Incorrect key tools_and_abilities.earthbore_gauntlet.breakable was corrected from null to its default, false. 
[08Apr2025 21:43:54.876] [main/WARN] [net.minecraftforge.common.ForgeConfigSpec/CORE]: Incorrect key tools_and_abilities.earthbore_gauntlet.durability was corrected from null to its default, 400. 
[08Apr2025 21:43:54.877] [main/WARN] [net.minecraftforge.common.ForgeConfigSpec/CORE]: Incorrect key tools_and_abilities.earthbore_gauntlet.tool_config was corrected from null to its default, SimpleCommentedConfig:{}. 
[08Apr2025 21:43:54.877] [main/WARN] [net.minecraftforge.common.ForgeConfigSpec/CORE]: Incorrect key tools_and_abilities.earthbore_gauntlet.tool_config.attack_damage was corrected from null to its default, 6.0. 
[08Apr2025 21:43:54.877] [main/WARN] [net.minecraftforge.common.ForgeConfigSpec/CORE]: Incorrect key tools_and_abilities.earthbore_gauntlet.tool_config.attack_speed was corrected from null to its default, 1.2000000476837158. 
[08Apr2025 21:43:54.877] [main/WARN] [net.minecraftforge.common.ForgeConfigSpec/CORE]: Incorrect key mobs was corrected from null to its default, SimpleCommentedConfig:{}. 
[08Apr2025 21:43:54.877] [main/WARN] [net.minecraftforge.common.ForgeConfigSpec/CORE]: Incorrect key mobs.frostmaw was corrected from null to its default, SimpleCommentedConfig:{}. 
[08Apr2025 21:43:54.877] [main/WARN] [net.minecraftforge.common.ForgeConfigSpec/CORE]: Incorrect key mobs.frostmaw.biome_config was corrected from null to its default, SimpleCommentedConfig:{}. 
[08Apr2025 21:43:54.877] [main/WARN] [net.minecraftforge.common.ForgeConfigSpec/CORE]: Incorrect key mobs.frostmaw.biome_config.biome_tags was corrected from null to its default, [forge:is_snowy,!minecraft:is_ocean,!minecraft:is_river,!minecraft:is_beach,!minecraft:is_forest,!minecraft:is_taiga]. 
[08Apr2025 21:43:54.878] [main/WARN] [net.minecraftforge.common.ForgeConfigSpec/CORE]: Incorrect key mobs.frostmaw.biome_config.biome_whitelist was corrected from null to its default, []. 
[08Apr2025 21:43:54.878] [main/WARN] [net.minecraftforge.common.ForgeConfigSpec/CORE]: Incorrect key mobs.frostmaw.biome_config.biome_blacklist was corrected from null to its default, []. 
[08Apr2025 21:43:54.878] [main/WARN] [net.minecraftforge.common.ForgeConfigSpec/CORE]: Incorrect key mobs.frostmaw.generation_config was corrected from null to its default, SimpleCommentedConfig:{}. 
[08Apr2025 21:43:54.878] [main/WARN] [net.minecraftforge.common.ForgeConfigSpec/CORE]: Incorrect key mobs.frostmaw.generation_config.generation_distance was corrected from null to its default, 25. 
[08Apr2025 21:43:54.878] [main/WARN] [net.minecraftforge.common.ForgeConfigSpec/CORE]: Incorrect key mobs.frostmaw.generation_config.generation_separation was corrected from null to its default, 8. 
[08Apr2025 21:43:54.878] [main/WARN] [net.minecraftforge.common.ForgeConfigSpec/CORE]: Incorrect key mobs.frostmaw.generation_config.height_max was corrected from null to its default, 100.0. 
[08Apr2025 21:43:54.878] [main/WARN] [net.minecraftforge.common.ForgeConfigSpec/CORE]: Incorrect key mobs.frostmaw.generation_config.height_min was corrected from null to its default, 50.0. 
[08Apr2025 21:43:54.878] [main/WARN] [net.minecraftforge.common.ForgeConfigSpec/CORE]: Incorrect key mobs.frostmaw.generation_config.avoid_structures was corrected from null to its default, [minecraft:villages, minecraft:pillager_outposts]. 
[08Apr2025 21:43:54.878] [main/WARN] [net.minecraftforge.common.ForgeConfigSpec/CORE]: Incorrect key mobs.frostmaw.combat_config was corrected from null to its default, SimpleCommentedConfig:{}. 
[08Apr2025 21:43:54.879] [main/WARN] [net.minecraftforge.common.ForgeConfigSpec/CORE]: Incorrect key mobs.frostmaw.combat_config.health_multiplier was corrected from null to its default, 1.0. 
[08Apr2025 21:43:54.879] [main/WARN] [net.minecraftforge.common.ForgeConfigSpec/CORE]: Incorrect key mobs.frostmaw.combat_config.attack_multiplier was corrected from null to its default, 1.0. 
[08Apr2025 21:43:54.879] [main/WARN] [net.minecraftforge.common.ForgeConfigSpec/CORE]: Incorrect key mobs.frostmaw.has_boss_bar was corrected from null to its default, true. 
[08Apr2025 21:43:54.879] [main/WARN] [net.minecraftforge.common.ForgeConfigSpec/CORE]: Incorrect key mobs.frostmaw.heals_out_of_battle was corrected from null to its default, true. 
[08Apr2025 21:43:54.879] [main/WARN] [net.minecraftforge.common.ForgeConfigSpec/CORE]: Incorrect key mobs.frostmaw.stealable_ice_crystal was corrected from null to its default, true. 
[08Apr2025 21:43:54.879] [main/WARN] [net.minecraftforge.common.ForgeConfigSpec/CORE]: Incorrect key mobs.frostmaw.reset_health_when_respawn was corrected from null to its default, true. 
[08Apr2025 21:43:54.879] [main/WARN] [net.minecraftforge.common.ForgeConfigSpec/CORE]: Incorrect key mobs.umvuthi was corrected from null to its default, SimpleCommentedConfig:{}. 
[08Apr2025 21:43:54.879] [main/WARN] [net.minecraftforge.common.ForgeConfigSpec/CORE]: Incorrect key mobs.umvuthi.biome_config was corrected from null to its default, SimpleCommentedConfig:{}. 
[08Apr2025 21:43:54.879] [main/WARN] [net.minecraftforge.common.ForgeConfigSpec/CORE]: Incorrect key mobs.umvuthi.biome_config.biome_tags was corrected from null to its default, [minecraft:is_savanna]. 
[08Apr2025 21:43:54.879] [main/WARN] [net.minecraftforge.common.ForgeConfigSpec/CORE]: Incorrect key mobs.umvuthi.biome_config.biome_whitelist was corrected from null to its default, []. 
[08Apr2025 21:43:54.879] [main/WARN] [net.minecraftforge.common.ForgeConfigSpec/CORE]: Incorrect key mobs.umvuthi.biome_config.biome_blacklist was corrected from null to its default, []. 
[08Apr2025 21:43:54.880] [main/WARN] [net.minecraftforge.common.ForgeConfigSpec/CORE]: Incorrect key mobs.umvuthi.generation_config was corrected from null to its default, SimpleCommentedConfig:{}. 
[08Apr2025 21:43:54.880] [main/WARN] [net.minecraftforge.common.ForgeConfigSpec/CORE]: Incorrect key mobs.umvuthi.generation_config.generation_distance was corrected from null to its default, 25. 
[08Apr2025 21:43:54.880] [main/WARN] [net.minecraftforge.common.ForgeConfigSpec/CORE]: Incorrect key mobs.umvuthi.generation_config.generation_separation was corrected from null to its default, 8. 
[08Apr2025 21:43:54.880] [main/WARN] [net.minecraftforge.common.ForgeConfigSpec/CORE]: Incorrect key mobs.umvuthi.generation_config.height_max was corrected from null to its default, 100.0. 
[08Apr2025 21:43:54.880] [main/WARN] [net.minecraftforge.common.ForgeConfigSpec/CORE]: Incorrect key mobs.umvuthi.generation_config.height_min was corrected from null to its default, 50.0. 
[08Apr2025 21:43:54.880] [main/WARN] [net.minecraftforge.common.ForgeConfigSpec/CORE]: Incorrect key mobs.umvuthi.generation_config.avoid_structures was corrected from null to its default, [minecraft:villages, minecraft:pillager_outposts]. 
[08Apr2025 21:43:54.880] [main/WARN] [net.minecraftforge.common.ForgeConfigSpec/CORE]: Incorrect key mobs.umvuthi.combat_config was corrected from null to its default, SimpleCommentedConfig:{}. 
[08Apr2025 21:43:54.880] [main/WARN] [net.minecraftforge.common.ForgeConfigSpec/CORE]: Incorrect key mobs.umvuthi.combat_config.health_multiplier was corrected from null to its default, 1.0. 
[08Apr2025 21:43:54.880] [main/WARN] [net.minecraftforge.common.ForgeConfigSpec/CORE]: Incorrect key mobs.umvuthi.combat_config.attack_multiplier was corrected from null to its default, 1.0. 
[08Apr2025 21:43:54.881] [main/WARN] [net.minecraftforge.common.ForgeConfigSpec/CORE]: Incorrect key mobs.umvuthi.has_boss_bar was corrected from null to its default, true. 
[08Apr2025 21:43:54.881] [main/WARN] [net.minecraftforge.common.ForgeConfigSpec/CORE]: Incorrect key mobs.umvuthi.heals_out_of_battle was corrected from null to its default, true. 
[08Apr2025 21:43:54.881] [main/WARN] [net.minecraftforge.common.ForgeConfigSpec/CORE]: Incorrect key mobs.umvuthi.trade_which_item was corrected from null to its default, minecraft:gold_block. 
[08Apr2025 21:43:54.881] [main/WARN] [net.minecraftforge.common.ForgeConfigSpec/CORE]: Incorrect key mobs.umvuthi.trade_how_many was corrected from null to its default, 7. 
[08Apr2025 21:43:54.881] [main/WARN] [net.minecraftforge.common.ForgeConfigSpec/CORE]: Incorrect key mobs.umvuthi.reset_health_when_respawn was corrected from null to its default, true. 
[08Apr2025 21:43:54.881] [main/WARN] [net.minecraftforge.common.ForgeConfigSpec/CORE]: Incorrect key mobs.ferrous_wroughtnaut was corrected from null to its default, SimpleCommentedConfig:{}. 
[08Apr2025 21:43:54.881] [main/WARN] [net.minecraftforge.common.ForgeConfigSpec/CORE]: Incorrect key mobs.ferrous_wroughtnaut.biome_config was corrected from null to its default, SimpleCommentedConfig:{}. 
[08Apr2025 21:43:54.881] [main/WARN] [net.minecraftforge.common.ForgeConfigSpec/CORE]: Incorrect key mobs.ferrous_wroughtnaut.biome_config.biome_tags was corrected from null to its default, [!minecraft:is_ocean]. 
[08Apr2025 21:43:54.881] [main/WARN] [net.minecraftforge.common.ForgeConfigSpec/CORE]: Incorrect key mobs.ferrous_wroughtnaut.biome_config.biome_whitelist was corrected from null to its default, []. 
[08Apr2025 21:43:54.882] [main/WARN] [net.minecraftforge.common.ForgeConfigSpec/CORE]: Incorrect key mobs.ferrous_wroughtnaut.biome_config.biome_blacklist was corrected from null to its default, []. 
[08Apr2025 21:43:54.882] [main/WARN] [net.minecraftforge.common.ForgeConfigSpec/CORE]: Incorrect key mobs.ferrous_wroughtnaut.generation_config was corrected from null to its default, SimpleCommentedConfig:{}. 
[08Apr2025 21:43:54.882] [main/WARN] [net.minecraftforge.common.ForgeConfigSpec/CORE]: Incorrect key mobs.ferrous_wroughtnaut.generation_config.generation_distance was corrected from null to its default, 15. 
[08Apr2025 21:43:54.882] [main/WARN] [net.minecraftforge.common.ForgeConfigSpec/CORE]: Incorrect key mobs.ferrous_wroughtnaut.generation_config.generation_separation was corrected from null to its default, 5. 
[08Apr2025 21:43:54.882] [main/WARN] [net.minecraftforge.common.ForgeConfigSpec/CORE]: Incorrect key mobs.ferrous_wroughtnaut.generation_config.height_max was corrected from null to its default, 50.0. 
[08Apr2025 21:43:54.882] [main/WARN] [net.minecraftforge.common.ForgeConfigSpec/CORE]: Incorrect key mobs.ferrous_wroughtnaut.generation_config.height_min was corrected from null to its default, 20.0. 
[08Apr2025 21:43:54.882] [main/WARN] [net.minecraftforge.common.ForgeConfigSpec/CORE]: Incorrect key mobs.ferrous_wroughtnaut.generation_config.avoid_structures was corrected from null to its default, []. 
[08Apr2025 21:43:54.882] [main/WARN] [net.minecraftforge.common.ForgeConfigSpec/CORE]: Incorrect key mobs.ferrous_wroughtnaut.combat_config was corrected from null to its default, SimpleCommentedConfig:{}. 
[08Apr2025 21:43:54.882] [main/WARN] [net.minecraftforge.common.ForgeConfigSpec/CORE]: Incorrect key mobs.ferrous_wroughtnaut.combat_config.health_multiplier was corrected from null to its default, 1.0. 
[08Apr2025 21:43:54.882] [main/WARN] [net.minecraftforge.common.ForgeConfigSpec/CORE]: Incorrect key mobs.ferrous_wroughtnaut.combat_config.attack_multiplier was corrected from null to its default, 1.0. 
[08Apr2025 21:43:54.882] [main/WARN] [net.minecraftforge.common.ForgeConfigSpec/CORE]: Incorrect key mobs.ferrous_wroughtnaut.has_boss_bar was corrected from null to its default, true. 
[08Apr2025 21:43:54.883] [main/WARN] [net.minecraftforge.common.ForgeConfigSpec/CORE]: Incorrect key mobs.ferrous_wroughtnaut.heals_out_of_battle was corrected from null to its default, true. 
[08Apr2025 21:43:54.883] [main/WARN] [net.minecraftforge.common.ForgeConfigSpec/CORE]: Incorrect key mobs.ferrous_wroughtnaut.reset_health_when_respawn was corrected from null to its default, true. 
[08Apr2025 21:43:54.883] [main/WARN] [net.minecraftforge.common.ForgeConfigSpec/CORE]: Incorrect key mobs.sculptor was corrected from null to its default, SimpleCommentedConfig:{}. 
[08Apr2025 21:43:54.883] [main/WARN] [net.minecraftforge.common.ForgeConfigSpec/CORE]: Incorrect key mobs.sculptor.biome_config was corrected from null to its default, SimpleCommentedConfig:{}. 
[08Apr2025 21:43:54.883] [main/WARN] [net.minecraftforge.common.ForgeConfigSpec/CORE]: Incorrect key mobs.sculptor.biome_config.biome_tags was corrected from null to its default, [minecraft:is_mountain]. 
[08Apr2025 21:43:54.883] [main/WARN] [net.minecraftforge.common.ForgeConfigSpec/CORE]: Incorrect key mobs.sculptor.biome_config.biome_whitelist was corrected from null to its default, []. 
[08Apr2025 21:43:54.883] [main/WARN] [net.minecraftforge.common.ForgeConfigSpec/CORE]: Incorrect key mobs.sculptor.biome_config.biome_blacklist was corrected from null to its default, []. 
[08Apr2025 21:43:54.883] [main/WARN] [net.minecraftforge.common.ForgeConfigSpec/CORE]: Incorrect key mobs.sculptor.generation_config was corrected from null to its default, SimpleCommentedConfig:{}. 
[08Apr2025 21:43:54.883] [main/WARN] [net.minecraftforge.common.ForgeConfigSpec/CORE]: Incorrect key mobs.sculptor.generation_config.generation_distance was corrected from null to its default, 25. 
[08Apr2025 21:43:54.883] [main/WARN] [net.minecraftforge.common.ForgeConfigSpec/CORE]: Incorrect key mobs.sculptor.generation_config.generation_separation was corrected from null to its default, 8. 
[08Apr2025 21:43:54.883] [main/WARN] [net.minecraftforge.common.ForgeConfigSpec/CORE]: Incorrect key mobs.sculptor.generation_config.height_max was corrected from null to its default, 200.0. 
[08Apr2025 21:43:54.883] [main/WARN] [net.minecraftforge.common.ForgeConfigSpec/CORE]: Incorrect key mobs.sculptor.generation_config.height_min was corrected from null to its default, 120.0. 
[08Apr2025 21:43:54.884] [main/WARN] [net.minecraftforge.common.ForgeConfigSpec/CORE]: Incorrect key mobs.sculptor.generation_config.avoid_structures was corrected from null to its default, []. 
[08Apr2025 21:43:54.884] [main/WARN] [net.minecraftforge.common.ForgeConfigSpec/CORE]: Incorrect key mobs.sculptor.combat_config was corrected from null to its default, SimpleCommentedConfig:{}. 
[08Apr2025 21:43:54.884] [main/WARN] [net.minecraftforge.common.ForgeConfigSpec/CORE]: Incorrect key mobs.sculptor.combat_config.health_multiplier was corrected from null to its default, 1.0. 
[08Apr2025 21:43:54.884] [main/WARN] [net.minecraftforge.common.ForgeConfigSpec/CORE]: Incorrect key mobs.sculptor.combat_config.attack_multiplier was corrected from null to its default, 1.0. 
[08Apr2025 21:43:54.884] [main/WARN] [net.minecraftforge.common.ForgeConfigSpec/CORE]: Incorrect key mobs.sculptor.heals_out_of_battle was corrected from null to its default, true. 
[08Apr2025 21:43:54.884] [main/WARN] [net.minecraftforge.common.ForgeConfigSpec/CORE]: Incorrect key mobs.grottol was corrected from null to its default, SimpleCommentedConfig:{}. 
[08Apr2025 21:43:54.884] [main/WARN] [net.minecraftforge.common.ForgeConfigSpec/CORE]: Incorrect key mobs.grottol.biome_config was corrected from null to its default, SimpleCommentedConfig:{}. 
[08Apr2025 21:43:54.884] [main/WARN] [net.minecraftforge.common.ForgeConfigSpec/CORE]: Incorrect key mobs.grottol.biome_config.biome_tags was corrected from null to its default, [!forge:is_mushroom]. 
[08Apr2025 21:43:54.884] [main/WARN] [net.minecraftforge.common.ForgeConfigSpec/CORE]: Incorrect key mobs.grottol.biome_config.biome_whitelist was corrected from null to its default, []. 
[08Apr2025 21:43:54.884] [main/WARN] [net.minecraftforge.common.ForgeConfigSpec/CORE]: Incorrect key mobs.grottol.biome_config.biome_blacklist was corrected from null to its default, []. 
[08Apr2025 21:43:54.884] [main/WARN] [net.minecraftforge.common.ForgeConfigSpec/CORE]: Incorrect key mobs.grottol.spawn_config was corrected from null to its default, SimpleCommentedConfig:{}. 
[08Apr2025 21:43:54.885] [main/WARN] [net.minecraftforge.common.ForgeConfigSpec/CORE]: Incorrect key mobs.grottol.spawn_config.spawn_rate was corrected from null to its default, 2. 
[08Apr2025 21:43:54.885] [main/WARN] [net.minecraftforge.common.ForgeConfigSpec/CORE]: Incorrect key mobs.grottol.spawn_config.min_group_size was corrected from null to its default, 1. 
[08Apr2025 21:43:54.885] [main/WARN] [net.minecraftforge.common.ForgeConfigSpec/CORE]: Incorrect key mobs.grottol.spawn_config.max_group_size was corrected from null to its default, 1. 
[08Apr2025 21:43:54.885] [main/WARN] [net.minecraftforge.common.ForgeConfigSpec/CORE]: Incorrect key mobs.grottol.spawn_config.extra_rarity was corrected from null to its default, 1.0. 
[08Apr2025 21:43:54.885] [main/WARN] [net.minecraftforge.common.ForgeConfigSpec/CORE]: Incorrect key mobs.grottol.spawn_config.dimensions was corrected from null to its default, [minecraft:overworld]. 
[08Apr2025 21:43:54.885] [main/WARN] [net.minecraftforge.common.ForgeConfigSpec/CORE]: Incorrect key mobs.grottol.spawn_config.allowed_blocks was corrected from null to its default, []. 
[08Apr2025 21:43:54.885] [main/WARN] [net.minecraftforge.common.ForgeConfigSpec/CORE]: Incorrect key mobs.grottol.spawn_config.allowed_block_tags was corrected from null to its default, [minecraft:base_stone_overworld]. 
[08Apr2025 21:43:54.885] [main/WARN] [net.minecraftforge.common.ForgeConfigSpec/CORE]: Incorrect key mobs.grottol.spawn_config.height_max was corrected from null to its default, 16. 
[08Apr2025 21:43:54.885] [main/WARN] [net.minecraftforge.common.ForgeConfigSpec/CORE]: Incorrect key mobs.grottol.spawn_config.height_min was corrected from null to its default, -65. 
[08Apr2025 21:43:54.885] [main/WARN] [net.minecraftforge.common.ForgeConfigSpec/CORE]: Incorrect key mobs.grottol.spawn_config.needs_darkness was corrected from null to its default, true. 
[08Apr2025 21:43:54.885] [main/WARN] [net.minecraftforge.common.ForgeConfigSpec/CORE]: Incorrect key mobs.grottol.spawn_config.needs_see_sky was corrected from null to its default, false. 
[08Apr2025 21:43:54.885] [main/WARN] [net.minecraftforge.common.ForgeConfigSpec/CORE]: Incorrect key mobs.grottol.spawn_config.needs_cant_see_sky was corrected from null to its default, true. 
[08Apr2025 21:43:54.886] [main/WARN] [net.minecraftforge.common.ForgeConfigSpec/CORE]: Incorrect key mobs.grottol.spawn_config.avoid_structures was corrected from null to its default, []. 
[08Apr2025 21:43:54.886] [main/WARN] [net.minecraftforge.common.ForgeConfigSpec/CORE]: Incorrect key mobs.grottol.combat_config was corrected from null to its default, SimpleCommentedConfig:{}. 
[08Apr2025 21:43:54.886] [main/WARN] [net.minecraftforge.common.ForgeConfigSpec/CORE]: Incorrect key mobs.grottol.combat_config.health_multiplier was corrected from null to its default, 1.0. 
[08Apr2025 21:43:54.886] [main/WARN] [net.minecraftforge.common.ForgeConfigSpec/CORE]: Incorrect key mobs.grottol.combat_config.attack_multiplier was corrected from null to its default, 1.0. 
[08Apr2025 21:43:54.886] [main/WARN] [net.minecraftforge.common.ForgeConfigSpec/CORE]: Incorrect key mobs.lantern was corrected from null to its default, SimpleCommentedConfig:{}. 
[08Apr2025 21:43:54.886] [main/WARN] [net.minecraftforge.common.ForgeConfigSpec/CORE]: Incorrect key mobs.lantern.biome_config was corrected from null to its default, SimpleCommentedConfig:{}. 
[08Apr2025 21:43:54.886] [main/WARN] [net.minecraftforge.common.ForgeConfigSpec/CORE]: Incorrect key mobs.lantern.biome_config.biome_tags was corrected from null to its default, [minecraft:is_forest,mowziesmobs:is_magical,!forge:is_snowy]. 
[08Apr2025 21:43:54.886] [main/WARN] [net.minecraftforge.common.ForgeConfigSpec/CORE]: Incorrect key mobs.lantern.biome_config.biome_whitelist was corrected from null to its default, []. 
[08Apr2025 21:43:54.886] [main/WARN] [net.minecraftforge.common.ForgeConfigSpec/CORE]: Incorrect key mobs.lantern.biome_config.biome_blacklist was corrected from null to its default, []. 
[08Apr2025 21:43:54.886] [main/WARN] [net.minecraftforge.common.ForgeConfigSpec/CORE]: Incorrect key mobs.lantern.spawn_config was corrected from null to its default, SimpleCommentedConfig:{}. 
[08Apr2025 21:43:54.887] [main/WARN] [net.minecraftforge.common.ForgeConfigSpec/CORE]: Incorrect key mobs.lantern.spawn_config.spawn_rate was corrected from null to its default, 5. 
[08Apr2025 21:43:54.887] [main/WARN] [net.minecraftforge.common.ForgeConfigSpec/CORE]: Incorrect key mobs.lantern.spawn_config.min_group_size was corrected from null to its default, 2. 
[08Apr2025 21:43:54.887] [main/WARN] [net.minecraftforge.common.ForgeConfigSpec/CORE]: Incorrect key mobs.lantern.spawn_config.max_group_size was corrected from null to its default, 4. 
[08Apr2025 21:43:54.887] [main/WARN] [net.minecraftforge.common.ForgeConfigSpec/CORE]: Incorrect key mobs.lantern.spawn_config.extra_rarity was corrected from null to its default, 1.0. 
[08Apr2025 21:43:54.887] [main/WARN] [net.minecraftforge.common.ForgeConfigSpec/CORE]: Incorrect key mobs.lantern.spawn_config.dimensions was corrected from null to its default, [minecraft:overworld]. 
[08Apr2025 21:43:54.887] [main/WARN] [net.minecraftforge.common.ForgeConfigSpec/CORE]: Incorrect key mobs.lantern.spawn_config.allowed_blocks was corrected from null to its default, []. 
[08Apr2025 21:43:54.887] [main/WARN] [net.minecraftforge.common.ForgeConfigSpec/CORE]: Incorrect key mobs.lantern.spawn_config.allowed_block_tags was corrected from null to its default, [minecraft:valid_spawn, minecraft:leaves, minecraft:logs]. 
[08Apr2025 21:43:54.887] [main/WARN] [net.minecraftforge.common.ForgeConfigSpec/CORE]: Incorrect key mobs.lantern.spawn_config.height_max was corrected from null to its default, -65. 
[08Apr2025 21:43:54.887] [main/WARN] [net.minecraftforge.common.ForgeConfigSpec/CORE]: Incorrect key mobs.lantern.spawn_config.height_min was corrected from null to its default, 60. 
[08Apr2025 21:43:54.888] [main/WARN] [net.minecraftforge.common.ForgeConfigSpec/CORE]: Incorrect key mobs.lantern.spawn_config.needs_darkness was corrected from null to its default, true. 
[08Apr2025 21:43:54.888] [main/WARN] [net.minecraftforge.common.ForgeConfigSpec/CORE]: Incorrect key mobs.lantern.spawn_config.needs_see_sky was corrected from null to its default, false. 
[08Apr2025 21:43:54.888] [main/WARN] [net.minecraftforge.common.ForgeConfigSpec/CORE]: Incorrect key mobs.lantern.spawn_config.needs_cant_see_sky was corrected from null to its default, false. 
[08Apr2025 21:43:54.888] [main/WARN] [net.minecraftforge.common.ForgeConfigSpec/CORE]: Incorrect key mobs.lantern.spawn_config.avoid_structures was corrected from null to its default, []. 
[08Apr2025 21:43:54.888] [main/WARN] [net.minecraftforge.common.ForgeConfigSpec/CORE]: Incorrect key mobs.lantern.combat_config was corrected from null to its default, SimpleCommentedConfig:{}. 
[08Apr2025 21:43:54.888] [main/WARN] [net.minecraftforge.common.ForgeConfigSpec/CORE]: Incorrect key mobs.lantern.combat_config.health_multiplier was corrected from null to its default, 1.0. 
[08Apr2025 21:43:54.888] [main/WARN] [net.minecraftforge.common.ForgeConfigSpec/CORE]: Incorrect key mobs.lantern.combat_config.attack_multiplier was corrected from null to its default, 1.0. 
[08Apr2025 21:43:54.888] [main/WARN] [net.minecraftforge.common.ForgeConfigSpec/CORE]: Incorrect key mobs.umvuthana was corrected from null to its default, SimpleCommentedConfig:{}. 
[08Apr2025 21:43:54.888] [main/WARN] [net.minecraftforge.common.ForgeConfigSpec/CORE]: Incorrect key mobs.umvuthana.biome_config was corrected from null to its default, SimpleCommentedConfig:{}. 
[08Apr2025 21:43:54.888] [main/WARN] [net.minecraftforge.common.ForgeConfigSpec/CORE]: Incorrect key mobs.umvuthana.biome_config.biome_tags was corrected from null to its default, [minecraft:is_savanna]. 
[08Apr2025 21:43:54.889] [main/WARN] [net.minecraftforge.common.ForgeConfigSpec/CORE]: Incorrect key mobs.umvuthana.biome_config.biome_whitelist was corrected from null to its default, []. 
[08Apr2025 21:43:54.889] [main/WARN] [net.minecraftforge.common.ForgeConfigSpec/CORE]: Incorrect key mobs.umvuthana.biome_config.biome_blacklist was corrected from null to its default, []. 
[08Apr2025 21:43:54.889] [main/WARN] [net.minecraftforge.common.ForgeConfigSpec/CORE]: Incorrect key mobs.umvuthana.spawn_config was corrected from null to its default, SimpleCommentedConfig:{}. 
[08Apr2025 21:43:54.889] [main/WARN] [net.minecraftforge.common.ForgeConfigSpec/CORE]: Incorrect key mobs.umvuthana.spawn_config.spawn_rate was corrected from null to its default, 5. 
[08Apr2025 21:43:54.889] [main/WARN] [net.minecraftforge.common.ForgeConfigSpec/CORE]: Incorrect key mobs.umvuthana.spawn_config.min_group_size was corrected from null to its default, 1. 
[08Apr2025 21:43:54.889] [main/WARN] [net.minecraftforge.common.ForgeConfigSpec/CORE]: Incorrect key mobs.umvuthana.spawn_config.max_group_size was corrected from null to its default, 1. 
[08Apr2025 21:43:54.889] [main/WARN] [net.minecraftforge.common.ForgeConfigSpec/CORE]: Incorrect key mobs.umvuthana.spawn_config.extra_rarity was corrected from null to its default, 1.0. 
[08Apr2025 21:43:54.889] [main/WARN] [net.minecraftforge.common.ForgeConfigSpec/CORE]: Incorrect key mobs.umvuthana.spawn_config.dimensions was corrected from null to its default, [minecraft:overworld]. 
[08Apr2025 21:43:54.889] [main/WARN] [net.minecraftforge.common.ForgeConfigSpec/CORE]: Incorrect key mobs.umvuthana.spawn_config.allowed_blocks was corrected from null to its default, []. 
[08Apr2025 21:43:54.889] [main/WARN] [net.minecraftforge.common.ForgeConfigSpec/CORE]: Incorrect key mobs.umvuthana.spawn_config.allowed_block_tags was corrected from null to its default, [minecraft:valid_spawn, minecraft:sand]. 
[08Apr2025 21:43:54.890] [main/WARN] [net.minecraftforge.common.ForgeConfigSpec/CORE]: Incorrect key mobs.umvuthana.spawn_config.height_max was corrected from null to its default, -65. 
[08Apr2025 21:43:54.890] [main/WARN] [net.minecraftforge.common.ForgeConfigSpec/CORE]: Incorrect key mobs.umvuthana.spawn_config.height_min was corrected from null to its default, 60. 
[08Apr2025 21:43:54.890] [main/WARN] [net.minecraftforge.common.ForgeConfigSpec/CORE]: Incorrect key mobs.umvuthana.spawn_config.needs_darkness was corrected from null to its default, false. 
[08Apr2025 21:43:54.890] [main/WARN] [net.minecraftforge.common.ForgeConfigSpec/CORE]: Incorrect key mobs.umvuthana.spawn_config.needs_see_sky was corrected from null to its default, false. 
[08Apr2025 21:43:54.890] [main/WARN] [net.minecraftforge.common.ForgeConfigSpec/CORE]: Incorrect key mobs.umvuthana.spawn_config.needs_cant_see_sky was corrected from null to its default, false. 
[08Apr2025 21:43:54.890] [main/WARN] [net.minecraftforge.common.ForgeConfigSpec/CORE]: Incorrect key mobs.umvuthana.spawn_config.avoid_structures was corrected from null to its default, [minecraft:villages, minecraft:pillager_outposts, mowziesmobs:umvuthana_groves]. 
[08Apr2025 21:43:54.890] [main/WARN] [net.minecraftforge.common.ForgeConfigSpec/CORE]: Incorrect key mobs.umvuthana.combat_config was corrected from null to its default, SimpleCommentedConfig:{}. 
[08Apr2025 21:43:54.890] [main/WARN] [net.minecraftforge.common.ForgeConfigSpec/CORE]: Incorrect key mobs.umvuthana.combat_config.health_multiplier was corrected from null to its default, 1.0. 
[08Apr2025 21:43:54.890] [main/WARN] [net.minecraftforge.common.ForgeConfigSpec/CORE]: Incorrect key mobs.umvuthana.combat_config.attack_multiplier was corrected from null to its default, 1.0. 
[08Apr2025 21:43:54.891] [main/WARN] [net.minecraftforge.common.ForgeConfigSpec/CORE]: Incorrect key mobs.naga was corrected from null to its default, SimpleCommentedConfig:{}. 
[08Apr2025 21:43:54.891] [main/WARN] [net.minecraftforge.common.ForgeConfigSpec/CORE]: Incorrect key mobs.naga.biome_config was corrected from null to its default, SimpleCommentedConfig:{}. 
[08Apr2025 21:43:54.891] [main/WARN] [net.minecraftforge.common.ForgeConfigSpec/CORE]: Incorrect key mobs.naga.biome_config.biome_tags was corrected from null to its default, [minecraft:is_beach,minecraft:is_mountain, minecraft:is_beach,minecraft:is_hill]. 
[08Apr2025 21:43:54.891] [main/WARN] [net.minecraftforge.common.ForgeConfigSpec/CORE]: Incorrect key mobs.naga.biome_config.biome_whitelist was corrected from null to its default, [minecraft:stony_shore]. 
[08Apr2025 21:43:54.891] [main/WARN] [net.minecraftforge.common.ForgeConfigSpec/CORE]: Incorrect key mobs.naga.biome_config.biome_blacklist was corrected from null to its default, []. 
[08Apr2025 21:43:54.891] [main/WARN] [net.minecraftforge.common.ForgeConfigSpec/CORE]: Incorrect key mobs.naga.spawn_config was corrected from null to its default, SimpleCommentedConfig:{}. 
[08Apr2025 21:43:54.891] [main/WARN] [net.minecraftforge.common.ForgeConfigSpec/CORE]: Incorrect key mobs.naga.spawn_config.spawn_rate was corrected from null to its default, 13. 
[08Apr2025 21:43:54.891] [main/WARN] [net.minecraftforge.common.ForgeConfigSpec/CORE]: Incorrect key mobs.naga.spawn_config.min_group_size was corrected from null to its default, 2. 
[08Apr2025 21:43:54.891] [main/WARN] [net.minecraftforge.common.ForgeConfigSpec/CORE]: Incorrect key mobs.naga.spawn_config.max_group_size was corrected from null to its default, 3. 
[08Apr2025 21:43:54.891] [main/WARN] [net.minecraftforge.common.ForgeConfigSpec/CORE]: Incorrect key mobs.naga.spawn_config.extra_rarity was corrected from null to its default, 1.0. 
[08Apr2025 21:43:54.891] [main/WARN] [net.minecraftforge.common.ForgeConfigSpec/CORE]: Incorrect key mobs.naga.spawn_config.dimensions was corrected from null to its default, [minecraft:overworld]. 
[08Apr2025 21:43:54.892] [main/WARN] [net.minecraftforge.common.ForgeConfigSpec/CORE]: Incorrect key mobs.naga.spawn_config.allowed_blocks was corrected from null to its default, []. 
[08Apr2025 21:43:54.892] [main/WARN] [net.minecraftforge.common.ForgeConfigSpec/CORE]: Incorrect key mobs.naga.spawn_config.allowed_block_tags was corrected from null to its default, []. 
[08Apr2025 21:43:54.892] [main/WARN] [net.minecraftforge.common.ForgeConfigSpec/CORE]: Incorrect key mobs.naga.spawn_config.height_max was corrected from null to its default, -65. 
[08Apr2025 21:43:54.892] [main/WARN] [net.minecraftforge.common.ForgeConfigSpec/CORE]: Incorrect key mobs.naga.spawn_config.height_min was corrected from null to its default, 70. 
[08Apr2025 21:43:54.892] [main/WARN] [net.minecraftforge.common.ForgeConfigSpec/CORE]: Incorrect key mobs.naga.spawn_config.needs_darkness was corrected from null to its default, false. 
[08Apr2025 21:43:54.892] [main/WARN] [net.minecraftforge.common.ForgeConfigSpec/CORE]: Incorrect key mobs.naga.spawn_config.needs_see_sky was corrected from null to its default, true. 
[08Apr2025 21:43:54.892] [main/WARN] [net.minecraftforge.common.ForgeConfigSpec/CORE]: Incorrect key mobs.naga.spawn_config.needs_cant_see_sky was corrected from null to its default, false. 
[08Apr2025 21:43:54.892] [main/WARN] [net.minecraftforge.common.ForgeConfigSpec/CORE]: Incorrect key mobs.naga.spawn_config.avoid_structures was corrected from null to its default, [minecraft:villages, minecraft:pillager_outposts]. 
[08Apr2025 21:43:54.892] [main/WARN] [net.minecraftforge.common.ForgeConfigSpec/CORE]: Incorrect key mobs.naga.combat_config was corrected from null to its default, SimpleCommentedConfig:{}. 
[08Apr2025 21:43:54.892] [main/WARN] [net.minecraftforge.common.ForgeConfigSpec/CORE]: Incorrect key mobs.naga.combat_config.health_multiplier was corrected from null to its default, 1.0. 
[08Apr2025 21:43:54.892] [main/WARN] [net.minecraftforge.common.ForgeConfigSpec/CORE]: Incorrect key mobs.naga.combat_config.attack_multiplier was corrected from null to its default, 1.0. 
[08Apr2025 21:43:54.892] [main/WARN] [net.minecraftforge.common.ForgeConfigSpec/CORE]: Incorrect key mobs.foliaath was corrected from null to its default, SimpleCommentedConfig:{}. 
[08Apr2025 21:43:54.893] [main/WARN] [net.minecraftforge.common.ForgeConfigSpec/CORE]: Incorrect key mobs.foliaath.biome_config was corrected from null to its default, SimpleCommentedConfig:{}. 
[08Apr2025 21:43:54.893] [main/WARN] [net.minecraftforge.common.ForgeConfigSpec/CORE]: Incorrect key mobs.foliaath.biome_config.biome_tags was corrected from null to its default, [minecraft:is_jungle]. 
[08Apr2025 21:43:54.893] [main/WARN] [net.minecraftforge.common.ForgeConfigSpec/CORE]: Incorrect key mobs.foliaath.biome_config.biome_whitelist was corrected from null to its default, []. 
[08Apr2025 21:43:54.893] [main/WARN] [net.minecraftforge.common.ForgeConfigSpec/CORE]: Incorrect key mobs.foliaath.biome_config.biome_blacklist was corrected from null to its default, []. 
[08Apr2025 21:43:54.893] [main/WARN] [net.minecraftforge.common.ForgeConfigSpec/CORE]: Incorrect key mobs.foliaath.spawn_config was corrected from null to its default, SimpleCommentedConfig:{}. 
[08Apr2025 21:43:54.893] [main/WARN] [net.minecraftforge.common.ForgeConfigSpec/CORE]: Incorrect key mobs.foliaath.spawn_config.spawn_rate was corrected from null to its default, 70. 
[08Apr2025 21:43:54.893] [main/WARN] [net.minecraftforge.common.ForgeConfigSpec/CORE]: Incorrect key mobs.foliaath.spawn_config.min_group_size was corrected from null to its default, 1. 
[08Apr2025 21:43:54.893] [main/WARN] [net.minecraftforge.common.ForgeConfigSpec/CORE]: Incorrect key mobs.foliaath.spawn_config.max_group_size was corrected from null to its default, 4. 
[08Apr2025 21:43:54.893] [main/WARN] [net.minecraftforge.common.ForgeConfigSpec/CORE]: Incorrect key mobs.foliaath.spawn_config.extra_rarity was corrected from null to its default, 1.0. 
[08Apr2025 21:43:54.893] [main/WARN] [net.minecraftforge.common.ForgeConfigSpec/CORE]: Incorrect key mobs.foliaath.spawn_config.dimensions was corrected from null to its default, [minecraft:overworld]. 
[08Apr2025 21:43:54.894] [main/WARN] [net.minecraftforge.common.ForgeConfigSpec/CORE]: Incorrect key mobs.foliaath.spawn_config.allowed_blocks was corrected from null to its default, []. 
[08Apr2025 21:43:54.894] [main/WARN] [net.minecraftforge.common.ForgeConfigSpec/CORE]: Incorrect key mobs.foliaath.spawn_config.allowed_block_tags was corrected from null to its default, [minecraft:valid_spawn, minecraft:leaves, minecraft:logs]. 
[08Apr2025 21:43:54.894] [main/WARN] [net.minecraftforge.common.ForgeConfigSpec/CORE]: Incorrect key mobs.foliaath.spawn_config.height_max was corrected from null to its default, -65. 
[08Apr2025 21:43:54.894] [main/WARN] [net.minecraftforge.common.ForgeConfigSpec/CORE]: Incorrect key mobs.foliaath.spawn_config.height_min was corrected from null to its default, 60. 
[08Apr2025 21:43:54.894] [main/WARN] [net.minecraftforge.common.ForgeConfigSpec/CORE]: Incorrect key mobs.foliaath.spawn_config.needs_darkness was corrected from null to its default, true. 
[08Apr2025 21:43:54.894] [main/WARN] [net.minecraftforge.common.ForgeConfigSpec/CORE]: Incorrect key mobs.foliaath.spawn_config.needs_see_sky was corrected from null to its default, false. 
[08Apr2025 21:43:54.894] [main/WARN] [net.minecraftforge.common.ForgeConfigSpec/CORE]: Incorrect key mobs.foliaath.spawn_config.needs_cant_see_sky was corrected from null to its default, false. 
[08Apr2025 21:43:54.894] [main/WARN] [net.minecraftforge.common.ForgeConfigSpec/CORE]: Incorrect key mobs.foliaath.spawn_config.avoid_structures was corrected from null to its default, [minecraft:villages, minecraft:pillager_outposts]. 
[08Apr2025 21:43:54.894] [main/WARN] [net.minecraftforge.common.ForgeConfigSpec/CORE]: Incorrect key mobs.foliaath.combat_config was corrected from null to its default, SimpleCommentedConfig:{}. 
[08Apr2025 21:43:54.894] [main/WARN] [net.minecraftforge.common.ForgeConfigSpec/CORE]: Incorrect key mobs.foliaath.combat_config.health_multiplier was corrected from null to its default, 1.0. 
[08Apr2025 21:43:54.894] [main/WARN] [net.minecraftforge.common.ForgeConfigSpec/CORE]: Incorrect key mobs.foliaath.combat_config.attack_multiplier was corrected from null to its default, 1.0. 
[08Apr2025 21:43:54.897] [main/WARN] [net.minecraftforge.common.ForgeConfigSpec/CORE]: Configuration file /workspaces/PlanetQu/servidor_minecraft/config/naturescompass-common.toml is not correct. Correcting
[08Apr2025 21:43:54.897] [main/WARN] [net.minecraftforge.common.ForgeConfigSpec/CORE]: Incorrect key General was corrected from null to its default, SimpleCommentedConfig:{}. 
[08Apr2025 21:43:54.897] [main/WARN] [net.minecraftforge.common.ForgeConfigSpec/CORE]: Incorrect key General.allowTeleport was corrected from null to its default, true. 
[08Apr2025 21:43:54.897] [main/WARN] [net.minecraftforge.common.ForgeConfigSpec/CORE]: Incorrect key General.displayCoordinates was corrected from null to its default, true. 
[08Apr2025 21:43:54.897] [main/WARN] [net.minecraftforge.common.ForgeConfigSpec/CORE]: Incorrect key General.radiusModifier was corrected from null to its default, 2500. 
[08Apr2025 21:43:54.897] [main/WARN] [net.minecraftforge.common.ForgeConfigSpec/CORE]: Incorrect key General.sampleSpaceModifier was corrected from null to its default, 16. 
[08Apr2025 21:43:54.897] [main/WARN] [net.minecraftforge.common.ForgeConfigSpec/CORE]: Incorrect key General.biomeBlacklist was corrected from null to its default, []. 
[08Apr2025 21:43:54.898] [main/WARN] [net.minecraftforge.common.ForgeConfigSpec/CORE]: Incorrect key General.maxSamples was corrected from null to its default, 50000. 
[08Apr2025 21:43:54.899] [main/WARN] [net.minecraftforge.common.ForgeConfigSpec/CORE]: Configuration file /workspaces/PlanetQu/servidor_minecraft/config/explorerscompass-common.toml is not correct. Correcting
[08Apr2025 21:43:54.899] [main/WARN] [net.minecraftforge.common.ForgeConfigSpec/CORE]: Incorrect key General was corrected from null to its default, SimpleCommentedConfig:{}. 
[08Apr2025 21:43:54.899] [main/WARN] [net.minecraftforge.common.ForgeConfigSpec/CORE]: Incorrect key General.allowTeleport was corrected from null to its default, true. 
[08Apr2025 21:43:54.899] [main/WARN] [net.minecraftforge.common.ForgeConfigSpec/CORE]: Incorrect key General.displayCoordinates was corrected from null to its default, true. 
[08Apr2025 21:43:54.899] [main/WARN] [net.minecraftforge.common.ForgeConfigSpec/CORE]: Incorrect key General.maxRadius was corrected from null to its default, 10000. 
[08Apr2025 21:43:54.899] [main/WARN] [net.minecraftforge.common.ForgeConfigSpec/CORE]: Incorrect key General.structureBlacklist was corrected from null to its default, []. 
[08Apr2025 21:43:54.900] [main/WARN] [net.minecraftforge.common.ForgeConfigSpec/CORE]: Incorrect key General.maxSamples was corrected from null to its default, 100000. 
[08Apr2025 21:43:54.901] [main/WARN] [net.minecraftforge.common.ForgeConfigSpec/CORE]: Configuration file /workspaces/PlanetQu/servidor_minecraft/config/betterdeserttemples-forge-1_20.toml is not correct. Correcting
[08Apr2025 21:43:54.901] [main/WARN] [net.minecraftforge.common.ForgeConfigSpec/CORE]: Incorrect key YUNG's Better Desert Temples was corrected from null to its default, SimpleCommentedConfig:{}. 
[08Apr2025 21:43:54.901] [main/WARN] [net.minecraftforge.common.ForgeConfigSpec/CORE]: Incorrect key YUNG's Better Desert Temples.General was corrected from null to its default, SimpleCommentedConfig:{}. 
[08Apr2025 21:43:54.901] [main/WARN] [net.minecraftforge.common.ForgeConfigSpec/CORE]: Incorrect key YUNG's Better Desert Temples.General.Disable Vanilla Pyramids was corrected from null to its default, true. 
[08Apr2025 21:43:54.901] [main/WARN] [net.minecraftforge.common.ForgeConfigSpec/CORE]: Incorrect key YUNG's Better Desert Temples.General.Apply Mining Fatigue was corrected from null to its default, true. 
[08Apr2025 21:43:54.903] [main/WARN] [net.minecraftforge.common.ForgeConfigSpec/CORE]: Configuration file /workspaces/PlanetQu/servidor_minecraft/config/iceandfire-common.toml is not correct. Correcting
[08Apr2025 21:43:54.903] [main/WARN] [net.minecraftforge.common.ForgeConfigSpec/CORE]: Incorrect key Generation was corrected from null to its default, SimpleCommentedConfig:{}. 
[08Apr2025 21:43:54.903] [main/WARN] [net.minecraftforge.common.ForgeConfigSpec/CORE]: Incorrect key Generation.Dragon was corrected from null to its default, SimpleCommentedConfig:{}. 
[08Apr2025 21:43:54.903] [main/WARN] [net.minecraftforge.common.ForgeConfigSpec/CORE]: Incorrect key Generation.Dragon.Generate Dragon Skeletons was corrected from null to its default, true. 
[08Apr2025 21:43:54.904] [main/WARN] [net.minecraftforge.common.ForgeConfigSpec/CORE]: Incorrect key Generation.Dragon.Generate Dragon Skeleton Chance was corrected from null to its default, 300. 
[08Apr2025 21:43:54.904] [main/WARN] [net.minecraftforge.common.ForgeConfigSpec/CORE]: Incorrect key Generation.Dragon.Generate Dragon Cave Chance was corrected from null to its default, 180. 
[08Apr2025 21:43:54.904] [main/WARN] [net.minecraftforge.common.ForgeConfigSpec/CORE]: Incorrect key Generation.Dragon.Generate Dragon Roost Chance was corrected from null to its default, 360. 
[08Apr2025 21:43:54.904] [main/WARN] [net.minecraftforge.common.ForgeConfigSpec/CORE]: Incorrect key Generation.Dragon.Dragon Den Gold Amount was corrected from null to its default, 4. 
[08Apr2025 21:43:54.904] [main/WARN] [net.minecraftforge.common.ForgeConfigSpec/CORE]: Incorrect key Generation.Dragon.Dragon Cave Ore Ratio was corrected from null to its default, 45. 
[08Apr2025 21:43:54.904] [main/WARN] [net.minecraftforge.common.ForgeConfigSpec/CORE]: Incorrect key Generation.Structures-Features was corrected from null to its default, SimpleCommentedConfig:{}. 
[08Apr2025 21:43:54.904] [main/WARN] [net.minecraftforge.common.ForgeConfigSpec/CORE]: Incorrect key Generation.Structures-Features.Dangerous World Gen Dist From Spawn was corrected from null to its default, 800. 
[08Apr2025 21:43:54.904] [main/WARN] [net.minecraftforge.common.ForgeConfigSpec/CORE]: Incorrect key Generation.Structures-Features.Dangerous World Gen Dist Seperation was corrected from null to its default, 300. 
[08Apr2025 21:43:54.904] [main/WARN] [net.minecraftforge.common.ForgeConfigSpec/CORE]: Incorrect key Generation.Structures-Features.Generate Glaciers was corrected from null to its default, true. 
[08Apr2025 21:43:54.904] [main/WARN] [net.minecraftforge.common.ForgeConfigSpec/CORE]: Incorrect key Generation.Structures-Features.Glacier Spawn Weight was corrected from null to its default, 4. 
[08Apr2025 21:43:54.904] [main/WARN] [net.minecraftforge.common.ForgeConfigSpec/CORE]: Incorrect key Generation.Structures-Features.Generate Mausoleums was corrected from null to its default, true. 
[08Apr2025 21:43:54.904] [main/WARN] [net.minecraftforge.common.ForgeConfigSpec/CORE]: Incorrect key Generation.Structures-Features.Generate Graveyards was corrected from null to its default, true. 
[08Apr2025 21:43:54.904] [main/WARN] [net.minecraftforge.common.ForgeConfigSpec/CORE]: Incorrect key Generation.Structures-Features.Generate Gorgon Temple was corrected from null to its default, true. 
[08Apr2025 21:43:54.905] [main/WARN] [net.minecraftforge.common.ForgeConfigSpec/CORE]: Incorrect key Dragons was corrected from null to its default, SimpleCommentedConfig:{}. 
[08Apr2025 21:43:54.905] [main/WARN] [net.minecraftforge.common.ForgeConfigSpec/CORE]: Incorrect key Dragons.Griefing was corrected from null to its default, SimpleCommentedConfig:{}. 
[08Apr2025 21:43:54.905] [main/WARN] [net.minecraftforge.common.ForgeConfigSpec/CORE]: Incorrect key Dragons.Griefing.Dragon Griefing was corrected from null to its default, 0. 
[08Apr2025 21:43:54.905] [main/WARN] [net.minecraftforge.common.ForgeConfigSpec/CORE]: Incorrect key Dragons.Griefing.Tamed Dragon Griefing was corrected from null to its default, true. 
[08Apr2025 21:43:54.905] [main/WARN] [net.minecraftforge.common.ForgeConfigSpec/CORE]: Incorrect key Dragons.Griefing.Dragon Block Breaking Drop Chance was corrected from null to its default, 0.10000000149011612. 
[08Apr2025 21:43:54.905] [main/WARN] [net.minecraftforge.common.ForgeConfigSpec/CORE]: Incorrect key Dragons.Attributes was corrected from null to its default, SimpleCommentedConfig:{}. 
[08Apr2025 21:43:54.905] [main/WARN] [net.minecraftforge.common.ForgeConfigSpec/CORE]: Incorrect key Dragons.Attributes.Dragon Egg Hatch Time was corrected from null to its default, 7200. 
[08Apr2025 21:43:54.905] [main/WARN] [net.minecraftforge.common.ForgeConfigSpec/CORE]: Incorrect key Dragons.Attributes.Dragon Flap Noise Distance was corrected from null to its default, 4. 
[08Apr2025 21:43:54.906] [main/WARN] [net.minecraftforge.common.ForgeConfigSpec/CORE]: Incorrect key Dragons.Attributes.Dragon Flute Distance was corrected from null to its default, 4. 
[08Apr2025 21:43:54.906] [main/WARN] [net.minecraftforge.common.ForgeConfigSpec/CORE]: Incorrect key Dragons.Attributes.Dragon Health was corrected from null to its default, 500.0. 
[08Apr2025 21:43:54.906] [main/WARN] [net.minecraftforge.common.ForgeConfigSpec/CORE]: Incorrect key Dragons.Attributes.Dragon Attack Damage was corrected from null to its default, 17. 
[08Apr2025 21:43:54.906] [main/WARN] [net.minecraftforge.common.ForgeConfigSpec/CORE]: Incorrect key Dragons.Attributes.Dragon Attack Damage(Fire breath) was corrected from null to its default, 2.0. 
[08Apr2025 21:43:54.906] [main/WARN] [net.minecraftforge.common.ForgeConfigSpec/CORE]: Incorrect key Dragons.Attributes.Dragon Attack Damage(Ice breath) was corrected from null to its default, 2.5. 
[08Apr2025 21:43:54.906] [main/WARN] [net.minecraftforge.common.ForgeConfigSpec/CORE]: Incorrect key Dragons.Attributes.Dragon Attack Damage(Lightning breath) was corrected from null to its default, 3.5. 
[08Apr2025 21:43:54.906] [main/WARN] [net.minecraftforge.common.ForgeConfigSpec/CORE]: Incorrect key Dragons.Attributes.Dragon Flight Speed Modifier was corrected from null to its default, 1.0. 
[08Apr2025 21:43:54.906] [main/WARN] [net.minecraftforge.common.ForgeConfigSpec/CORE]: Incorrect key Dragons.Attributes.Dragon Moved Wrongly Error Fix was corrected from null to its default, false. 
[08Apr2025 21:43:54.906] [main/WARN] [net.minecraftforge.common.ForgeConfigSpec/CORE]: Incorrect key Dragons.Behaviour was corrected from null to its default, SimpleCommentedConfig:{}. 
[08Apr2025 21:43:54.906] [main/WARN] [net.minecraftforge.common.ForgeConfigSpec/CORE]: Incorrect key Dragons.Behaviour.Max Dragon Flight Height was corrected from null to its default, 256. 
[08Apr2025 21:43:54.907] [main/WARN] [net.minecraftforge.common.ForgeConfigSpec/CORE]: Incorrect key Dragons.Behaviour.Dragon Gold Search Length was corrected from null to its default, 30. 
[08Apr2025 21:43:54.907] [main/WARN] [net.minecraftforge.common.ForgeConfigSpec/CORE]: Incorrect key Dragons.Behaviour.Dragon Bite Heal was corrected from null to its default, true. 
[08Apr2025 21:43:54.907] [main/WARN] [net.minecraftforge.common.ForgeConfigSpec/CORE]: Incorrect key Dragons.Behaviour.Dragons Despawn was corrected from null to its default, true. 
[08Apr2025 21:43:54.907] [main/WARN] [net.minecraftforge.common.ForgeConfigSpec/CORE]: Incorrect key Dragons.Behaviour.Tamed Dragons Sleep was corrected from null to its default, true. 
[08Apr2025 21:43:54.907] [main/WARN] [net.minecraftforge.common.ForgeConfigSpec/CORE]: Incorrect key Dragons.Behaviour.Dragons Dig When Stuck was corrected from null to its default, true. 
[08Apr2025 21:43:54.907] [main/WARN] [net.minecraftforge.common.ForgeConfigSpec/CORE]: Incorrect key Dragons.Behaviour.Dragons Drop Skull was corrected from null to its default, true. 
[08Apr2025 21:43:54.907] [main/WARN] [net.minecraftforge.common.ForgeConfigSpec/CORE]: Incorrect key Dragons.Behaviour.Dragons Drop Heart was corrected from null to its default, true. 
[08Apr2025 21:43:54.907] [main/WARN] [net.minecraftforge.common.ForgeConfigSpec/CORE]: Incorrect key Dragons.Behaviour.Dragons Drop Blood was corrected from null to its default, true. 
[08Apr2025 21:43:54.907] [main/WARN] [net.minecraftforge.common.ForgeConfigSpec/CORE]: Incorrect key Dragons.Behaviour.Explosive Dragon Breath was corrected from null to its default, false. 
[08Apr2025 21:43:54.908] [main/WARN] [net.minecraftforge.common.ForgeConfigSpec/CORE]: Incorrect key Dragons.Behaviour.Dragon Target Search Length was corrected from null to its default, 128. 
[08Apr2025 21:43:54.908] [main/WARN] [net.minecraftforge.common.ForgeConfigSpec/CORE]: Incorrect key Dragons.Behaviour.Dragon Wander From Home Distance was corrected from null to its default, 40. 
[08Apr2025 21:43:54.908] [main/WARN] [net.minecraftforge.common.ForgeConfigSpec/CORE]: Incorrect key Dragons.Behaviour.Dragon Hunger Tick Rate was corrected from null to its default, 3000. 
[08Apr2025 21:43:54.908] [main/WARN] [net.minecraftforge.common.ForgeConfigSpec/CORE]: Incorrect key Dragons.Behaviour.Dragon Block Break Cooldown was corrected from null to its default, 5. 
[08Apr2025 21:43:54.908] [main/WARN] [net.minecraftforge.common.ForgeConfigSpec/CORE]: Incorrect key Dragons.Behaviour.Villagers Fear Dragons was corrected from null to its default, true. 
[08Apr2025 21:43:54.908] [main/WARN] [net.minecraftforge.common.ForgeConfigSpec/CORE]: Incorrect key Dragons.Behaviour.Animals Fear Dragons was corrected from null to its default, true. 
[08Apr2025 21:43:54.908] [main/WARN] [net.minecraftforge.common.ForgeConfigSpec/CORE]: Incorrect key Dragons.Behaviour.Intelligent Dragon Pathfinding was corrected from null to its default, false. 
[08Apr2025 21:43:54.909] [main/WARN] [net.minecraftforge.common.ForgeConfigSpec/CORE]: Incorrect key Mobs was corrected from null to its default, SimpleCommentedConfig:{}. 
[08Apr2025 21:43:54.909] [main/WARN] [net.minecraftforge.common.ForgeConfigSpec/CORE]: Incorrect key Mobs.Pixies was corrected from null to its default, SimpleCommentedConfig:{}. 
[08Apr2025 21:43:54.909] [main/WARN] [net.minecraftforge.common.ForgeConfigSpec/CORE]: Incorrect key Mobs.Pixies.Spawn Pixies Chance was corrected from null to its default, 60. 
[08Apr2025 21:43:54.909] [main/WARN] [net.minecraftforge.common.ForgeConfigSpec/CORE]: Incorrect key Mobs.Pixies.Pixie Village Size was corrected from null to its default, 5. 
[08Apr2025 21:43:54.909] [main/WARN] [net.minecraftforge.common.ForgeConfigSpec/CORE]: Incorrect key Mobs.Pixies.Pixies Steal Items was corrected from null to its default, true. 
[08Apr2025 21:43:54.909] [main/WARN] [net.minecraftforge.common.ForgeConfigSpec/CORE]: Incorrect key Mobs.Cyclops was corrected from null to its default, SimpleCommentedConfig:{}. 
[08Apr2025 21:43:54.909] [main/WARN] [net.minecraftforge.common.ForgeConfigSpec/CORE]: Incorrect key Mobs.Cyclops.Spawn Cyclops Cave Chance was corrected from null to its default, 100. 
[08Apr2025 21:43:54.909] [main/WARN] [net.minecraftforge.common.ForgeConfigSpec/CORE]: Incorrect key Mobs.Cyclops.Spawn Wandering Cyclops Chance was corrected from null to its default, 100. 
[08Apr2025 21:43:54.909] [main/WARN] [net.minecraftforge.common.ForgeConfigSpec/CORE]: Incorrect key Mobs.Cyclops.Cyclops Max Health was corrected from null to its default, 150.0. 
[08Apr2025 21:43:54.909] [main/WARN] [net.minecraftforge.common.ForgeConfigSpec/CORE]: Incorrect key Mobs.Cyclops.Cyclopes Sheep Search Length was corrected from null to its default, 17. 
[08Apr2025 21:43:54.910] [main/WARN] [net.minecraftforge.common.ForgeConfigSpec/CORE]: Incorrect key Mobs.Cyclops.Cyclops Attack Strength was corrected from null to its default, 15.0. 
[08Apr2025 21:43:54.910] [main/WARN] [net.minecraftforge.common.ForgeConfigSpec/CORE]: Incorrect key Mobs.Cyclops.Cyclops Bite Strength was corrected from null to its default, 40.0. 
[08Apr2025 21:43:54.910] [main/WARN] [net.minecraftforge.common.ForgeConfigSpec/CORE]: Incorrect key Mobs.Cyclops.Cyclops Griefing was corrected from null to its default, true. 
[08Apr2025 21:43:54.910] [main/WARN] [net.minecraftforge.common.ForgeConfigSpec/CORE]: Incorrect key Mobs.Sirens was corrected from null to its default, SimpleCommentedConfig:{}. 
[08Apr2025 21:43:54.910] [main/WARN] [net.minecraftforge.common.ForgeConfigSpec/CORE]: Incorrect key Mobs.Sirens.Siren Max Health was corrected from null to its default, 50.0. 
[08Apr2025 21:43:54.910] [main/WARN] [net.minecraftforge.common.ForgeConfigSpec/CORE]: Incorrect key Mobs.Sirens.Use Siren Shader was corrected from null to its default, true. 
[08Apr2025 21:43:54.910] [main/WARN] [net.minecraftforge.common.ForgeConfigSpec/CORE]: Incorrect key Mobs.Sirens.Spawn Sirens Chance was corrected from null to its default, 400. 
[08Apr2025 21:43:54.910] [main/WARN] [net.minecraftforge.common.ForgeConfigSpec/CORE]: Incorrect key Mobs.Sirens.Siren Max Sing Time was corrected from null to its default, 12000. 
[08Apr2025 21:43:54.910] [main/WARN] [net.minecraftforge.common.ForgeConfigSpec/CORE]: Incorrect key Mobs.Sirens.Siren Time Between Songs was corrected from null to its default, 2000. 
[08Apr2025 21:43:54.910] [main/WARN] [net.minecraftforge.common.ForgeConfigSpec/CORE]: Incorrect key Mobs.DeathWorms was corrected from null to its default, SimpleCommentedConfig:{}. 
[08Apr2025 21:43:54.910] [main/WARN] [net.minecraftforge.common.ForgeConfigSpec/CORE]: Incorrect key Mobs.DeathWorms.Death Worm Target Search Length was corrected from null to its default, 64. 
[08Apr2025 21:43:54.911] [main/WARN] [net.minecraftforge.common.ForgeConfigSpec/CORE]: Incorrect key Mobs.DeathWorms.Death Worm Base Health was corrected from null to its default, 10.0. 
[08Apr2025 21:43:54.911] [main/WARN] [net.minecraftforge.common.ForgeConfigSpec/CORE]: Incorrect key Mobs.DeathWorms.Death Worm Base Attack Strength was corrected from null to its default, 3.0. 
[08Apr2025 21:43:54.911] [main/WARN] [net.minecraftforge.common.ForgeConfigSpec/CORE]: Incorrect key Mobs.DeathWorms.Death Worms Target Monsters was corrected from null to its default, true. 
[08Apr2025 21:43:54.911] [main/WARN] [net.minecraftforge.common.ForgeConfigSpec/CORE]: Incorrect key Mobs.DeathWorms.Death Worm Spawn Weight was corrected from null to its default, 30. 
[08Apr2025 21:43:54.911] [main/WARN] [net.minecraftforge.common.ForgeConfigSpec/CORE]: Incorrect key Mobs.Cockatrice was corrected from null to its default, SimpleCommentedConfig:{}. 
[08Apr2025 21:43:54.911] [main/WARN] [net.minecraftforge.common.ForgeConfigSpec/CORE]: Incorrect key Mobs.Cockatrice.Cockatrice Health was corrected from null to its default, 40.0. 
[08Apr2025 21:43:54.911] [main/WARN] [net.minecraftforge.common.ForgeConfigSpec/CORE]: Incorrect key Mobs.Cockatrice.Cockatrice chicken Search Length was corrected from null to its default, 30. 
[08Apr2025 21:43:54.911] [main/WARN] [net.minecraftforge.common.ForgeConfigSpec/CORE]: Incorrect key Mobs.Cockatrice.Chickens Lay Rotten Eggs was corrected from null to its default, true. 
[08Apr2025 21:43:54.911] [main/WARN] [net.minecraftforge.common.ForgeConfigSpec/CORE]: Incorrect key Mobs.Cockatrice.Spawn Cockatrices was corrected from null to its default, true. 
[08Apr2025 21:43:54.912] [main/WARN] [net.minecraftforge.common.ForgeConfigSpec/CORE]: Incorrect key Mobs.Cockatrice.Cockatrice Spawn Weight was corrected from null to its default, 4. 
[08Apr2025 21:43:54.912] [main/WARN] [net.minecraftforge.common.ForgeConfigSpec/CORE]: Incorrect key Mobs.Stymphalians was corrected from null to its default, SimpleCommentedConfig:{}. 
[08Apr2025 21:43:54.912] [main/WARN] [net.minecraftforge.common.ForgeConfigSpec/CORE]: Incorrect key Mobs.Stymphalians.Stymphalian Bird Target Search Length was corrected from null to its default, 64. 
[08Apr2025 21:43:54.912] [main/WARN] [net.minecraftforge.common.ForgeConfigSpec/CORE]: Incorrect key Mobs.Stymphalians.Stymphalian Bird Feather Drop Chance was corrected from null to its default, 25. 
[08Apr2025 21:43:54.912] [main/WARN] [net.minecraftforge.common.ForgeConfigSpec/CORE]: Incorrect key Mobs.Stymphalians.Stymphalian Bird Feather Attack Strength was corrected from null to its default, 1.0. 
[08Apr2025 21:43:54.912] [main/WARN] [net.minecraftforge.common.ForgeConfigSpec/CORE]: Incorrect key Mobs.Stymphalians.Stymphalian Bird Flock Length was corrected from null to its default, 40. 
[08Apr2025 21:43:54.912] [main/WARN] [net.minecraftforge.common.ForgeConfigSpec/CORE]: Incorrect key Mobs.Stymphalians.Max Stymphalian Bird Flight Height was corrected from null to its default, 80. 
[08Apr2025 21:43:54.912] [main/WARN] [net.minecraftforge.common.ForgeConfigSpec/CORE]: Incorrect key Mobs.Stymphalians.Stymphalian Birds drop ore dict items was corrected from null to its default, true. 
[08Apr2025 21:43:54.912] [main/WARN] [net.minecraftforge.common.ForgeConfigSpec/CORE]: Incorrect key Mobs.Stymphalians.Stymphalian Birds Target Animals was corrected from null to its default, false. 
[08Apr2025 21:43:54.912] [main/WARN] [net.minecraftforge.common.ForgeConfigSpec/CORE]: Incorrect key Mobs.Stymphalians.Spawn Stymhphalian Bird Chance was corrected from null to its default, 100. 
[08Apr2025 21:43:54.912] [main/WARN] [net.minecraftforge.common.ForgeConfigSpec/CORE]: Incorrect key Mobs.Trolls was corrected from null to its default, SimpleCommentedConfig:{}. 
[08Apr2025 21:43:54.913] [main/WARN] [net.minecraftforge.common.ForgeConfigSpec/CORE]: Incorrect key Mobs.Trolls.Spawn Trolls was corrected from null to its default, true. 
[08Apr2025 21:43:54.913] [main/WARN] [net.minecraftforge.common.ForgeConfigSpec/CORE]: Incorrect key Mobs.Trolls.Trolls Drop Weapon was corrected from null to its default, true. 
[08Apr2025 21:43:54.913] [main/WARN] [net.minecraftforge.common.ForgeConfigSpec/CORE]: Incorrect key Mobs.Trolls.Troll Spawn Weight was corrected from null to its default, 40. 
[08Apr2025 21:43:54.913] [main/WARN] [net.minecraftforge.common.ForgeConfigSpec/CORE]: Incorrect key Mobs.Trolls.Troll Max Health was corrected from null to its default, 50.0. 
[08Apr2025 21:43:54.913] [main/WARN] [net.minecraftforge.common.ForgeConfigSpec/CORE]: Incorrect key Mobs.Trolls.Troll Attack Strength was corrected from null to its default, 10.0. 
[08Apr2025 21:43:54.913] [main/WARN] [net.minecraftforge.common.ForgeConfigSpec/CORE]: Incorrect key Mobs.Myrmex was corrected from null to its default, SimpleCommentedConfig:{}. 
[08Apr2025 21:43:54.913] [main/WARN] [net.minecraftforge.common.ForgeConfigSpec/CORE]: Incorrect key Mobs.Myrmex.Myrmex Gestation Length was corrected from null to its default, 2500. 
[08Apr2025 21:43:54.913] [main/WARN] [net.minecraftforge.common.ForgeConfigSpec/CORE]: Incorrect key Mobs.Myrmex.Myrmex Hatch Length was corrected from null to its default, 35000. 
[08Apr2025 21:43:54.913] [main/WARN] [net.minecraftforge.common.ForgeConfigSpec/CORE]: Incorrect key Mobs.Myrmex.Myrmex Colony Gen Chance was corrected from null to its default, 150. 
[08Apr2025 21:43:54.913] [main/WARN] [net.minecraftforge.common.ForgeConfigSpec/CORE]: Incorrect key Mobs.Myrmex.Myrmex Colony Max Size was corrected from null to its default, 80. 
[08Apr2025 21:43:54.913] [main/WARN] [net.minecraftforge.common.ForgeConfigSpec/CORE]: Incorrect key Mobs.Myrmex.Myrmex Base Attack Strength was corrected from null to its default, 3.0. 
[08Apr2025 21:43:54.914] [main/WARN] [net.minecraftforge.common.ForgeConfigSpec/CORE]: Incorrect key Mobs.Myrmex.Myrmex Maximum Wander Radius was corrected from null to its default, 50. 
[08Apr2025 21:43:54.914] [main/WARN] [net.minecraftforge.common.ForgeConfigSpec/CORE]: Incorrect key Mobs.Myrmex.Myrmex Hive Ignore Daytime was corrected from null to its default, false. 
[08Apr2025 21:43:54.914] [main/WARN] [net.minecraftforge.common.ForgeConfigSpec/CORE]: Incorrect key Mobs.Amphitheres was corrected from null to its default, SimpleCommentedConfig:{}. 
[08Apr2025 21:43:54.914] [main/WARN] [net.minecraftforge.common.ForgeConfigSpec/CORE]: Incorrect key Mobs.Amphitheres.Spawn Amphitheres was corrected from null to its default, true. 
[08Apr2025 21:43:54.914] [main/WARN] [net.minecraftforge.common.ForgeConfigSpec/CORE]: Incorrect key Mobs.Amphitheres.Amphithere Spawn Weight was corrected from null to its default, 50. 
[08Apr2025 21:43:54.914] [main/WARN] [net.minecraftforge.common.ForgeConfigSpec/CORE]: Incorrect key Mobs.Amphitheres.Amphithere Villager Search Length was corrected from null to its default, 64. 
[08Apr2025 21:43:54.914] [main/WARN] [net.minecraftforge.common.ForgeConfigSpec/CORE]: Incorrect key Mobs.Amphitheres.Amphithere Tame Time was corrected from null to its default, 400. 
[08Apr2025 21:43:54.914] [main/WARN] [net.minecraftforge.common.ForgeConfigSpec/CORE]: Incorrect key Mobs.Amphitheres.Amphithere Flight Speed was corrected from null to its default, 1.75. 
[08Apr2025 21:43:54.914] [main/WARN] [net.minecraftforge.common.ForgeConfigSpec/CORE]: Incorrect key Mobs.Amphitheres.Amphithere Max Health was corrected from null to its default, 50.0. 
[08Apr2025 21:43:54.914] [main/WARN] [net.minecraftforge.common.ForgeConfigSpec/CORE]: Incorrect key Mobs.Amphitheres.Amphithere Attack Strength was corrected from null to its default, 7.0. 
[08Apr2025 21:43:54.914] [main/WARN] [net.minecraftforge.common.ForgeConfigSpec/CORE]: Incorrect key Mobs.SeaSerpents was corrected from null to its default, SimpleCommentedConfig:{}. 
[08Apr2025 21:43:54.915] [main/WARN] [net.minecraftforge.common.ForgeConfigSpec/CORE]: Incorrect key Mobs.SeaSerpents.Spawn Sea Serpent Chance was corrected from null to its default, 250. 
[08Apr2025 21:43:54.915] [main/WARN] [net.minecraftforge.common.ForgeConfigSpec/CORE]: Incorrect key Mobs.SeaSerpents.Sea Serpent Griefing was corrected from null to its default, true. 
[08Apr2025 21:43:54.915] [main/WARN] [net.minecraftforge.common.ForgeConfigSpec/CORE]: Incorrect key Mobs.SeaSerpents.Sea Serpent Base Health was corrected from null to its default, 20.0. 
[08Apr2025 21:43:54.915] [main/WARN] [net.minecraftforge.common.ForgeConfigSpec/CORE]: Incorrect key Mobs.SeaSerpents.Sea Serpent Base Attack Strength was corrected from null to its default, 4.0. 
[08Apr2025 21:43:54.915] [main/WARN] [net.minecraftforge.common.ForgeConfigSpec/CORE]: Incorrect key Mobs.Hippocampus was corrected from null to its default, SimpleCommentedConfig:{}. 
[08Apr2025 21:43:54.915] [main/WARN] [net.minecraftforge.common.ForgeConfigSpec/CORE]: Incorrect key Mobs.Hippocampus.Spawn Hippocampus Chance was corrected from null to its default, 40. 
[08Apr2025 21:43:54.915] [main/WARN] [net.minecraftforge.common.ForgeConfigSpec/CORE]: Incorrect key Mobs.Hippocampus.Hippocampus Swim Speed Modifier was corrected from null to its default, 1.0. 
[08Apr2025 21:43:54.915] [main/WARN] [net.minecraftforge.common.ForgeConfigSpec/CORE]: Incorrect key Mobs.Hippogryph was corrected from null to its default, SimpleCommentedConfig:{}. 
[08Apr2025 21:43:54.915] [main/WARN] [net.minecraftforge.common.ForgeConfigSpec/CORE]: Incorrect key Mobs.Hippogryph.Spawn Hippogryphs was corrected from null to its default, true. 
[08Apr2025 21:43:54.915] [main/WARN] [net.minecraftforge.common.ForgeConfigSpec/CORE]: Incorrect key Mobs.Hippogryph.Hippogryph Spawn Weight was corrected from null to its default, 2. 
[08Apr2025 21:43:54.915] [main/WARN] [net.minecraftforge.common.ForgeConfigSpec/CORE]: Incorrect key Mobs.Hippogryph.Hippogryph Flight Speed Modifier was corrected from null to its default, 1.0. 
[08Apr2025 21:43:54.915] [main/WARN] [net.minecraftforge.common.ForgeConfigSpec/CORE]: Incorrect key Mobs.Gorgons was corrected from null to its default, SimpleCommentedConfig:{}. 
[08Apr2025 21:43:54.916] [main/WARN] [net.minecraftforge.common.ForgeConfigSpec/CORE]: Incorrect key Mobs.Gorgons.Gorgon Max Health was corrected from null to its default, 100.0. 
[08Apr2025 21:43:54.916] [main/WARN] [net.minecraftforge.common.ForgeConfigSpec/CORE]: Incorrect key Mobs.Others was corrected from null to its default, SimpleCommentedConfig:{}. 
[08Apr2025 21:43:54.916] [main/WARN] [net.minecraftforge.common.ForgeConfigSpec/CORE]: Incorrect key Mobs.Others.Spawn Liches was corrected from null to its default, true. 
[08Apr2025 21:43:54.916] [main/WARN] [net.minecraftforge.common.ForgeConfigSpec/CORE]: Incorrect key Mobs.Others.Lich Spawn Weight was corrected from null to its default, 2. 
[08Apr2025 21:43:54.916] [main/WARN] [net.minecraftforge.common.ForgeConfigSpec/CORE]: Incorrect key Mobs.Others.Lich Spawn Chance was corrected from null to its default, 30. 
[08Apr2025 21:43:54.916] [main/WARN] [net.minecraftforge.common.ForgeConfigSpec/CORE]: Incorrect key Mobs.Others.Hydra Max Health was corrected from null to its default, 250.0. 
[08Apr2025 21:43:54.916] [main/WARN] [net.minecraftforge.common.ForgeConfigSpec/CORE]: Incorrect key Mobs.Others.Hydra Caves Gen Chance was corrected from null to its default, 60. 
[08Apr2025 21:43:54.916] [main/WARN] [net.minecraftforge.common.ForgeConfigSpec/CORE]: Incorrect key Mobs.Others.Ghost Max Health was corrected from null to its default, 30.0. 
[08Apr2025 21:43:54.916] [main/WARN] [net.minecraftforge.common.ForgeConfigSpec/CORE]: Incorrect key Mobs.Others.Ghost Attack Strength was corrected from null to its default, 3.0. 
[08Apr2025 21:43:54.916] [main/WARN] [net.minecraftforge.common.ForgeConfigSpec/CORE]: Incorrect key Mobs.Others.Ghost Spawn from PvP deaths was corrected from null to its default, true. 
[08Apr2025 21:43:54.916] [main/WARN] [net.minecraftforge.common.ForgeConfigSpec/CORE]: Incorrect key Mobs.Others.Villager Scribe House Weight was corrected from null to its default, 5. 
[08Apr2025 21:43:54.917] [main/WARN] [net.minecraftforge.common.ForgeConfigSpec/CORE]: Incorrect key Mobs.Others.Allow Attribute Overriding was corrected from null to its default, true. 
[08Apr2025 21:43:54.917] [main/WARN] [net.minecraftforge.common.ForgeConfigSpec/CORE]: Incorrect key Items was corrected from null to its default, SimpleCommentedConfig:{}. 
[08Apr2025 21:43:54.917] [main/WARN] [net.minecraftforge.common.ForgeConfigSpec/CORE]: Incorrect key Items.Dragonsteel Sword Base Attack Strength was corrected from null to its default, 25.0. 
[08Apr2025 21:43:54.917] [main/WARN] [net.minecraftforge.common.ForgeConfigSpec/CORE]: Incorrect key Items.Dragonsteel Base Armor was corrected from null to its default, 12. 
[08Apr2025 21:43:54.917] [main/WARN] [net.minecraftforge.common.ForgeConfigSpec/CORE]: Incorrect key Items.Dragonsteel Base Armor Toughness was corrected from null to its default, 6.0. 
[08Apr2025 21:43:54.918] [main/WARN] [net.minecraftforge.common.ForgeConfigSpec/CORE]: Incorrect key Items.Dragonsteel Base Durability was corrected from null to its default, 8000. 
[08Apr2025 21:43:54.918] [main/WARN] [net.minecraftforge.common.ForgeConfigSpec/CORE]: Incorrect key Items.Dragonsteel Base Durability Equipment was corrected from null to its default, 8000. 
[08Apr2025 21:43:54.918] [main/WARN] [net.minecraftforge.common.ForgeConfigSpec/CORE]: Incorrect key Items.Weezer was corrected from null to its default, true. 
[08Apr2025 21:43:54.918] [main/WARN] [net.minecraftforge.common.ForgeConfigSpec/CORE]: Incorrect key Items.Easter Egg Tinkers Tool Disarm chance was corrected from null to its default, 0.20000000298023224. 
[08Apr2025 21:43:54.918] [main/WARN] [net.minecraftforge.common.ForgeConfigSpec/CORE]: Incorrect key Items.Chunk Load Summon Crystal was corrected from null to its default, true. 
[08Apr2025 21:43:54.918] [main/WARN] [net.minecraftforge.common.ForgeConfigSpec/CORE]: Incorrect key Items.Dragon Bone Fire Abilities was corrected from null to its default, true. 
[08Apr2025 21:43:54.918] [main/WARN] [net.minecraftforge.common.ForgeConfigSpec/CORE]: Incorrect key Items.Dragon Bone Ice Abilities was corrected from null to its default, true. 
[08Apr2025 21:43:54.918] [main/WARN] [net.minecraftforge.common.ForgeConfigSpec/CORE]: Incorrect key Items.Dragon Bone Lightning Abilities was corrected from null to its default, true. 
[08Apr2025 21:43:54.919] [main/WARN] [net.minecraftforge.common.ForgeConfigSpec/CORE]: Incorrect key Pathfinding was corrected from null to its default, SimpleCommentedConfig:{}. 
[08Apr2025 21:43:54.919] [main/WARN] [net.minecraftforge.common.ForgeConfigSpec/CORE]: Incorrect key Pathfinding.Dragon Pathfinding Threads was corrected from null to its default, 3. 
[08Apr2025 21:43:54.919] [main/WARN] [net.minecraftforge.common.ForgeConfigSpec/CORE]: Incorrect key Pathfinding.Dragon Max Pathfinding Nodes was corrected from null to its default, 5000. 
[08Apr2025 21:43:54.919] [main/WARN] [net.minecraftforge.common.ForgeConfigSpec/CORE]: Incorrect key Pathfinding.Debug Pathfinding Mode was corrected from null to its default, false. 
[08Apr2025 21:43:54.936] [main/WARN] [net.minecraftforge.common.ForgeConfigSpec/CORE]: Configuration file /workspaces/PlanetQu/servidor_minecraft/config/watut-common.toml is not correct. Correcting
[08Apr2025 21:43:54.936] [main/WARN] [net.minecraftforge.common.ForgeConfigSpec/CORE]: Incorrect key general was corrected from null to its default, SimpleCommentedConfig:{}. 
[08Apr2025 21:43:54.936] [main/WARN] [net.minecraftforge.common.ForgeConfigSpec/CORE]: Incorrect key general.announceIdleStatesInChat was corrected from null to its default, false. 
[08Apr2025 21:43:54.937] [main/WARN] [net.minecraftforge.common.ForgeConfigSpec/CORE]: Incorrect key general.ticksToMarkPlayerIdle was corrected from null to its default, 6000. 
[08Apr2025 21:43:54.938] [main/WARN] [net.minecraftforge.common.ForgeConfigSpec/CORE]: Configuration file /workspaces/PlanetQu/servidor_minecraft/config/watut-client.toml is not correct. Correcting
[08Apr2025 21:43:54.938] [main/WARN] [net.minecraftforge.common.ForgeConfigSpec/CORE]: Incorrect key general was corrected from null to its default, SimpleCommentedConfig:{}. 
[08Apr2025 21:43:54.938] [main/WARN] [net.minecraftforge.common.ForgeConfigSpec/CORE]: Incorrect key general.sendMouseInfo was corrected from null to its default, true. 
[08Apr2025 21:43:54.938] [main/WARN] [net.minecraftforge.common.ForgeConfigSpec/CORE]: Incorrect key general.sendTypingSpeed was corrected from null to its default, true. 
[08Apr2025 21:43:54.938] [main/WARN] [net.minecraftforge.common.ForgeConfigSpec/CORE]: Incorrect key general.sendActiveGui was corrected from null to its default, true. 
[08Apr2025 21:43:54.939] [main/WARN] [net.minecraftforge.common.ForgeConfigSpec/CORE]: Incorrect key general.sendIdleState was corrected from null to its default, true. 
[08Apr2025 21:43:54.939] [main/WARN] [net.minecraftforge.common.ForgeConfigSpec/CORE]: Incorrect key general.showIdleStatesInPlayerList was corrected from null to its default, true. 
[08Apr2025 21:43:54.939] [main/WARN] [net.minecraftforge.common.ForgeConfigSpec/CORE]: Incorrect key general.showIdleStatesInPlayerAboveHead was corrected from null to its default, true. 
[08Apr2025 21:43:54.939] [main/WARN] [net.minecraftforge.common.ForgeConfigSpec/CORE]: Incorrect key general.showPlayerAnimations was corrected from null to its default, true. 
[08Apr2025 21:43:54.939] [main/WARN] [net.minecraftforge.common.ForgeConfigSpec/CORE]: Incorrect key general.playScreenOpenSounds was corrected from null to its default, true. 
[08Apr2025 21:43:54.939] [main/WARN] [net.minecraftforge.common.ForgeConfigSpec/CORE]: Incorrect key general.playMouseClickSounds was corrected from null to its default, true. 
[08Apr2025 21:43:54.940] [main/WARN] [net.minecraftforge.common.ForgeConfigSpec/CORE]: Configuration file /workspaces/PlanetQu/servidor_minecraft/config/warriorrage-common.toml is not correct. Correcting
[08Apr2025 21:43:54.941] [main/WARN] [net.minecraftforge.common.ForgeConfigSpec/CORE]: Incorrect key common was corrected from null to its default, SimpleCommentedConfig:{}. 
[08Apr2025 21:43:54.941] [main/WARN] [net.minecraftforge.common.ForgeConfigSpec/CORE]: Incorrect key common.minimalKillCount was corrected from null to its default, 3. 
[08Apr2025 21:43:54.941] [main/WARN] [net.minecraftforge.common.ForgeConfigSpec/CORE]: Incorrect key common.rageDuration was corrected from null to its default, 20. 
[08Apr2025 21:43:54.941] [main/WARN] [net.minecraftforge.common.ForgeConfigSpec/CORE]: Incorrect key common.maxKillCountCap was corrected from null to its default, 20. 
[08Apr2025 21:43:54.941] [main/WARN] [net.minecraftforge.common.ForgeConfigSpec/CORE]: Incorrect key common.killIntervalBetweenNextBonus was corrected from null to its default, 4. 
[08Apr2025 21:43:54.941] [main/WARN] [net.minecraftforge.common.ForgeConfigSpec/CORE]: Incorrect key common.bonusDamageMultiplier was corrected from null to its default, 0.5. 
[08Apr2025 21:43:54.941] [main/WARN] [net.minecraftforge.common.ForgeConfigSpec/CORE]: Incorrect key common.enableFireDamage was corrected from null to its default, true. 
[08Apr2025 21:43:54.943] [main/WARN] [net.minecraftforge.common.ForgeConfigSpec/CORE]: Configuration file /workspaces/PlanetQu/servidor_minecraft/config/alexscaves-general.toml is not correct. Correcting
[08Apr2025 21:43:54.944] [main/WARN] [net.minecraftforge.common.ForgeConfigSpec/CORE]: Incorrect key generation was corrected from null to its default, SimpleCommentedConfig:{}. 
[08Apr2025 21:43:54.944] [main/WARN] [net.minecraftforge.common.ForgeConfigSpec/CORE]: Incorrect key generation.cave_biome_mean_width was corrected from null to its default, 300.0. 
[08Apr2025 21:43:54.944] [main/WARN] [net.minecraftforge.common.ForgeConfigSpec/CORE]: Incorrect key generation.cave_biome_mean_separation was corrected from null to its default, 900. 
[08Apr2025 21:43:54.944] [main/WARN] [net.minecraftforge.common.ForgeConfigSpec/CORE]: Incorrect key generation.cave_biome_width_randomness was corrected from null to its default, 0.15. 
[08Apr2025 21:43:54.945] [main/WARN] [net.minecraftforge.common.ForgeConfigSpec/CORE]: Incorrect key generation.cave_biome_spacing_randomness was corrected from null to its default, 0.45. 
[08Apr2025 21:43:54.945] [main/WARN] [net.minecraftforge.common.ForgeConfigSpec/CORE]: Incorrect key generation.warn_generation_incompatibility was corrected from null to its default, true. 
[08Apr2025 21:43:54.945] [main/WARN] [net.minecraftforge.common.ForgeConfigSpec/CORE]: Incorrect key mob-spawning was corrected from null to its default, SimpleCommentedConfig:{}. 
[08Apr2025 21:43:54.945] [main/WARN] [net.minecraftforge.common.ForgeConfigSpec/CORE]: Incorrect key mob-spawning.cave_creature_spawn_count_modifier was corrected from null to its default, 1.75. 
[08Apr2025 21:43:54.946] [main/WARN] [net.minecraftforge.common.ForgeConfigSpec/CORE]: Incorrect key mob-behavior was corrected from null to its default, SimpleCommentedConfig:{}. 
[08Apr2025 21:43:54.946] [main/WARN] [net.minecraftforge.common.ForgeConfigSpec/CORE]: Incorrect key mob-behavior.pathfinding_threads was corrected from null to its default, 5. 
[08Apr2025 21:43:54.946] [main/WARN] [net.minecraftforge.common.ForgeConfigSpec/CORE]: Incorrect key mob-behavior.atlatitan_max_block_explosion_resistance was corrected from null to its default, 10. 
[08Apr2025 21:43:54.946] [main/WARN] [net.minecraftforge.common.ForgeConfigSpec/CORE]: Incorrect key mob-behavior.nucleeper_fuse_time was corrected from null to its default, 300. 
[08Apr2025 21:43:54.946] [main/WARN] [net.minecraftforge.common.ForgeConfigSpec/CORE]: Incorrect key mob-behavior.devastating_tremorzilla_beam was corrected from null to its default, true. 
[08Apr2025 21:43:54.946] [main/WARN] [net.minecraftforge.common.ForgeConfigSpec/CORE]: Incorrect key mob-behavior.watcher_possession was corrected from null to its default, true. 
[08Apr2025 21:43:54.946] [main/WARN] [net.minecraftforge.common.ForgeConfigSpec/CORE]: Incorrect key mob-behavior.watcher_possession_cooldown was corrected from null to its default, 300. 
[08Apr2025 21:43:54.947] [main/WARN] [net.minecraftforge.common.ForgeConfigSpec/CORE]: Incorrect key block-behavior was corrected from null to its default, SimpleCommentedConfig:{}. 
[08Apr2025 21:43:54.947] [main/WARN] [net.minecraftforge.common.ForgeConfigSpec/CORE]: Incorrect key block-behavior.walking_on_magnets was corrected from null to its default, true. 
[08Apr2025 21:43:54.947] [main/WARN] [net.minecraftforge.common.ForgeConfigSpec/CORE]: Incorrect key block-behavior.amber_monolith_mean_time was corrected from null to its default, 32000. 
[08Apr2025 21:43:54.947] [main/WARN] [net.minecraftforge.common.ForgeConfigSpec/CORE]: Incorrect key block-behavior.nuclear_furnace_blasting_only was corrected from null to its default, true. 
[08Apr2025 21:43:54.947] [main/WARN] [net.minecraftforge.common.ForgeConfigSpec/CORE]: Incorrect key block-behavior.nuclear_furnace_custom_type was corrected from null to its default, false. 
[08Apr2025 21:43:54.947] [main/WARN] [net.minecraftforge.common.ForgeConfigSpec/CORE]: Incorrect key item-behavior was corrected from null to its default, SimpleCommentedConfig:{}. 
[08Apr2025 21:43:54.948] [main/WARN] [net.minecraftforge.common.ForgeConfigSpec/CORE]: Incorrect key item-behavior.only_one_research_needed was corrected from null to its default, false. 
[08Apr2025 21:43:54.948] [main/WARN] [net.minecraftforge.common.ForgeConfigSpec/CORE]: Incorrect key item-behavior.cave_map_search_attempts was corrected from null to its default, 128000. 
[08Apr2025 21:43:54.948] [main/WARN] [net.minecraftforge.common.ForgeConfigSpec/CORE]: Incorrect key item-behavior.cave_map_search_width was corrected from null to its default, 64. 
[08Apr2025 21:43:54.948] [main/WARN] [net.minecraftforge.common.ForgeConfigSpec/CORE]: Incorrect key item-behavior.nuke_max_block_explosion_resistance was corrected from null to its default, 1000. 
[08Apr2025 21:43:54.948] [main/WARN] [net.minecraftforge.common.ForgeConfigSpec/CORE]: Incorrect key item-behavior.nuke_spawn_item_drops was corrected from null to its default, true. 
[08Apr2025 21:43:54.948] [main/WARN] [net.minecraftforge.common.ForgeConfigSpec/CORE]: Incorrect key item-behavior.nuclear_explosion_size_modifier was corrected from null to its default, 3.0. 
[08Apr2025 21:43:54.948] [main/WARN] [net.minecraftforge.common.ForgeConfigSpec/CORE]: Incorrect key item-behavior.totem_of_possession_works_on_players was corrected from null to its default, true. 
[08Apr2025 21:43:54.948] [main/WARN] [net.minecraftforge.common.ForgeConfigSpec/CORE]: Incorrect key item-behavior.darkness_cloak_charge_time was corrected from null to its default, 1000. 
[08Apr2025 21:43:54.948] [main/WARN] [net.minecraftforge.common.ForgeConfigSpec/CORE]: Incorrect key item-behavior.darkness_cloak_fly_time was corrected from null to its default, 200. 
[08Apr2025 21:43:54.949] [main/WARN] [net.minecraftforge.common.ForgeConfigSpec/CORE]: Incorrect key vanilla-changes was corrected from null to its default, SimpleCommentedConfig:{}. 
[08Apr2025 21:43:54.949] [main/WARN] [net.minecraftforge.common.ForgeConfigSpec/CORE]: Incorrect key vanilla-changes.magnetic_tablet_loot_chance was corrected from null to its default, 0.45. 
[08Apr2025 21:43:54.949] [main/WARN] [net.minecraftforge.common.ForgeConfigSpec/CORE]: Incorrect key vanilla-changes.primordial_tablet_loot_chance was corrected from null to its default, 0.15. 
[08Apr2025 21:43:54.949] [main/WARN] [net.minecraftforge.common.ForgeConfigSpec/CORE]: Incorrect key vanilla-changes.toxic_tablet_loot_chance was corrected from null to its default, 0.5. 
[08Apr2025 21:43:54.949] [main/WARN] [net.minecraftforge.common.ForgeConfigSpec/CORE]: Incorrect key vanilla-changes.abyssal_tablet_loot_chance was corrected from null to its default, 0.4. 
[08Apr2025 21:43:54.949] [main/WARN] [net.minecraftforge.common.ForgeConfigSpec/CORE]: Incorrect key vanilla-changes.forlorn_tablet_loot_chance was corrected from null to its default, 0.75. 
[08Apr2025 21:43:54.949] [main/WARN] [net.minecraftforge.common.ForgeConfigSpec/CORE]: Incorrect key vanilla-changes.cabin_map_loot_chance was corrected from null to its default, 0.15. 
[08Apr2025 21:43:54.949] [main/WARN] [net.minecraftforge.common.ForgeConfigSpec/CORE]: Incorrect key vanilla-changes.cartographers_sell_cabin_maps was corrected from null to its default, true. 
[08Apr2025 21:43:54.949] [main/WARN] [net.minecraftforge.common.ForgeConfigSpec/CORE]: Incorrect key vanilla-changes.wandering_traders_sell_cabin_maps was corrected from null to its default, true. 
[08Apr2025 21:43:54.950] [main/WARN] [net.minecraftforge.common.ForgeConfigSpec/CORE]: Incorrect key vanilla-changes.enchantments_in_loot was corrected from null to its default, false. 
[08Apr2025 21:43:54.956] [main/ERROR] [citadel/]: Biome Generation Config: Could not load /workspaces/PlanetQu/servidor_minecraft/config/alexscaves_biome_generation/toxic_caves.json
java.lang.NullPointerException: null
	at com.github.alexmodguy.alexscaves.server.config.BiomeGenerationConfig.getOrCreateConfigFile(BiomeGenerationConfig.java:86) ~[alexscaves-1.1.4.jar%23195!/:1.1.4]
	at com.github.alexmodguy.alexscaves.server.config.BiomeGenerationConfig.getConfigData(BiomeGenerationConfig.java:110) ~[alexscaves-1.1.4.jar%23195!/:1.1.4]
	at com.github.alexmodguy.alexscaves.server.config.BiomeGenerationConfig.reloadConfig(BiomeGenerationConfig.java:47) ~[alexscaves-1.1.4.jar%23195!/:1.1.4]
	at com.github.alexmodguy.alexscaves.AlexsCaves.loadConfig(AlexsCaves.java:132) ~[alexscaves-1.1.4.jar%23195!/:1.1.4]
	at net.minecraftforge.eventbus.EventBus.doCastFilter(EventBus.java:260) ~[eventbus-6.0.5.jar%2352!/:?]
	at net.minecraftforge.eventbus.EventBus.lambda$addListener$11(EventBus.java:252) ~[eventbus-6.0.5.jar%2352!/:?]
	at net.minecraftforge.eventbus.EventBus.post(EventBus.java:315) ~[eventbus-6.0.5.jar%2352!/:?]
	at net.minecraftforge.eventbus.EventBus.post(EventBus.java:296) ~[eventbus-6.0.5.jar%2352!/:?]
	at net.minecraftforge.fml.javafmlmod.FMLModContainer.lambda$new$0(FMLModContainer.java:44) ~[javafmllanguage-1.20.1-47.3.7.jar%23285!/:?]
	at net.minecraftforge.fml.ModContainer.lambda$dispatchConfigEvent$8(ModContainer.java:170) ~[fmlcore-1.20.1-47.3.7.jar%23284!/:?]
	at java.util.Optional.ifPresent(Optional.java:178) ~[?:?]
	at net.minecraftforge.fml.ModContainer.dispatchConfigEvent(ModContainer.java:170) ~[fmlcore-1.20.1-47.3.7.jar%23284!/:?]
	at net.minecraftforge.fml.config.ModConfig.fireEvent(ModConfig.java:77) ~[fmlcore-1.20.1-47.3.7.jar%23284!/:?]
	at net.minecraftforge.fml.config.ConfigTracker.openConfig(ConfigTracker.java:62) ~[fmlcore-1.20.1-47.3.7.jar%23284!/:?]
	at net.minecraftforge.fml.config.ConfigTracker.lambda$loadConfigs$1(ConfigTracker.java:50) ~[fmlcore-1.20.1-47.3.7.jar%23284!/:?]
	at java.lang.Iterable.forEach(Iterable.java:75) ~[?:?]
	at java.util.Collections$SynchronizedCollection.forEach(Collections.java:2131) ~[?:?]
	at net.minecraftforge.fml.config.ConfigTracker.loadConfigs(ConfigTracker.java:50) ~[fmlcore-1.20.1-47.3.7.jar%23284!/:?]
	at net.minecraftforge.fml.core.ModStateProvider.lambda$new$3(ModStateProvider.java:68) ~[forge-1.20.1-47.3.7-universal.jar%23288!/:?]
	at net.minecraftforge.fml.ModLoader.handleInlineTransition(ModLoader.java:217) ~[fmlcore-1.20.1-47.3.7.jar%23284!/:?]
	at net.minecraftforge.fml.ModLoader.lambda$dispatchAndHandleError$19(ModLoader.java:209) ~[fmlcore-1.20.1-47.3.7.jar%23284!/:?]
	at java.util.Optional.ifPresent(Optional.java:178) ~[?:?]
	at net.minecraftforge.fml.ModLoader.dispatchAndHandleError(ModLoader.java:209) ~[fmlcore-1.20.1-47.3.7.jar%23284!/:?]
	at net.minecraftforge.fml.ModLoader.lambda$loadMods$15(ModLoader.java:190) ~[fmlcore-1.20.1-47.3.7.jar%23284!/:?]
	at java.lang.Iterable.forEach(Iterable.java:75) ~[?:?]
	at net.minecraftforge.fml.ModLoader.loadMods(ModLoader.java:190) ~[fmlcore-1.20.1-47.3.7.jar%23284!/:?]
	at net.minecraftforge.server.loading.ServerModLoader.load(ServerModLoader.java:31) ~[forge-1.20.1-47.3.7-universal.jar%23288!/:?]
	at net.minecraft.server.Main.main(Main.java:125) ~[server-1.20.1-20230612.114412-srg.jar%23283!/:?]
	at jdk.internal.reflect.NativeMethodAccessorImpl.invoke0(Native Method) ~[?:?]
	at jdk.internal.reflect.NativeMethodAccessorImpl.invoke(NativeMethodAccessorImpl.java:77) ~[?:?]
	at jdk.internal.reflect.DelegatingMethodAccessorImpl.invoke(DelegatingMethodAccessorImpl.java:43) ~[?:?]
	at java.lang.reflect.Method.invoke(Method.java:569) ~[?:?]
	at net.minecraftforge.fml.loading.targets.CommonLaunchHandler.runTarget(CommonLaunchHandler.java:111) ~[fmlloader-1.20.1-47.3.7.jar%2369!/:?]
	at net.minecraftforge.fml.loading.targets.CommonLaunchHandler.serverService(CommonLaunchHandler.java:103) ~[fmlloader-1.20.1-47.3.7.jar%2369!/:?]
	at net.minecraftforge.fml.loading.targets.CommonServerLaunchHandler.lambda$makeService$0(CommonServerLaunchHandler.java:27) ~[fmlloader-1.20.1-47.3.7.jar%2369!/:?]
	at cpw.mods.modlauncher.LaunchServiceHandlerDecorator.launch(LaunchServiceHandlerDecorator.java:30) ~[modlauncher-10.0.9.jar%2355!/:?]
	at cpw.mods.modlauncher.LaunchServiceHandler.launch(LaunchServiceHandler.java:53) ~[modlauncher-10.0.9.jar%2355!/:?]
	at cpw.mods.modlauncher.LaunchServiceHandler.launch(LaunchServiceHandler.java:71) ~[modlauncher-10.0.9.jar%2355!/:?]
	at cpw.mods.modlauncher.Launcher.run(Launcher.java:108) ~[modlauncher-10.0.9.jar%2355!/:?]
	at cpw.mods.modlauncher.Launcher.main(Launcher.java:78) ~[modlauncher-10.0.9.jar%2355!/:?]
	at cpw.mods.modlauncher.BootstrapLaunchConsumer.accept(BootstrapLaunchConsumer.java:26) ~[modlauncher-10.0.9.jar%2355!/:?]
	at cpw.mods.modlauncher.BootstrapLaunchConsumer.accept(BootstrapLaunchConsumer.java:23) ~[modlauncher-10.0.9.jar%2355!/:?]
	at cpw.mods.bootstraplauncher.BootstrapLauncher.main(BootstrapLauncher.java:141) ~[bootstraplauncher-1.1.2.jar:?]
[08Apr2025 21:43:54.960] [main/WARN] [net.minecraftforge.common.ForgeConfigSpec/CORE]: Configuration file /workspaces/PlanetQu/servidor_minecraft/config/ecologics-common.toml is not correct. Correcting
[08Apr2025 21:43:54.961] [main/WARN] [net.minecraftforge.common.ForgeConfigSpec/CORE]: Incorrect key beach was corrected from null to its default, SimpleCommentedConfig:{}. 
[08Apr2025 21:43:54.961] [main/WARN] [net.minecraftforge.common.ForgeConfigSpec/CORE]: Incorrect key beach.coconutCrabSpawnChance was corrected from null to its default, 0.2. 
[08Apr2025 21:43:54.961] [main/WARN] [net.minecraftforge.common.ForgeConfigSpec/CORE]: Incorrect key desert was corrected from null to its default, SimpleCommentedConfig:{}. 
[08Apr2025 21:43:54.962] [main/WARN] [net.minecraftforge.common.ForgeConfigSpec/CORE]: Incorrect key desert.pricklyPearGrowthChance was corrected from null to its default, 1.0. 
[08Apr2025 21:43:54.962] [main/WARN] [net.minecraftforge.common.ForgeConfigSpec/CORE]: Incorrect key lush_caves was corrected from null to its default, SimpleCommentedConfig:{}. 
[08Apr2025 21:43:54.962] [main/WARN] [net.minecraftforge.common.ForgeConfigSpec/CORE]: Incorrect key lush_caves.replaceAzaleaTree was corrected from null to its default, true. 
[08Apr2025 21:43:54.964] [main/WARN] [net.minecraftforge.common.ForgeConfigSpec/CORE]: Configuration file /workspaces/PlanetQu/servidor_minecraft/config/earthmobsmod-common.toml is not correct. Correcting
[08Apr2025 21:43:54.964] [main/WARN] [net.minecraftforge.common.ForgeConfigSpec/CORE]: Incorrect key Wooly cow SpawnRate was corrected from null to its default, 10. 
[08Apr2025 21:43:54.964] [main/WARN] [net.minecraftforge.common.ForgeConfigSpec/CORE]: Incorrect key Umbra Cow SpawnRate was corrected from null to its default, 10. 
[08Apr2025 21:43:54.965] [main/WARN] [net.minecraftforge.common.ForgeConfigSpec/CORE]: Incorrect key Albino Cow SpawnRate was corrected from null to its default, 6. 
[08Apr2025 21:43:54.965] [main/WARN] [net.minecraftforge.common.ForgeConfigSpec/CORE]: Incorrect key Cream Cow SpawnRate was corrected from null to its default, 6. 
[08Apr2025 21:43:54.966] [main/WARN] [net.minecraftforge.common.ForgeConfigSpec/CORE]: Incorrect key  Teacup Pig SpawnRate was corrected from null to its default, 5. 
[08Apr2025 21:43:54.966] [main/WARN] [net.minecraftforge.common.ForgeConfigSpec/CORE]: Incorrect key Cluckshroom SpawnRate was corrected from null to its default, 5. 
[08Apr2025 21:43:54.967] [main/WARN] [net.minecraftforge.common.ForgeConfigSpec/CORE]: Incorrect key Fancy Chicken SpawnRate was corrected from null to its default, 6. 
[08Apr2025 21:43:54.968] [main/WARN] [net.minecraftforge.common.ForgeConfigSpec/CORE]: Incorrect key Duck SpawnRate was corrected from null to its default, 8. 
[08Apr2025 21:43:54.968] [main/WARN] [net.minecraftforge.common.ForgeConfigSpec/CORE]: Incorrect key Jolly Llama SpawnRate was corrected from null to its default, 5. 
[08Apr2025 21:43:54.969] [main/WARN] [net.minecraftforge.common.ForgeConfigSpec/CORE]: Incorrect key Horned Sheep SpawnRate was corrected from null to its default, 10. 
[08Apr2025 21:43:54.969] [main/WARN] [net.minecraftforge.common.ForgeConfigSpec/CORE]: Incorrect key Hyper Rabbit SpawnRate was corrected from null to its default, 5. 
[08Apr2025 21:43:54.970] [main/WARN] [net.minecraftforge.common.ForgeConfigSpec/CORE]: Incorrect key Moobloom SpawnRate was corrected from null to its default, 10. 
[08Apr2025 21:43:54.971] [main/WARN] [net.minecraftforge.common.ForgeConfigSpec/CORE]: Incorrect key Moolip SpawnRate was corrected from null to its default, 10. 
[08Apr2025 21:43:54.971] [main/WARN] [net.minecraftforge.common.ForgeConfigSpec/CORE]: Incorrect key Jumbo Rabbit SpawnRate was corrected from null to its default, 5. 
[08Apr2025 21:43:54.972] [main/WARN] [net.minecraftforge.common.ForgeConfigSpec/CORE]: Incorrect key Bone Spider SpawnRate was corrected from null to its default, 10. 
[08Apr2025 21:43:54.972] [main/WARN] [net.minecraftforge.common.ForgeConfigSpec/CORE]: Incorrect key Stray Bone Spider SpawnRate was corrected from null to its default, 10. 
[08Apr2025 21:43:54.973] [main/WARN] [net.minecraftforge.common.ForgeConfigSpec/CORE]: Incorrect key BoulderingZombie SpawnRate was corrected from null to its default, 20. 
[08Apr2025 21:43:54.974] [main/WARN] [net.minecraftforge.common.ForgeConfigSpec/CORE]: Incorrect key LobberZombie SpawnRate was corrected from null to its default, 12. 
[08Apr2025 21:43:54.974] [main/WARN] [net.minecraftforge.common.ForgeConfigSpec/CORE]: Incorrect key TropicalSlime SpawnRate was corrected from null to its default, 3. 
[08Apr2025 21:43:54.975] [main/WARN] [net.minecraftforge.common.ForgeConfigSpec/CORE]: Incorrect key SkeletonWolf SpawnRate In Overworld was corrected from null to its default, 10. 
[08Apr2025 21:43:54.975] [main/WARN] [net.minecraftforge.common.ForgeConfigSpec/CORE]: Incorrect key SkeletonWolf SpawnRate In Nether was corrected from null to its default, 30. 
[08Apr2025 21:43:54.977] [main/WARN] [net.minecraftforge.common.ForgeConfigSpec/CORE]: Incorrect key WitherSkeletonWolf SpawnRate In Nether was corrected from null to its default, 20. 
[08Apr2025 21:43:54.977] [main/WARN] [net.minecraftforge.common.ForgeConfigSpec/CORE]: Incorrect key Baby Ghast SpawnRate In Nether was corrected from null to its default, 20. 
[08Apr2025 21:43:54.978] [main/WARN] [net.minecraftforge.common.ForgeConfigSpec/CORE]: Incorrect key Magma Cow SpawnRate In Nether was corrected from null to its default, 100. 
[08Apr2025 21:43:54.979] [main/WARN] [net.minecraftforge.common.ForgeConfigSpec/CORE]: Incorrect key Mud Spawn in Overworld was corrected from null to its default, true. 
[08Apr2025 21:43:54.984] [main/INFO] [zeta-internal/]: Dispatching ZConfigChanged to 2 listeners
[08Apr2025 21:43:54.985] [main/INFO] [zeta/]: 'zeta' is enabling Zeta's piston structure resolver.
[08Apr2025 21:43:54.987] [main/WARN] [net.minecraftforge.common.ForgeConfigSpec/CORE]: Configuration file /workspaces/PlanetQu/servidor_minecraft/config/CoroUtil/General.toml is not correct. Correcting
[08Apr2025 21:43:54.987] [main/WARN] [net.minecraftforge.common.ForgeConfigSpec/CORE]: Incorrect key general was corrected from null to its default, SimpleCommentedConfig:{}. 
[08Apr2025 21:43:54.987] [main/WARN] [net.minecraftforge.common.ForgeConfigSpec/CORE]: Incorrect key general.useLoggingLog was corrected from null to its default, true. 
[08Apr2025 21:43:54.987] [main/WARN] [net.minecraftforge.common.ForgeConfigSpec/CORE]: Incorrect key general.useLoggingDebug was corrected from null to its default, false. 
[08Apr2025 21:43:54.987] [main/WARN] [net.minecraftforge.common.ForgeConfigSpec/CORE]: Incorrect key general.useLoggingError was corrected from null to its default, true. 
[08Apr2025 21:43:54.989] [main/WARN] [net.minecraftforge.common.ForgeConfigSpec/CORE]: Configuration file /workspaces/PlanetQu/servidor_minecraft/config/cosmeticarmorreworked-common.toml is not correct. Correcting
[08Apr2025 21:43:54.989] [main/WARN] [net.minecraftforge.common.ForgeConfigSpec/CORE]: Incorrect key Common was corrected from null to its default, SimpleCommentedConfig:{}. 
[08Apr2025 21:43:54.989] [main/WARN] [net.minecraftforge.common.ForgeConfigSpec/CORE]: Incorrect key Common.CosArmorKeepThroughDeath was corrected from null to its default, false. 
[08Apr2025 21:43:54.989] [main/WARN] [net.minecraftforge.common.ForgeConfigSpec/CORE]: Incorrect key Common.CosArmorDisableRecipeBook was corrected from null to its default, false. 
[08Apr2025 21:43:54.989] [main/WARN] [net.minecraftforge.common.ForgeConfigSpec/CORE]: Incorrect key Common.CosArmorDisableCosHatCommand was corrected from null to its default, false. 
[08Apr2025 21:43:55.002] [main/INFO] [quark-zeta/]: Dispatching ZConfigChanged to 45 listeners
[08Apr2025 21:43:55.017] [main/WARN] [net.minecraftforge.common.ForgeConfigSpec/CORE]: Configuration file /workspaces/PlanetQu/servidor_minecraft/config/enemyexpansion.toml is not correct. Correcting
[08Apr2025 21:43:55.018] [main/WARN] [net.minecraftforge.common.ForgeConfigSpec/CORE]: Incorrect key mobs was corrected from null to its default, SimpleCommentedConfig:{}. 
[08Apr2025 21:43:55.018] [main/WARN] [net.minecraftforge.common.ForgeConfigSpec/CORE]: Incorrect key mobs.Topmost Y-level at which Cave Mobs can spawn was corrected from null to its default, 50.0. 
[08Apr2025 21:43:55.018] [main/WARN] [net.minecraftforge.common.ForgeConfigSpec/CORE]: Incorrect key mobs.Chance Vampires will start flying when hurt was corrected from null to its default, 20.0. 
[08Apr2025 21:43:55.018] [main/WARN] [net.minecraftforge.common.ForgeConfigSpec/CORE]: Incorrect key mobs.Chance Vampires will stop flying when hurt was corrected from null to its default, 30.0. 
[08Apr2025 21:43:55.018] [main/WARN] [net.minecraftforge.common.ForgeConfigSpec/CORE]: Incorrect key mobs.Chance Vampire will turn into a Biter, regenerating it's health was corrected from null to its default, 10.0. 
[08Apr2025 21:43:55.018] [main/WARN] [net.minecraftforge.common.ForgeConfigSpec/CORE]: Incorrect key mobs.Chance Troll will become enraged when hurt was corrected from null to its default, 20.0. 
[08Apr2025 21:43:55.018] [main/WARN] [net.minecraftforge.common.ForgeConfigSpec/CORE]: Incorrect key mobs.Chance Troll will calm down from rage when hurt was corrected from null to its default, 20.0. 
[08Apr2025 21:43:55.019] [Thread-3/INFO] [quark-zeta/]: Dispatching ZConfigChanged to 45 listeners
[08Apr2025 21:43:55.019] [main/WARN] [net.minecraftforge.common.ForgeConfigSpec/CORE]: Incorrect key extra death conditions was corrected from null to its default, SimpleCommentedConfig:{}. 
[08Apr2025 21:43:55.020] [main/WARN] [net.minecraftforge.common.ForgeConfigSpec/CORE]: Incorrect key extra death conditions.Vampires explode from burning was corrected from null to its default, true. 
[08Apr2025 21:43:55.020] [main/WARN] [net.minecraftforge.common.ForgeConfigSpec/CORE]: Incorrect key extra death conditions.Trolls petrify when hurt under sunlight was corrected from null to its default, true. 
[08Apr2025 21:43:55.020] [main/WARN] [net.minecraftforge.common.ForgeConfigSpec/CORE]: Incorrect key extra death conditions.Chance Botflies will spawn from a slain Zombie was corrected from null to its default, 5.0. 
[08Apr2025 21:43:55.020] [main/WARN] [net.minecraftforge.common.ForgeConfigSpec/CORE]: Incorrect key extra death conditions.Chance Phantoms drop their Eyes was corrected from null to its default, 15.0. 
[08Apr2025 21:43:55.492] [main/WARN] [net.minecraftforge.common.ForgeConfigSpec/CORE]: Incorrect key extra death conditions.New Creeper Mobs Survive Their Own Explosions was corrected from null to its default, true. 
[08Apr2025 21:43:55.492] [main/WARN] [net.minecraftforge.common.ForgeConfigSpec/CORE]: Incorrect key experimental was corrected from null to its default, SimpleCommentedConfig:{}. 
[08Apr2025 21:43:55.492] [main/WARN] [net.minecraftforge.common.ForgeConfigSpec/CORE]: Incorrect key experimental.Overtime for All was corrected from null to its default, false. 
[08Apr2025 21:43:55.494] [main/WARN] [net.minecraftforge.common.ForgeConfigSpec/CORE]: Configuration file /workspaces/PlanetQu/servidor_minecraft/config/LUMINOUS.toml is not correct. Correcting
[08Apr2025 21:43:55.494] [main/WARN] [net.minecraftforge.common.ForgeConfigSpec/CORE]: Incorrect key PebblesSpawn was corrected from null to its default, SimpleCommentedConfig:{}. 
[08Apr2025 21:43:55.494] [main/WARN] [net.minecraftforge.common.ForgeConfigSpec/CORE]: Incorrect key PebblesSpawn.Pebble spawn amount ( 5 is greatest, 0 is disabled) was corrected from null to its default, 5.0. 
[08Apr2025 21:43:55.494] [main/WARN] [net.minecraftforge.common.ForgeConfigSpec/CORE]: Incorrect key AuburnTreesSpawn was corrected from null to its default, SimpleCommentedConfig:{}. 
[08Apr2025 21:43:55.494] [main/WARN] [net.minecraftforge.common.ForgeConfigSpec/CORE]: Incorrect key AuburnTreesSpawn.Auburn Tree Spawn Amount ( 5 is greatest, 0 is disabled) was corrected from null to its default, 5.0. 
[08Apr2025 21:43:55.495] [main/WARN] [net.minecraftforge.common.ForgeConfigSpec/CORE]: Incorrect key WhiteOakTreeSpawn was corrected from null to its default, SimpleCommentedConfig:{}. 
[08Apr2025 21:43:55.495] [main/WARN] [net.minecraftforge.common.ForgeConfigSpec/CORE]: Incorrect key WhiteOakTreeSpawn.White Oak Tree Spawn Amount ( 5 is greatest, 0 is disabled) was corrected from null to its default, 5.0. 
[08Apr2025 21:43:55.495] [main/WARN] [net.minecraftforge.common.ForgeConfigSpec/CORE]: Incorrect key PalmTreeSpawn was corrected from null to its default, SimpleCommentedConfig:{}. 
[08Apr2025 21:43:55.495] [main/WARN] [net.minecraftforge.common.ForgeConfigSpec/CORE]: Incorrect key PalmTreeSpawn.Palm Tree Spawn Amount ( 5 is greatest, 0 is disabled) was corrected from null to its default, 5.0. 
[08Apr2025 21:43:55.496] [main/WARN] [net.minecraftforge.common.ForgeConfigSpec/CORE]: Incorrect key TreantSpawn was corrected from null to its default, SimpleCommentedConfig:{}. 
[08Apr2025 21:43:55.496] [main/WARN] [net.minecraftforge.common.ForgeConfigSpec/CORE]: Incorrect key TreantSpawn.Treant Spawn rate (1 is normal, 2 is doubled, and 3 is tripled) was corrected from null to its default, 1.0. 
[08Apr2025 21:43:55.496] [main/WARN] [net.minecraftforge.common.ForgeConfigSpec/CORE]: Incorrect key KingcrabSpawn was corrected from null to its default, SimpleCommentedConfig:{}. 
[08Apr2025 21:43:55.496] [main/WARN] [net.minecraftforge.common.ForgeConfigSpec/CORE]: Incorrect key KingcrabSpawn.King Hermit Spawn rate (1 is normal, 2 is doubled, and 3 is tripled) was corrected from null to its default, 1.0. 
[08Apr2025 21:43:55.496] [main/WARN] [net.minecraftforge.common.ForgeConfigSpec/CORE]: Incorrect key MummySpawn was corrected from null to its default, SimpleCommentedConfig:{}. 
[08Apr2025 21:43:55.496] [main/WARN] [net.minecraftforge.common.ForgeConfigSpec/CORE]: Incorrect key MummySpawn.Mummy Spawn rate (1 is normal, 2 is doubled, and 3 is tripled) was corrected from null to its default, 1.0. 
[08Apr2025 21:43:55.497] [main/WARN] [net.minecraftforge.common.ForgeConfigSpec/CORE]: Incorrect key BirchSpawn was corrected from null to its default, SimpleCommentedConfig:{}. 
[08Apr2025 21:43:55.497] [main/WARN] [net.minecraftforge.common.ForgeConfigSpec/CORE]: Incorrect key BirchSpawn.Tall Birch Tree Spawn Amount ( 5 is greatest, 0 is disabled) was corrected from null to its default, 5.0. 
[08Apr2025 21:43:55.497] [main/WARN] [net.minecraftforge.common.ForgeConfigSpec/CORE]: Incorrect key TaigaSpawn was corrected from null to its default, SimpleCommentedConfig:{}. 
[08Apr2025 21:43:55.497] [main/WARN] [net.minecraftforge.common.ForgeConfigSpec/CORE]: Incorrect key TaigaSpawn.Tall Taiga Tree Spawn Amount ( 5 is greatest, 0 is disabled) was corrected from null to its default, 5.0. 
[08Apr2025 21:43:55.498] [main/WARN] [net.minecraftforge.common.ForgeConfigSpec/CORE]: Incorrect key Baobabspawn was corrected from null to its default, SimpleCommentedConfig:{}. 
[08Apr2025 21:43:55.498] [main/WARN] [net.minecraftforge.common.ForgeConfigSpec/CORE]: Incorrect key Baobabspawn.Baobab Tree Spawn Amount ( 5 is greatest, 0 is disabled) was corrected from null to its default, 5.0. 
[08Apr2025 21:43:55.498] [main/WARN] [net.minecraftforge.common.ForgeConfigSpec/CORE]: Incorrect key SeaViperSpawn was corrected from null to its default, SimpleCommentedConfig:{}. 
[08Apr2025 21:43:55.498] [main/WARN] [net.minecraftforge.common.ForgeConfigSpec/CORE]: Incorrect key SeaViperSpawn.Sea Viper Spawn rate (1 is normal, 2 is doubled, and 3 is tripled) was corrected from null to its default, 1.0. 
[08Apr2025 21:43:55.499] [main/WARN] [net.minecraftforge.common.ForgeConfigSpec/CORE]: Incorrect key PheonixSpawn was corrected from null to its default, SimpleCommentedConfig:{}. 
[08Apr2025 21:43:55.499] [main/WARN] [net.minecraftforge.common.ForgeConfigSpec/CORE]: Incorrect key PheonixSpawn.Pheonix Spawn rate (1 is normal, 2 is doubled, and 3 is tripled) was corrected from null to its default, 1.0. 
[08Apr2025 21:43:55.499] [main/WARN] [net.minecraftforge.common.ForgeConfigSpec/CORE]: Incorrect key GatorSpawn was corrected from null to its default, SimpleCommentedConfig:{}. 
[08Apr2025 21:43:55.500] [main/WARN] [net.minecraftforge.common.ForgeConfigSpec/CORE]: Incorrect key GatorSpawn.Vile Gator Spawn rate (1 is normal, 2 is doubled, and 3 is tripled) was corrected from null to its default, 1.0. 
[08Apr2025 21:43:55.500] [main/WARN] [net.minecraftforge.common.ForgeConfigSpec/CORE]: Incorrect key FrostGolemSpawn was corrected from null to its default, SimpleCommentedConfig:{}. 
[08Apr2025 21:43:55.500] [main/WARN] [net.minecraftforge.common.ForgeConfigSpec/CORE]: Incorrect key FrostGolemSpawn.Frost Golem Spawn rate (1 is normal, 2 is doubled, and 3 is tripled) was corrected from null to its default, 1.0. 
[08Apr2025 21:43:55.501] [main/WARN] [net.minecraftforge.common.ForgeConfigSpec/CORE]: Incorrect key BugSpawn was corrected from null to its default, SimpleCommentedConfig:{}. 
[08Apr2025 21:43:55.501] [main/WARN] [net.minecraftforge.common.ForgeConfigSpec/CORE]: Incorrect key BugSpawn.entering true means enabled, false means disabled was corrected from null to its default, true. 
[08Apr2025 21:43:55.501] [main/WARN] [net.minecraftforge.common.ForgeConfigSpec/CORE]: Incorrect key VariantMobSpawns was corrected from null to its default, SimpleCommentedConfig:{}. 
[08Apr2025 21:43:55.501] [main/WARN] [net.minecraftforge.common.ForgeConfigSpec/CORE]: Incorrect key VariantMobSpawns.entering true means enabled, false means disabled was corrected from null to its default, true. 
[08Apr2025 21:43:55.548] [modloading-worker-0/INFO] [bagus_lib/]: Load Bagus Lib Supporter
[08Apr2025 21:43:55.762] [Forge Version Check/INFO] [net.minecraftforge.fml.VersionChecker/]: [easyanvils] Starting version check at https://raw.githubusercontent.com/Fuzss/modresources/main/update/easyanvils.json
[08Apr2025 21:43:55.800] [modloading-worker-0/INFO] [studio.lunareclipse.watching.Init/]: From The Fog Loaded Successfully!
[08Apr2025 21:43:55.806] [modloading-worker-0/INFO] [com.brutalbosses.BrutalBosses/]: brutalbosses mod initialized
[08Apr2025 21:43:55.828] [modloading-worker-0/INFO] [zeta-internal/]: Dispatching ForgeZCommonSetup (as ZCommonSetup) to 2 listeners
[08Apr2025 21:43:55.829] [modloading-worker-0/INFO] [quark-zeta/]: Dispatching ForgeZCommonSetup (as ZCommonSetup) to 39 listeners
[08Apr2025 21:43:55.834] [Forge Version Check/INFO] [net.minecraftforge.fml.VersionChecker/]: [easyanvils] Found status: OUTDATED Current: 8.0.1 Target: 8.0.2
[08Apr2025 21:43:55.834] [Forge Version Check/INFO] [net.minecraftforge.fml.VersionChecker/]: [aether] Starting version check at https://github.com/The-Aether-Team/The-Aether/raw/1.20.1-develop/update.json
[08Apr2025 21:43:55.907] [Forge Version Check/INFO] [net.minecraftforge.fml.VersionChecker/]: [aether] Found status: OUTDATED Current: 1.20.1-1.2.0-neoforge Target: 1.20.1-1.5.2-neoforge
[08Apr2025 21:43:55.908] [Forge Version Check/INFO] [net.minecraftforge.fml.VersionChecker/]: [illagerinvasion] Starting version check at https://raw.githubusercontent.com/Fuzss/modresources/main/update/illagerinvasion.json
[08Apr2025 21:43:55.917] [Forge Version Check/INFO] [net.minecraftforge.fml.VersionChecker/]: [illagerinvasion] Found status: OUTDATED Current: 8.0.3 Target: 8.0.7
[08Apr2025 21:43:55.917] [Forge Version Check/INFO] [net.minecraftforge.fml.VersionChecker/]: [twilightforest] Starting version check at https://gh.tamaized.com/TeamTwilight/twilightforest/update.json
[08Apr2025 21:43:56.028] [main/INFO] [Moonlight/]: Initialized color sets in 55ms
[08Apr2025 21:43:56.037] [Forge Version Check/INFO] [net.minecraftforge.fml.VersionChecker/]: [twilightforest] Found status: AHEAD Current: 4.3.2145 Target: null
[08Apr2025 21:43:56.037] [Forge Version Check/INFO] [net.minecraftforge.fml.VersionChecker/]: [hangglider] Starting version check at https://raw.githubusercontent.com/Fuzss/modresources/main/update/hangglider.json
[08Apr2025 21:43:56.047] [Forge Version Check/INFO] [net.minecraftforge.fml.VersionChecker/]: [hangglider] Found status: UP_TO_DATE Current: 8.0.1 Target: null
[08Apr2025 21:43:56.047] [Forge Version Check/INFO] [net.minecraftforge.fml.VersionChecker/]: [tombstone] Starting version check at https://raw.githubusercontent.com/Corail31/tombstone_lite/master/update.json
[08Apr2025 21:43:56.060] [Forge Version Check/INFO] [net.minecraftforge.fml.VersionChecker/]: [tombstone] Found status: OUTDATED Current: 8.6.3 Target: 8.9.2
[08Apr2025 21:43:56.060] [main/INFO] [zeta-internal/]: Dispatching ZConfigChanged to 2 listeners
[08Apr2025 21:43:56.061] [main/INFO] [quark-zeta/]: Dispatching ZConfigChanged to 45 listeners
[08Apr2025 21:43:56.062] [Forge Version Check/INFO] [net.minecraftforge.fml.VersionChecker/]: [cumulus_menus] Starting version check at https://github.com/The-Aether-Team/Cumulus/raw/1.20.1-develop/update.json
[08Apr2025 21:43:56.083] [main/INFO] [Supplementaries/]: Finished mod setup in: [0, 2, 0, 0, 0, 0, 11, 1] ms
[08Apr2025 21:43:56.088] [Forge Version Check/INFO] [net.minecraftforge.fml.VersionChecker/]: [cumulus_menus] Found status: OUTDATED Current: 1.20.1-1.0.0-neoforge Target: 1.20.1-1.0.1-neoforge
[08Apr2025 21:43:56.088] [Forge Version Check/INFO] [net.minecraftforge.fml.VersionChecker/]: [enchantinginfuser] Starting version check at https://raw.githubusercontent.com/Fuzss/modresources/main/update/enchantinginfuser.json
[08Apr2025 21:43:56.098] [modloading-worker-0/INFO] [xaero.minimap.XaeroMinimap/]: Loading Xaero's Minimap - Stage 1/2 (Server)
[08Apr2025 21:43:56.101] [main/INFO] [xaero.minimap.XaeroMinimap/]: Loading Xaero's Minimap - Stage 2/2 (Server)
[08Apr2025 21:43:56.110] [Forge Version Check/INFO] [net.minecraftforge.fml.VersionChecker/]: [enchantinginfuser] Found status: OUTDATED Current: 8.0.2 Target: 8.0.3
[08Apr2025 21:43:56.111] [Forge Version Check/INFO] [net.minecraftforge.fml.VersionChecker/]: [mutantmonsters] Starting version check at https://raw.githubusercontent.com/Fuzss/modresources/main/update/mutantmonsters.json
[08Apr2025 21:43:56.123] [Forge Version Check/INFO] [net.minecraftforge.fml.VersionChecker/]: [mutantmonsters] Found status: UP_TO_DATE Current: 8.0.7 Target: null
[08Apr2025 21:43:56.124] [Forge Version Check/INFO] [net.minecraftforge.fml.VersionChecker/]: [clumps] Starting version check at https://updates.blamejared.com/get?n=clumps&gv=1.20.1
[08Apr2025 21:43:56.141] [modloading-worker-0/INFO] [com.eeeab.eeeabsmobs.EEEABMobs/]: Registering custom criteria trigger...
[08Apr2025 21:43:56.144] [modloading-worker-0/INFO] [zeta-internal/]: Dispatching ForgeZLoadComplete (as ZLoadComplete) to 1 listener
[08Apr2025 21:43:56.149] [modloading-worker-0/INFO] [quark-zeta/]: Dispatching ForgeZLoadComplete (as ZLoadComplete) to 6 listeners
[08Apr2025 21:43:56.152] [modloading-worker-0/INFO] [net.xalcon.torchmaster.Torchmaster/]: Applying mega torch entity block list overrides...
[08Apr2025 21:43:56.154] [modloading-worker-0/INFO] [net.xalcon.torchmaster.Torchmaster/]: Applying dread lamp entity block list overrides...
[08Apr2025 21:43:56.466] [Forge Version Check/INFO] [net.minecraftforge.fml.VersionChecker/]: [clumps] Found status: BETA Current: 12.0.0.4 Target: 12.0.0.4
[08Apr2025 21:43:56.466] [Forge Version Check/INFO] [net.minecraftforge.fml.VersionChecker/]: [puzzlesaccessapi] Starting version check at https://raw.githubusercontent.com/Fuzss/modresources/main/update/puzzlesaccessapi.json
[08Apr2025 21:43:56.478] [Forge Version Check/INFO] [net.minecraftforge.fml.VersionChecker/]: [puzzlesaccessapi] Found status: BETA Current: 8.0.7 Target: null
[08Apr2025 21:43:56.478] [Forge Version Check/INFO] [net.minecraftforge.fml.VersionChecker/]: [forge] Starting version check at https://files.minecraftforge.net/net/minecraftforge/forge/promotions_slim.json
[08Apr2025 21:43:56.571] [Forge Version Check/INFO] [net.minecraftforge.fml.VersionChecker/]: [forge] Found status: OUTDATED Current: 47.3.7 Target: 47.4.0
[08Apr2025 21:43:56.571] [Forge Version Check/INFO] [net.minecraftforge.fml.VersionChecker/]: [moonlight] Starting version check at https://raw.githubusercontent.com/MehVahdJukaar/Moonlight/multi-loader/forge/update.json
[08Apr2025 21:43:56.583] [Forge Version Check/INFO] [net.minecraftforge.fml.VersionChecker/]: [moonlight] Found status: BETA Current: 1.20-2.11.0 Target: null
[08Apr2025 21:43:56.583] [Forge Version Check/INFO] [net.minecraftforge.fml.VersionChecker/]: [securitycraft] Starting version check at https://www.github.com/Geforce132/SecurityCraft/raw/master/Updates/Forge.json
[08Apr2025 21:43:56.635] [Forge Version Check/INFO] [net.minecraftforge.fml.VersionChecker/]: [securitycraft] Found status: OUTDATED Current: 1.9.9 Target: 1.9.12
[08Apr2025 21:43:56.635] [Forge Version Check/INFO] [net.minecraftforge.fml.VersionChecker/]: [supplementaries] Starting version check at https://raw.githubusercontent.com/MehVahdJukaar/Supplementaries/1.20/forge/update.json
[08Apr2025 21:43:56.644] [Forge Version Check/INFO] [net.minecraftforge.fml.VersionChecker/]: [supplementaries] Found status: BETA Current: 1.20-2.8.6 Target: null
[08Apr2025 21:43:56.644] [Forge Version Check/INFO] [net.minecraftforge.fml.VersionChecker/]: [puzzleslib] Starting version check at https://raw.githubusercontent.com/Fuzss/modresources/main/update/puzzleslib.json
[08Apr2025 21:43:56.654] [Forge Version Check/INFO] [net.minecraftforge.fml.VersionChecker/]: [puzzleslib] Found status: OUTDATED Current: 8.1.17 Target: 8.1.32
[08Apr2025 21:43:56.654] [Forge Version Check/INFO] [net.minecraftforge.fml.VersionChecker/]: [ad_astra] Starting version check at https://api.modrinth.com/updates/3ufwT9JF/forge_updates.json
[08Apr2025 21:43:56.740] [Forge Version Check/INFO] [net.minecraftforge.fml.VersionChecker/]: [ad_astra] Found status: OUTDATED Current: 1.15.18 Target: 1.15.20
[08Apr2025 21:44:05.306] [main/INFO] [com.mojang.authlib.yggdrasil.YggdrasilAuthenticationService/]: Environment: authHost='https://authserver.mojang.com', accountsHost='https://api.mojang.com', sessionHost='https://sessionserver.mojang.com', servicesHost='https://api.minecraftservices.com', name='PROD'
[08Apr2025 21:44:12.391] [main/WARN] [net.minecraft.server.packs.VanillaPackResourcesBuilder/]: Assets URL 'union:/workspaces/PlanetQu/servidor_minecraft/libraries/net/minecraft/server/1.20.1-20230612.114412/server-1.20.1-20230612.114412-srg.jar%23283!/assets/.mcassetsroot' uses unexpected schema
[08Apr2025 21:44:12.392] [main/WARN] [net.minecraft.server.packs.VanillaPackResourcesBuilder/]: Assets URL 'union:/workspaces/PlanetQu/servidor_minecraft/libraries/net/minecraft/server/1.20.1-20230612.114412/server-1.20.1-20230612.114412-srg.jar%23283!/data/.mcassetsroot' uses unexpected schema
[08Apr2025 21:44:12.447] [main/INFO] [net.minecraft.server.MinecraftServer/]: Found new data pack Supplementaries Generated Pack, loading it automatically
[08Apr2025 21:44:12.447] [main/INFO] [net.minecraft.server.MinecraftServer/]: Found new data pack builtin/aether_accessories, loading it automatically
[08Apr2025 21:44:12.448] [main/INFO] [net.minecraft.server.MinecraftServer/]: Found new data pack mutantmonsters:biome_modifications, loading it automatically
[08Apr2025 21:44:12.522] [main/INFO] [Supplementaries/]: Generated runtime SERVER_DATA for pack Supplementaries Generated Pack (supplementaries) in: 41 ms
[08Apr2025 21:44:14.064] [main/ERROR] [betterendisland/]: key missing: bei_ExtraDragonFight in {BorderCenterX:0.0d,BorderCenterZ:0.0d,BorderDamagePerBlock:0.2d,BorderSafeZone:5.0d,BorderSize:5.9999968E7d,BorderSizeLerpTarget:5.9999968E7d,BorderSizeLerpTime:0L,BorderWarningBlocks:5.0d,BorderWarningTime:15.0d,CustomBossEvents:{},DataPacks:{Disabled:["bundle"],Enabled:["vanilla","mod:forge"]},DataVersion:3465,DayTime:5165L,Difficulty:1b,DifficultyLocked:0b,DragonFight:{DragonKilled:0b,Gateways:[I;11,8,12,7,10,17,5,16,18,6,19,14,1,3,13,9,15,4,2,0],NeedsStateScanning:1b,PreviouslyKilled:0b},GameRules:{announceAdvancements:"true",blockExplosionDropDecay:"true",commandBlockOutput:"true",commandModificationBlockLimit:"32768",disableElytraMovementCheck:"false",disableRaids:"false",doDaylightCycle:"true",doEntityDrops:"true",doFireTick:"true",doImmediateRespawn:"false",doInsomnia:"true",doLimitedCrafting:"false",doMobLoot:"true",doMobSpawning:"true",doPatrolSpawning:"true",doTileDrops:"true",doTraderSpawning:"true",doVinesSpread:"true",doWardenSpawning:"true",doWeatherCycle:"true",drowningDamage:"true",fallDamage:"true",fireDamage:"true",forgiveDeadPlayers:"true",freezeDamage:"true",globalSoundEvents:"true",keepInventory:"false",lavaSourceConversion:"false",logAdminCommands:"true",maxCommandChainLength:"65536",maxEntityCramming:"24",mobExplosionDropDecay:"true",mobGriefing:"true",naturalRegeneration:"true",playersSleepingPercentage:"100",randomTickSpeed:"3",reducedDebugInfo:"false",sendCommandFeedback:"true",showDeathMessages:"true",snowAccumulationHeight:"1",spawnRadius:"10",spectatorsGenerateChunks:"true",tntExplosionDropDecay:"false",universalAnger:"false",waterSourceConversion:"true"},GameType:0,LastPlayed:1744145768244L,LevelName:"world",ScheduledEvents:[],ServerBrands:["forge"],SpawnAngle:0.0f,SpawnX:-48,SpawnY:77,SpawnZ:112,Time:5165L,Version:{Id:3465,Name:"1.20.1",Series:"main",Snapshot:0b},WanderingTraderSpawnChance:25,WanderingTraderSpawnDelay:19200,WasModded:1b,WorldGenSettings:{bonus_chest:0b,dimensions:{"minecraft:overworld":{generator:{biome_source:{preset:"minecraft:overworld",type:"minecraft:multi_noise"},settings:"minecraft:overworld",type:"minecraft:noise"},type:"minecraft:overworld"},"minecraft:the_end":{generator:{biome_source:{type:"minecraft:the_end"},settings:"minecraft:end",type:"minecraft:noise"},type:"minecraft:the_end"},"minecraft:the_nether":{generator:{biome_source:{preset:"minecraft:nether",type:"minecraft:multi_noise"},settings:"minecraft:nether",type:"minecraft:noise"},type:"minecraft:the_nether"}},generate_features:1b,seed:-5488093393813279542L},allowCommands:0b,clearWeatherTime:0,confirmedExperimentalSettings:0b,forgeLifecycle:"stable",hardcore:0b,initialized:1b,rainTime:57634,raining:0b,thunderTime:36485,thundering:0b,version:19133}
[08Apr2025 21:44:14.516] [main/INFO] [com.github.alexthe666.alexsmobs.AlexsMobs/]: Adding datapack listener capsid_recipes
[08Apr2025 21:44:14.522] [main/INFO] [com.github.L_Ender.cataclysm.Cataclysm/]: Adding datapack listener altar_of_amethyst_recipes
[08Apr2025 21:44:14.529] [main/INFO] [zeta-internal/]: Dispatching ForgeZAddReloadListener (as ZAddReloadListener) to 2 listeners
[08Apr2025 21:44:14.531] [main/INFO] [quark-zeta/]: Dispatching ForgeZAddReloadListener (as ZAddReloadListener) to 2 listeners
[08Apr2025 21:44:14.531] [main/INFO] [quark-zeta/]: Dispatching AdvancementModifierRegistry$1 (as ZGatherAdvancementModifiers) to 1 listener
[08Apr2025 21:44:14.668] [Worker-Main-2/ERROR] [net.minecraft.tags.TagLoader/]: Couldn't load tag alexsmobs:skreechers_can_spawn_wardens as it is missing following references: deeperdarker:otherside (from deeperdarker-forge-1.20.1-1.2.1.jar)
[08Apr2025 21:44:14.671] [Worker-Main-2/ERROR] [net.minecraft.tags.TagLoader/]: Couldn't load tag forge:is_eyestalker as it is missing following references: #forge:is_end (from enemyexpansion-2.3.1-forge-1.20.1.jar)
[08Apr2025 21:44:14.672] [Worker-Main-3/WARN] [artifacts.Artifacts/]: Tag entries for curios:tags/items/magic_book.json cleared by tombstone-1.20.1-8.6.3.jar
[08Apr2025 21:44:16.474] [main/WARN] [net.minecraft.world.level.storage.loot.LootDataManager/]: Found loot table element validation problem in {loot_tables:luminousworld:entities/fawn}.pools[0].entries[0].functions[1]: Parameters [<parameter minecraft:tool>] are not provided in this context
[08Apr2025 21:44:16.475] [main/WARN] [net.minecraft.world.level.storage.loot.LootDataManager/]: Found loot table element validation problem in {loot_tables:undead_revamp2:entities/theheavy}.pools[2].entries[1].functions[1]: Parameters [<parameter minecraft:tool>] are not provided in this context
[08Apr2025 21:44:16.475] [main/WARN] [net.minecraft.world.level.storage.loot.LootDataManager/]: Found loot table element validation problem in {loot_tables:undead_revamp2:entities/slaveman}.pools[3].entries[0].functions[1]: Parameters [<parameter minecraft:tool>] are not provided in this context
[08Apr2025 21:44:16.475] [main/WARN] [net.minecraft.world.level.storage.loot.LootDataManager/]: Found loot table element validation problem in {loot_tables:undead_revamp2:entities/theskeeper}.pools[1].entries[0].functions[1]: Parameters [<parameter minecraft:tool>] are not provided in this context
[08Apr2025 21:44:16.475] [main/WARN] [net.minecraft.world.level.storage.loot.LootDataManager/]: Found loot table element validation problem in {loot_tables:luminousworld:entities/deer}.pools[0].entries[0].functions[1]: Parameters [<parameter minecraft:tool>] are not provided in this context
[08Apr2025 21:44:16.475] [main/WARN] [net.minecraft.world.level.storage.loot.LootDataManager/]: Found loot table element validation problem in {loot_tables:luminousworld:entities/deer}.pools[0].entries[1].functions[1]: Parameters [<parameter minecraft:tool>] are not provided in this context
[08Apr2025 21:44:16.475] [main/WARN] [net.minecraft.world.level.storage.loot.LootDataManager/]: Found loot table element validation problem in {loot_tables:luminousworld:entities/fawn}.pools[0].entries[1].functions[1]: Parameters [<parameter minecraft:tool>] are not provided in this context
[08Apr2025 21:44:16.528] [main/INFO] [net.minecraft.world.item.crafting.RecipeManager/]: Skipping loading recipe supplementaries:inspirations/blackboard_clear as it's serializer returned null
[08Apr2025 21:44:16.556] [main/INFO] [net.minecraft.world.item.crafting.RecipeManager/]: Skipping loading recipe twilightforest:jeed/frosted as it's serializer returned null
[08Apr2025 21:44:16.556] [main/INFO] [net.minecraft.world.item.crafting.RecipeManager/]: Skipping loading recipe supplementaries:inspirations/flag_dye as it's serializer returned null
[08Apr2025 21:44:16.566] [main/INFO] [net.minecraft.world.item.crafting.RecipeManager/]: Skipping loading recipe twilightforest:jeed/hunger as it's serializer returned null
[08Apr2025 21:44:16.608] [main/INFO] [net.minecraft.world.item.crafting.RecipeManager/]: Skipping loading recipe twilightforest:jeed/blindness as it's serializer returned null
[08Apr2025 21:44:16.619] [main/INFO] [net.minecraft.world.item.crafting.RecipeManager/]: Skipping loading recipe twilightforest:jeed/poison as it's serializer returned null
[08Apr2025 21:44:16.651] [main/INFO] [net.minecraft.world.item.crafting.RecipeManager/]: Skipping loading recipe twilightforest:jeed/resistance as it's serializer returned null
[08Apr2025 21:44:16.663] [main/INFO] [net.minecraft.world.item.crafting.RecipeManager/]: Skipping loading recipe supplementaries:inspirations/flag_clear as it's serializer returned null
[08Apr2025 21:44:16.666] [main/ERROR] [net.minecraft.world.item.crafting.RecipeManager/]: Parsing error loading recipe naturalist:frontier_cap
com.google.gson.JsonSyntaxException: Invalid or unsupported recipe type 'forge:mod_loaded'
	at net.minecraft.world.item.crafting.RecipeManager.m_220253_(RecipeManager.java:170) ~[server-1.20.1-20230612.114412-srg.jar%23283!/:?]
	at java.util.Optional.orElseThrow(Optional.java:403) ~[?:?]
	at net.minecraft.world.item.crafting.RecipeManager.fromJson(RecipeManager.java:169) ~[server-1.20.1-20230612.114412-srg.jar%23283!/:?]
	at net.minecraft.world.item.crafting.RecipeManager.m_5787_(RecipeManager.java:67) ~[server-1.20.1-20230612.114412-srg.jar%23283!/:?]
	at net.minecraft.world.item.crafting.RecipeManager.m_5787_(RecipeManager.java:34) ~[server-1.20.1-20230612.114412-srg.jar%23283!/:?]
	at net.minecraft.server.packs.resources.SimplePreparableReloadListener.m_10789_(SimplePreparableReloadListener.java:13) ~[server-1.20.1-20230612.114412-srg.jar%23283!/:?]
	at java.util.concurrent.CompletableFuture$UniAccept.tryFire(CompletableFuture.java:718) ~[?:?]
	at java.util.concurrent.CompletableFuture$Completion.run(CompletableFuture.java:482) ~[?:?]
	at net.minecraft.server.packs.resources.SimpleReloadInstance.m_143940_(SimpleReloadInstance.java:69) ~[server-1.20.1-20230612.114412-srg.jar%23283!/:?]
	at net.minecraft.Util.m_214652_(Util.java:783) ~[server-1.20.1-20230612.114412-srg.jar%23283!/:?]
	at net.minecraft.Util.m_214679_(Util.java:772) ~[server-1.20.1-20230612.114412-srg.jar%23283!/:?]
	at net.minecraft.server.Main.main(Main.java:166) ~[server-1.20.1-20230612.114412-srg.jar%23283!/:?]
	at jdk.internal.reflect.NativeMethodAccessorImpl.invoke0(Native Method) ~[?:?]
	at jdk.internal.reflect.NativeMethodAccessorImpl.invoke(NativeMethodAccessorImpl.java:77) ~[?:?]
	at jdk.internal.reflect.DelegatingMethodAccessorImpl.invoke(DelegatingMethodAccessorImpl.java:43) ~[?:?]
	at java.lang.reflect.Method.invoke(Method.java:569) ~[?:?]
	at net.minecraftforge.fml.loading.targets.CommonLaunchHandler.runTarget(CommonLaunchHandler.java:111) ~[fmlloader-1.20.1-47.3.7.jar%2369!/:?]
	at net.minecraftforge.fml.loading.targets.CommonLaunchHandler.serverService(CommonLaunchHandler.java:103) ~[fmlloader-1.20.1-47.3.7.jar%2369!/:?]
	at net.minecraftforge.fml.loading.targets.CommonServerLaunchHandler.lambda$makeService$0(CommonServerLaunchHandler.java:27) ~[fmlloader-1.20.1-47.3.7.jar%2369!/:?]
	at cpw.mods.modlauncher.LaunchServiceHandlerDecorator.launch(LaunchServiceHandlerDecorator.java:30) ~[modlauncher-10.0.9.jar%2355!/:?]
	at cpw.mods.modlauncher.LaunchServiceHandler.launch(LaunchServiceHandler.java:53) ~[modlauncher-10.0.9.jar%2355!/:?]
	at cpw.mods.modlauncher.LaunchServiceHandler.launch(LaunchServiceHandler.java:71) ~[modlauncher-10.0.9.jar%2355!/:?]
	at cpw.mods.modlauncher.Launcher.run(Launcher.java:108) ~[modlauncher-10.0.9.jar%2355!/:?]
	at cpw.mods.modlauncher.Launcher.main(Launcher.java:78) ~[modlauncher-10.0.9.jar%2355!/:?]
	at cpw.mods.modlauncher.BootstrapLaunchConsumer.accept(BootstrapLaunchConsumer.java:26) ~[modlauncher-10.0.9.jar%2355!/:?]
	at cpw.mods.modlauncher.BootstrapLaunchConsumer.accept(BootstrapLaunchConsumer.java:23) ~[modlauncher-10.0.9.jar%2355!/:?]
	at cpw.mods.bootstraplauncher.BootstrapLauncher.main(BootstrapLauncher.java:141) ~[bootstraplauncher-1.1.2.jar:?]
[08Apr2025 21:44:16.671] [main/ERROR] [net.minecraft.world.item.crafting.RecipeManager/]: Parsing error loading recipe naturalist:frontier_cap_alt
com.google.gson.JsonSyntaxException: Invalid or unsupported recipe type 'forge:mod_loaded'
	at net.minecraft.world.item.crafting.RecipeManager.m_220253_(RecipeManager.java:170) ~[server-1.20.1-20230612.114412-srg.jar%23283!/:?]
	at java.util.Optional.orElseThrow(Optional.java:403) ~[?:?]
	at net.minecraft.world.item.crafting.RecipeManager.fromJson(RecipeManager.java:169) ~[server-1.20.1-20230612.114412-srg.jar%23283!/:?]
	at net.minecraft.world.item.crafting.RecipeManager.m_5787_(RecipeManager.java:67) ~[server-1.20.1-20230612.114412-srg.jar%23283!/:?]
	at net.minecraft.world.item.crafting.RecipeManager.m_5787_(RecipeManager.java:34) ~[server-1.20.1-20230612.114412-srg.jar%23283!/:?]
	at net.minecraft.server.packs.resources.SimplePreparableReloadListener.m_10789_(SimplePreparableReloadListener.java:13) ~[server-1.20.1-20230612.114412-srg.jar%23283!/:?]
	at java.util.concurrent.CompletableFuture$UniAccept.tryFire(CompletableFuture.java:718) ~[?:?]
	at java.util.concurrent.CompletableFuture$Completion.run(CompletableFuture.java:482) ~[?:?]
	at net.minecraft.server.packs.resources.SimpleReloadInstance.m_143940_(SimpleReloadInstance.java:69) ~[server-1.20.1-20230612.114412-srg.jar%23283!/:?]
	at net.minecraft.Util.m_214652_(Util.java:783) ~[server-1.20.1-20230612.114412-srg.jar%23283!/:?]
	at net.minecraft.Util.m_214679_(Util.java:772) ~[server-1.20.1-20230612.114412-srg.jar%23283!/:?]
	at net.minecraft.server.Main.main(Main.java:166) ~[server-1.20.1-20230612.114412-srg.jar%23283!/:?]
	at jdk.internal.reflect.NativeMethodAccessorImpl.invoke0(Native Method) ~[?:?]
	at jdk.internal.reflect.NativeMethodAccessorImpl.invoke(NativeMethodAccessorImpl.java:77) ~[?:?]
	at jdk.internal.reflect.DelegatingMethodAccessorImpl.invoke(DelegatingMethodAccessorImpl.java:43) ~[?:?]
	at java.lang.reflect.Method.invoke(Method.java:569) ~[?:?]
	at net.minecraftforge.fml.loading.targets.CommonLaunchHandler.runTarget(CommonLaunchHandler.java:111) ~[fmlloader-1.20.1-47.3.7.jar%2369!/:?]
	at net.minecraftforge.fml.loading.targets.CommonLaunchHandler.serverService(CommonLaunchHandler.java:103) ~[fmlloader-1.20.1-47.3.7.jar%2369!/:?]
	at net.minecraftforge.fml.loading.targets.CommonServerLaunchHandler.lambda$makeService$0(CommonServerLaunchHandler.java:27) ~[fmlloader-1.20.1-47.3.7.jar%2369!/:?]
	at cpw.mods.modlauncher.LaunchServiceHandlerDecorator.launch(LaunchServiceHandlerDecorator.java:30) ~[modlauncher-10.0.9.jar%2355!/:?]
	at cpw.mods.modlauncher.LaunchServiceHandler.launch(LaunchServiceHandler.java:53) ~[modlauncher-10.0.9.jar%2355!/:?]
	at cpw.mods.modlauncher.LaunchServiceHandler.launch(LaunchServiceHandler.java:71) ~[modlauncher-10.0.9.jar%2355!/:?]
	at cpw.mods.modlauncher.Launcher.run(Launcher.java:108) ~[modlauncher-10.0.9.jar%2355!/:?]
	at cpw.mods.modlauncher.Launcher.main(Launcher.java:78) ~[modlauncher-10.0.9.jar%2355!/:?]
	at cpw.mods.modlauncher.BootstrapLaunchConsumer.accept(BootstrapLaunchConsumer.java:26) ~[modlauncher-10.0.9.jar%2355!/:?]
	at cpw.mods.modlauncher.BootstrapLaunchConsumer.accept(BootstrapLaunchConsumer.java:23) ~[modlauncher-10.0.9.jar%2355!/:?]
	at cpw.mods.bootstraplauncher.BootstrapLauncher.main(BootstrapLauncher.java:141) ~[bootstraplauncher-1.1.2.jar:?]
[08Apr2025 21:44:16.685] [main/INFO] [net.minecraft.world.item.crafting.RecipeManager/]: Skipping loading recipe twilightforest:jeed/regeneration as it's serializer returned null
[08Apr2025 21:44:16.686] [main/INFO] [net.minecraft.world.item.crafting.RecipeManager/]: Skipping loading recipe twilightforest:jeed/slowness as it's serializer returned null
[08Apr2025 21:44:16.689] [main/INFO] [net.minecraft.world.item.crafting.RecipeManager/]: Skipping loading recipe twilightforest:jeed/fire_resistance as it's serializer returned null
[08Apr2025 21:44:16.692] [main/INFO] [net.minecraft.world.item.crafting.RecipeManager/]: Loaded 29 recipes
[08Apr2025 21:44:16.693] [main/ERROR] [net.minecraft.server.ServerFunctionLibrary/]: Failed to load function enemyexpansion:silver_exes
java.util.concurrent.CompletionException: java.lang.IllegalArgumentException: Whilst parsing command on line 1: Incorrect argument for command at position 25: ...erfriends <--[HERE]
	at java.util.concurrent.CompletableFuture.encodeThrowable(CompletableFuture.java:315) ~[?:?]
	at java.util.concurrent.CompletableFuture.completeThrowable(CompletableFuture.java:320) ~[?:?]
	at java.util.concurrent.CompletableFuture$AsyncSupply.run(CompletableFuture.java:1770) ~[?:?]
	at java.util.concurrent.CompletableFuture$AsyncSupply.exec(CompletableFuture.java:1760) ~[?:?]
	at java.util.concurrent.ForkJoinTask.doExec(ForkJoinTask.java:373) ~[?:?]
	at java.util.concurrent.ForkJoinPool$WorkQueue.topLevelExec(ForkJoinPool.java:1182) ~[?:?]
	at java.util.concurrent.ForkJoinPool.scan(ForkJoinPool.java:1655) ~[?:?]
	at java.util.concurrent.ForkJoinPool.runWorker(ForkJoinPool.java:1622) ~[?:?]
	at java.util.concurrent.ForkJoinWorkerThread.run(ForkJoinWorkerThread.java:165) ~[?:?]
Caused by: java.lang.IllegalArgumentException: Whilst parsing command on line 1: Incorrect argument for command at position 25: ...erfriends <--[HERE]
	at net.minecraft.commands.CommandFunction.m_77984_(CommandFunction.java:63) ~[server-1.20.1-20230612.114412-srg.jar%23283!/:?]
	at net.minecraft.server.ServerFunctionLibrary.m_214320_(ServerFunctionLibrary.java:83) ~[server-1.20.1-20230612.114412-srg.jar%23283!/:?]
	at java.util.concurrent.CompletableFuture$AsyncSupply.run(CompletableFuture.java:1768) ~[?:?]
	... 6 more
[08Apr2025 21:44:16.695] [main/ERROR] [net.minecraft.server.ServerFunctionLibrary/]: Failed to load function watching:check
java.util.concurrent.CompletionException: java.lang.IllegalArgumentException: Whilst parsing command on line 1: Unknown or incomplete command, see below for error at position 0: <--[HERE]
	at java.util.concurrent.CompletableFuture.encodeThrowable(CompletableFuture.java:315) ~[?:?]
	at java.util.concurrent.CompletableFuture.completeThrowable(CompletableFuture.java:320) ~[?:?]
	at java.util.concurrent.CompletableFuture$AsyncSupply.run(CompletableFuture.java:1770) ~[?:?]
	at java.util.concurrent.CompletableFuture$AsyncSupply.exec(CompletableFuture.java:1760) ~[?:?]
	at java.util.concurrent.ForkJoinTask.doExec(ForkJoinTask.java:373) ~[?:?]
	at java.util.concurrent.ForkJoinPool$WorkQueue.topLevelExec(ForkJoinPool.java:1182) ~[?:?]
	at java.util.concurrent.ForkJoinPool.scan(ForkJoinPool.java:1655) ~[?:?]
	at java.util.concurrent.ForkJoinPool.runWorker(ForkJoinPool.java:1622) ~[?:?]
	at java.util.concurrent.ForkJoinWorkerThread.run(ForkJoinWorkerThread.java:165) ~[?:?]
Caused by: java.lang.IllegalArgumentException: Whilst parsing command on line 1: Unknown or incomplete command, see below for error at position 0: <--[HERE]
	at net.minecraft.commands.CommandFunction.m_77984_(CommandFunction.java:63) ~[server-1.20.1-20230612.114412-srg.jar%23283!/:?]
	at net.minecraft.server.ServerFunctionLibrary.m_214320_(ServerFunctionLibrary.java:83) ~[server-1.20.1-20230612.114412-srg.jar%23283!/:?]
	at java.util.concurrent.CompletableFuture$AsyncSupply.run(CompletableFuture.java:1768) ~[?:?]
	... 6 more
[08Apr2025 21:44:16.762] [main/ERROR] [net.minecraft.server.ServerAdvancementManager/]: Parsing error loading custom advancement supplementaries:recipes/planter_rich: Unknown item id 'farmersdelight:rich_soil'
[08Apr2025 21:44:16.861] [main/INFO] [quark/]: [Automatic Recipe Unlock] Removed 4248 recipe advancements
[08Apr2025 21:44:16.872] [main/INFO] [net.minecraft.advancements.AdvancementList/]: Loaded 1017 advancements
[08Apr2025 21:44:16.888] [main/INFO] [twilightforest/]: Loaded 9 Stalactite configs!
[08Apr2025 21:44:16.895] [main/INFO] [top.theillusivec4.curios.Curios/]: Loaded 19 curio slots
[08Apr2025 21:44:16.902] [main/INFO] [top.theillusivec4.curios.Curios/]: Loaded 12 curio entities
[08Apr2025 21:44:16.903] [main/ERROR] [bettervillage/]: Ice And Fire compatibility is not enabled for Better Village and Ice And Fire is present in your mod list.
     - Please install the datapack for better compatibility between Better Villages and Ice And Fire.
     - You can find the datapack URL in the `compatibility` section of the Better Villages description.
     - URL=https://www.curseforge.com/minecraft/mc-mods/better-village-forge
[08Apr2025 21:44:16.927] [main/INFO] [com.brutalbosses.BrutalBosses/]: Loaded boss variant for: minecraft:drowned
[08Apr2025 21:44:16.927] [main/INFO] [com.brutalbosses.BrutalBosses/]: Loaded boss variant for: minecraft:iron_golem
[08Apr2025 21:44:16.927] [main/INFO] [com.brutalbosses.BrutalBosses/]: Loaded boss variant for: minecraft:snow_golem
[08Apr2025 21:44:16.927] [main/INFO] [com.brutalbosses.BrutalBosses/]: Loaded boss variant for: minecraft:zombie
[08Apr2025 21:44:16.927] [main/INFO] [com.brutalbosses.BrutalBosses/]: Loaded boss variant for: minecraft:skeleton
[08Apr2025 21:44:16.927] [main/INFO] [com.brutalbosses.BrutalBosses/]: Loaded boss variant for: minecraft:pillager
[08Apr2025 21:44:16.927] [main/INFO] [com.brutalbosses.BrutalBosses/]: Loaded boss variant for: minecraft:vex
[08Apr2025 21:44:16.928] [main/INFO] [com.brutalbosses.BrutalBosses/]: Loaded boss variant for: minecraft:evoker
[08Apr2025 21:44:16.928] [main/INFO] [com.brutalbosses.BrutalBosses/]: Loaded boss variant for: minecraft:zombie
[08Apr2025 21:44:16.928] [main/INFO] [com.brutalbosses.BrutalBosses/]: Loaded boss variant for: minecraft:vindicator
[08Apr2025 21:44:16.928] [main/INFO] [com.brutalbosses.BrutalBosses/]: Loaded boss variant for: minecraft:wither_skeleton
[08Apr2025 21:44:16.928] [main/INFO] [com.brutalbosses.BrutalBosses/]: Loaded boss variant for: minecraft:wither_skeleton
[08Apr2025 21:44:16.928] [main/INFO] [com.brutalbosses.BrutalBosses/]: Loaded boss variant for: minecraft:cave_spider
[08Apr2025 21:44:16.928] [main/INFO] [com.brutalbosses.BrutalBosses/]: Loaded boss variant for: minecraft:zombie
[08Apr2025 21:44:16.928] [main/INFO] [com.brutalbosses.BrutalBosses/]: Loaded boss variant for: minecraft:husk
[08Apr2025 21:44:16.928] [main/INFO] [com.brutalbosses.BrutalBosses/]: Loaded boss variant for: minecraft:evoker
[08Apr2025 21:44:16.928] [main/INFO] [com.brutalbosses.BrutalBosses/]: Loaded boss variant for: minecraft:wandering_trader
[08Apr2025 21:44:16.928] [main/INFO] [com.brutalbosses.BrutalBosses/]: Loaded boss variant for: minecraft:guardian
[08Apr2025 21:44:16.928] [main/INFO] [com.brutalbosses.BrutalBosses/]: Loaded boss variant for: minecraft:vindicator
[08Apr2025 21:44:16.928] [main/INFO] [com.brutalbosses.BrutalBosses/]: Loaded boss variant for: minecraft:shulker
[08Apr2025 21:44:16.928] [main/INFO] [com.brutalbosses.BrutalBosses/]: Loaded boss variant for: minecraft:zoglin
[08Apr2025 21:44:16.928] [main/INFO] [com.brutalbosses.BrutalBosses/]: Loaded boss variant for: minecraft:chicken
[08Apr2025 21:44:16.928] [main/INFO] [com.brutalbosses.BrutalBosses/]: Loaded boss variant for: minecraft:blaze
[08Apr2025 21:44:16.928] [main/INFO] [com.brutalbosses.BrutalBosses/]: Loaded boss variant for: minecraft:witch
[08Apr2025 21:44:16.929] [main/INFO] [com.brutalbosses.BrutalBosses/]: Loaded boss variant for: minecraft:phantom
[08Apr2025 21:44:16.929] [main/INFO] [com.brutalbosses.BrutalBosses/]: Loaded boss variant for: minecraft:mooshroom
[08Apr2025 21:44:16.929] [main/INFO] [com.brutalbosses.BrutalBosses/]: Loaded boss variant for: minecraft:rabbit
[08Apr2025 21:44:16.929] [main/INFO] [com.brutalbosses.BrutalBosses/]: Loaded boss variant for: minecraft:piglin_brute
[08Apr2025 21:44:16.929] [main/INFO] [com.brutalbosses.BrutalBosses/]: Loaded boss variant for: minecraft:ghast
[08Apr2025 21:44:16.929] [main/INFO] [com.brutalbosses.BrutalBosses/]: Loaded boss variant for: minecraft:stray
[08Apr2025 21:44:16.931] [main/INFO] [quark-zeta/]: Modified advancement minecraft:husbandry/wax_on with 2 patches
[08Apr2025 21:44:16.931] [main/INFO] [quark-zeta/]: Modified advancement minecraft:adventure/kill_a_mob with 3 patches
[08Apr2025 21:44:16.932] [main/INFO] [quark-zeta/]: Modified advancement minecraft:husbandry/bred_all_animals with 3 patches
[08Apr2025 21:44:16.932] [main/INFO] [quark-zeta/]: Modified advancement minecraft:adventure/kill_all_mobs with 3 patches
[08Apr2025 21:44:16.932] [main/INFO] [quark-zeta/]: Modified advancement minecraft:husbandry/balanced_diet with 3 patches
[08Apr2025 21:44:16.932] [main/INFO] [quark-zeta/]: Modified advancement minecraft:husbandry/plant_seed with 1 patches
[08Apr2025 21:44:16.932] [main/INFO] [quark-zeta/]: Modified advancement minecraft:nether/all_effects with 2 patches
[08Apr2025 21:44:16.933] [main/INFO] [quark-zeta/]: Modified advancement minecraft:husbandry/wax_off with 2 patches
[08Apr2025 21:44:16.933] [main/INFO] [quark-zeta/]: Modified advancement minecraft:adventure/adventuring_time with 1 patches
[08Apr2025 21:44:16.933] [main/INFO] [quark-zeta/]: Modified advancement minecraft:nether/all_potions with 1 patches
[08Apr2025 21:44:16.940] [main/INFO] [Supplementaries/]: Loaded 27 flute songs
[08Apr2025 21:44:23.308] [main/INFO] [Moonlight/]: Applied 7 data villager trades
[08Apr2025 21:44:23.312] [main/INFO] [zeta-internal/]: Dispatching ZTagsUpdated to 1 listener
[08Apr2025 21:44:23.328] [main/INFO] [Supplementaries/]: Finished additional setup in 15 ms
[08Apr2025 21:44:23.505] [Server thread/INFO] [net.minecraft.server.dedicated.DedicatedServer/]: Starting minecraft server version 1.20.1
[08Apr2025 21:44:23.505] [Server thread/INFO] [net.minecraft.server.dedicated.DedicatedServer/]: Loading properties
[08Apr2025 21:44:23.505] [Server thread/INFO] [net.minecraft.server.dedicated.DedicatedServer/]: Default game type: SURVIVAL
[08Apr2025 21:44:23.505] [Server thread/INFO] [net.minecraft.server.MinecraftServer/]: Generating keypair
[08Apr2025 21:44:23.580] [Server thread/INFO] [net.minecraft.server.dedicated.DedicatedServer/]: Starting Minecraft server on *:25565
[08Apr2025 21:44:23.613] [Server thread/INFO] [net.minecraft.server.network.ServerConnectionListener/]: Using epoll channel type
[08Apr2025 21:44:23.703] [Server thread/WARN] [net.minecraftforge.common.ForgeConfigSpec/CORE]: Configuration file /workspaces/PlanetQu/servidor_minecraft/config/illagerinvasion-server.toml is not correct. Correcting
[08Apr2025 21:44:23.704] [Server thread/WARN] [net.minecraftforge.common.ForgeConfigSpec/CORE]: Incorrect key alchemist was corrected from null to its default, SimpleCommentedConfig:{}. 
[08Apr2025 21:44:23.704] [Server thread/WARN] [net.minecraftforge.common.ForgeConfigSpec/CORE]: Incorrect key alchemist.participate_in_raids was corrected from null to its default, true. 
[08Apr2025 21:44:23.704] [Server thread/WARN] [net.minecraftforge.common.ForgeConfigSpec/CORE]: Incorrect key sorcerer was corrected from null to its default, SimpleCommentedConfig:{}. 
[08Apr2025 21:44:23.705] [Server thread/WARN] [net.minecraftforge.common.ForgeConfigSpec/CORE]: Incorrect key sorcerer.participate_in_raids was corrected from null to its default, true. 
[08Apr2025 21:44:23.705] [Server thread/WARN] [net.minecraftforge.common.ForgeConfigSpec/CORE]: Incorrect key illusioner was corrected from null to its default, SimpleCommentedConfig:{}. 
[08Apr2025 21:44:23.705] [Server thread/WARN] [net.minecraftforge.common.ForgeConfigSpec/CORE]: Incorrect key illusioner.participate_in_raids was corrected from null to its default, true. 
[08Apr2025 21:44:23.706] [Server thread/WARN] [net.minecraftforge.common.ForgeConfigSpec/CORE]: Incorrect key basher was corrected from null to its default, SimpleCommentedConfig:{}. 
[08Apr2025 21:44:23.706] [Server thread/WARN] [net.minecraftforge.common.ForgeConfigSpec/CORE]: Incorrect key basher.participate_in_raids was corrected from null to its default, true. 
[08Apr2025 21:44:23.706] [Server thread/WARN] [net.minecraftforge.common.ForgeConfigSpec/CORE]: Incorrect key necromancer was corrected from null to its default, SimpleCommentedConfig:{}. 
[08Apr2025 21:44:23.706] [Server thread/WARN] [net.minecraftforge.common.ForgeConfigSpec/CORE]: Incorrect key necromancer.participate_in_raids was corrected from null to its default, true. 
[08Apr2025 21:44:23.707] [Server thread/WARN] [net.minecraftforge.common.ForgeConfigSpec/CORE]: Incorrect key inquisitor was corrected from null to its default, SimpleCommentedConfig:{}. 
[08Apr2025 21:44:23.707] [Server thread/WARN] [net.minecraftforge.common.ForgeConfigSpec/CORE]: Incorrect key inquisitor.participate_in_raids was corrected from null to its default, true. 
[08Apr2025 21:44:23.707] [Server thread/WARN] [net.minecraftforge.common.ForgeConfigSpec/CORE]: Incorrect key provoker was corrected from null to its default, SimpleCommentedConfig:{}. 
[08Apr2025 21:44:23.708] [Server thread/WARN] [net.minecraftforge.common.ForgeConfigSpec/CORE]: Incorrect key provoker.participate_in_raids was corrected from null to its default, true. 
[08Apr2025 21:44:23.708] [Server thread/WARN] [net.minecraftforge.common.ForgeConfigSpec/CORE]: Incorrect key archivist was corrected from null to its default, SimpleCommentedConfig:{}. 
[08Apr2025 21:44:23.708] [Server thread/WARN] [net.minecraftforge.common.ForgeConfigSpec/CORE]: Incorrect key archivist.participate_in_raids was corrected from null to its default, true. 
[08Apr2025 21:44:23.709] [Server thread/WARN] [net.minecraftforge.common.ForgeConfigSpec/CORE]: Incorrect key marauder was corrected from null to its default, SimpleCommentedConfig:{}. 
[08Apr2025 21:44:23.709] [Server thread/WARN] [net.minecraftforge.common.ForgeConfigSpec/CORE]: Incorrect key marauder.participate_in_raids was corrected from null to its default, true. 
[08Apr2025 21:44:23.709] [Server thread/WARN] [net.minecraftforge.common.ForgeConfigSpec/CORE]: Incorrect key general was corrected from null to its default, SimpleCommentedConfig:{}. 
[08Apr2025 21:44:23.709] [Server thread/WARN] [net.minecraftforge.common.ForgeConfigSpec/CORE]: Incorrect key general.invoker_boss_bar was corrected from null to its default, true. 
[08Apr2025 21:44:23.710] [Server thread/WARN] [net.minecraftforge.common.ForgeConfigSpec/CORE]: Incorrect key general.platinum_trim_effects was corrected from null to its default, true. 
[08Apr2025 21:44:23.711] [Server thread/INFO] [Puzzles Lib/]: Loading server config for illagerinvasion
[08Apr2025 21:44:23.712] [Server thread/WARN] [net.minecraftforge.common.ForgeConfigSpec/CORE]: Configuration file /workspaces/PlanetQu/servidor_minecraft/config/easyanvils-server.toml is not correct. Correcting
[08Apr2025 21:44:23.713] [Server thread/WARN] [net.minecraftforge.common.ForgeConfigSpec/CORE]: Incorrect key miscellaneous was corrected from null to its default, SimpleCommentedConfig:{}. 
[08Apr2025 21:44:23.713] [Server thread/WARN] [net.minecraftforge.common.ForgeConfigSpec/CORE]: Incorrect key miscellaneous.anvil_break_chance was corrected from null to its default, 0.05. 
[08Apr2025 21:44:23.713] [Server thread/WARN] [net.minecraftforge.common.ForgeConfigSpec/CORE]: Incorrect key miscellaneous.risk_free_anvil_renaming was corrected from null to its default, true. 
[08Apr2025 21:44:23.713] [Server thread/WARN] [net.minecraftforge.common.ForgeConfigSpec/CORE]: Incorrect key miscellaneous.edit_name_tags_no_anvil was corrected from null to its default, true. 
[08Apr2025 21:44:23.713] [Server thread/WARN] [net.minecraftforge.common.ForgeConfigSpec/CORE]: Incorrect key miscellaneous.renaming_supports_formatting was corrected from null to its default, true. 
[08Apr2025 21:44:23.714] [Server thread/WARN] [net.minecraftforge.common.ForgeConfigSpec/CORE]: Incorrect key miscellaneous.anvil_repairing was corrected from null to its default, true. 
[08Apr2025 21:44:23.714] [Server thread/WARN] [net.minecraftforge.common.ForgeConfigSpec/CORE]: Incorrect key costs was corrected from null to its default, SimpleCommentedConfig:{}. 
[08Apr2025 21:44:23.714] [Server thread/WARN] [net.minecraftforge.common.ForgeConfigSpec/CORE]: Incorrect key costs.rare_enchantment_multiplier was corrected from null to its default, 4. 
[08Apr2025 21:44:23.714] [Server thread/WARN] [net.minecraftforge.common.ForgeConfigSpec/CORE]: Incorrect key costs.repair_with_other_item_cost was corrected from null to its default, 2. 
[08Apr2025 21:44:23.715] [Server thread/WARN] [net.minecraftforge.common.ForgeConfigSpec/CORE]: Incorrect key costs.common_enchantment_multiplier was corrected from null to its default, 1. 
[08Apr2025 21:44:23.715] [Server thread/WARN] [net.minecraftforge.common.ForgeConfigSpec/CORE]: Incorrect key costs.very_rare_enchantment_multiplier was corrected from null to its default, 8. 
[08Apr2025 21:44:23.715] [Server thread/WARN] [net.minecraftforge.common.ForgeConfigSpec/CORE]: Incorrect key costs.uncommon_enchantment_multiplier was corrected from null to its default, 2. 
[08Apr2025 21:44:23.715] [Server thread/WARN] [net.minecraftforge.common.ForgeConfigSpec/CORE]: Incorrect key costs.halved_book_costs was corrected from null to its default, true. 
[08Apr2025 21:44:23.715] [Server thread/WARN] [net.minecraftforge.common.ForgeConfigSpec/CORE]: Incorrect key costs.repair_with_material_unit_cost was corrected from null to its default, 1. 
[08Apr2025 21:44:23.716] [Server thread/WARN] [net.minecraftforge.common.ForgeConfigSpec/CORE]: Incorrect key costs.too_expensive_limit was corrected from null to its default, -1. 
[08Apr2025 21:44:23.714] [Thread-3/INFO] [Puzzles Lib/]: Reloading server config for illagerinvasion
[08Apr2025 21:44:23.716] [Server thread/WARN] [net.minecraftforge.common.ForgeConfigSpec/CORE]: Incorrect key costs.free_renames was corrected from null to its default, ALL_ITEMS. 
[08Apr2025 21:44:23.717] [Server thread/WARN] [net.minecraftforge.common.ForgeConfigSpec/CORE]: Incorrect key prior_work_penalty was corrected from null to its default, SimpleCommentedConfig:{}. 
[08Apr2025 21:44:23.717] [Server thread/WARN] [net.minecraftforge.common.ForgeConfigSpec/CORE]: Incorrect key prior_work_penalty.rename_and_repair_costs was corrected from null to its default, FIXED. 
[08Apr2025 21:44:23.718] [Server thread/WARN] [net.minecraftforge.common.ForgeConfigSpec/CORE]: Incorrect key prior_work_penalty.prior_work_penalty was corrected from null to its default, FIXED. 
[08Apr2025 21:44:23.718] [Server thread/WARN] [net.minecraftforge.common.ForgeConfigSpec/CORE]: Incorrect key prior_work_penalty.penalty_free_renames_and_repairs was corrected from null to its default, true. 
[08Apr2025 21:44:23.718] [Server thread/WARN] [net.minecraftforge.common.ForgeConfigSpec/CORE]: Incorrect key prior_work_penalty.prior_work_penalty_constant was corrected from null to its default, 4. 
[08Apr2025 21:44:23.720] [Server thread/INFO] [Puzzles Lib/]: Loading server config for easyanvils
[08Apr2025 21:44:23.720] [Thread-3/INFO] [Puzzles Lib/]: Reloading server config for easyanvils
[08Apr2025 21:44:23.721] [Server thread/WARN] [net.minecraftforge.common.ForgeConfigSpec/CORE]: Configuration file ./world/serverconfig/aether-server.toml is not correct. Correcting
[08Apr2025 21:44:23.721] [Server thread/WARN] [net.minecraftforge.common.ForgeConfigSpec/CORE]: Incorrect key Gameplay was corrected from null to its default, SimpleCommentedConfig:{}. 
[08Apr2025 21:44:23.721] [Server thread/WARN] [net.minecraftforge.common.ForgeConfigSpec/CORE]: Incorrect key Gameplay.Beds explode was corrected from null to its default, false. 
[08Apr2025 21:44:23.722] [Server thread/WARN] [net.minecraftforge.common.ForgeConfigSpec/CORE]: Incorrect key Gameplay.Debuff non-Aether tools was corrected from null to its default, true. 
[08Apr2025 21:44:23.722] [Server thread/WARN] [net.minecraftforge.common.ForgeConfigSpec/CORE]: Incorrect key Gameplay.Ambrosium Shards are edible was corrected from null to its default, true. 
[08Apr2025 21:44:23.722] [Server thread/WARN] [net.minecraftforge.common.ForgeConfigSpec/CORE]: Incorrect key Gameplay.Berry Bush consistency was corrected from null to its default, false. 
[08Apr2025 21:44:23.722] [Server thread/WARN] [net.minecraftforge.common.ForgeConfigSpec/CORE]: Incorrect key Gameplay.Crystal Fruit Leaves consistency was corrected from null to its default, false. 
[08Apr2025 21:44:23.722] [Server thread/WARN] [net.minecraftforge.common.ForgeConfigSpec/CORE]: Incorrect key Gameplay.Gummy Swets restore health was corrected from null to its default, false. 
[08Apr2025 21:44:23.723] [Server thread/WARN] [net.minecraftforge.common.ForgeConfigSpec/CORE]: Incorrect key Gameplay.Maximum consumable Life Shards was corrected from null to its default, 10. 
[08Apr2025 21:44:23.723] [Server thread/WARN] [net.minecraftforge.common.ForgeConfigSpec/CORE]: Incorrect key Gameplay.Cooldown for the Hammer of Kingbdogz projectile was corrected from null to its default, 50. 
[08Apr2025 21:44:23.723] [Server thread/WARN] [net.minecraftforge.common.ForgeConfigSpec/CORE]: Incorrect key Gameplay.Cooldown for the Cloud Staff was corrected from null to its default, 40. 
[08Apr2025 21:44:23.723] [Thread-3/INFO] [Puzzles Lib/]: Reloading server config for easyanvils
[08Apr2025 21:44:23.723] [Server thread/WARN] [net.minecraftforge.common.ForgeConfigSpec/CORE]: Incorrect key Gameplay.Require gloves for set abilities was corrected from null to its default, true. 
[08Apr2025 21:44:23.724] [Server thread/WARN] [net.minecraftforge.common.ForgeConfigSpec/CORE]: Incorrect key Loot was corrected from null to its default, SimpleCommentedConfig:{}. 
[08Apr2025 21:44:23.724] [Server thread/WARN] [net.minecraftforge.common.ForgeConfigSpec/CORE]: Incorrect key Loot.Golden Feather in loot was corrected from null to its default, false. 
[08Apr2025 21:44:23.724] [Server thread/WARN] [net.minecraftforge.common.ForgeConfigSpec/CORE]: Incorrect key Loot.Valkyrie Cape in loot was corrected from null to its default, true. 
[08Apr2025 21:44:23.724] [Server thread/WARN] [net.minecraftforge.common.ForgeConfigSpec/CORE]: Incorrect key World Generation was corrected from null to its default, SimpleCommentedConfig:{}. 
[08Apr2025 21:44:23.725] [Server thread/WARN] [net.minecraftforge.common.ForgeConfigSpec/CORE]: Incorrect key World Generation.Generate Tall Grass in the Aether was corrected from null to its default, true. 
[08Apr2025 21:44:23.725] [Server thread/WARN] [net.minecraftforge.common.ForgeConfigSpec/CORE]: Incorrect key World Generation.Generate Holiday Trees always was corrected from null to its default, false. 
[08Apr2025 21:44:23.725] [Server thread/WARN] [net.minecraftforge.common.ForgeConfigSpec/CORE]: Incorrect key World Generation.Generate Holiday Trees seasonally was corrected from null to its default, true. 
[08Apr2025 21:44:23.726] [Server thread/WARN] [net.minecraftforge.common.ForgeConfigSpec/CORE]: Incorrect key Multiplayer was corrected from null to its default, SimpleCommentedConfig:{}. 
[08Apr2025 21:44:23.726] [Server thread/WARN] [net.minecraftforge.common.ForgeConfigSpec/CORE]: Incorrect key Multiplayer.Balance Invisibility Cloak for PVP was corrected from null to its default, false. 
[08Apr2025 21:44:23.726] [Server thread/WARN] [net.minecraftforge.common.ForgeConfigSpec/CORE]: Incorrect key Multiplayer.Invisibility Cloak visibility timer was corrected from null to its default, 50. 
[08Apr2025 21:44:23.726] [Server thread/WARN] [net.minecraftforge.common.ForgeConfigSpec/CORE]: Incorrect key Multiplayer.Only whitelisted users access Sun Altars was corrected from null to its default, false. 
[08Apr2025 21:44:23.727] [Server thread/WARN] [net.minecraftforge.common.ForgeConfigSpec/CORE]: Incorrect key Modpack was corrected from null to its default, SimpleCommentedConfig:{}. 
[08Apr2025 21:44:23.727] [Server thread/WARN] [net.minecraftforge.common.ForgeConfigSpec/CORE]: Incorrect key Modpack.Spawns the player in the Aether was corrected from null to its default, false. 
[08Apr2025 21:44:23.727] [Server thread/WARN] [net.minecraftforge.common.ForgeConfigSpec/CORE]: Incorrect key Modpack.Disables Aether Portal creation was corrected from null to its default, false. 
[08Apr2025 21:44:23.728] [Server thread/WARN] [net.minecraftforge.common.ForgeConfigSpec/CORE]: Incorrect key Modpack.Disables falling into the Overworld was corrected from null to its default, false. 
[08Apr2025 21:44:23.728] [Server thread/WARN] [net.minecraftforge.common.ForgeConfigSpec/CORE]: Incorrect key Modpack.Disables eternal day was corrected from null to its default, false. 
[08Apr2025 21:44:23.728] [Server thread/WARN] [net.minecraftforge.common.ForgeConfigSpec/CORE]: Incorrect key Modpack.Sets portal destination dimension was corrected from null to its default, aether:the_aether. 
[08Apr2025 21:44:23.728] [Server thread/WARN] [net.minecraftforge.common.ForgeConfigSpec/CORE]: Incorrect key Modpack.Sets portal return dimension was corrected from null to its default, minecraft:overworld. 
[08Apr2025 21:44:23.729] [Server thread/WARN] [net.minecraftforge.common.ForgeConfigSpec/CORE]: Configuration file ./world/serverconfig/sophisticatedbackpacks-server.toml is not correct. Correcting
[08Apr2025 21:44:23.730] [Server thread/WARN] [net.minecraftforge.common.ForgeConfigSpec/CORE]: Incorrect key server was corrected from null to its default, SimpleCommentedConfig:{}. 
[08Apr2025 21:44:23.730] [Server thread/WARN] [net.minecraftforge.common.ForgeConfigSpec/CORE]: Incorrect key server.disallowedItems was corrected from null to its default, []. 
[08Apr2025 21:44:23.730] [Server thread/WARN] [net.minecraftforge.common.ForgeConfigSpec/CORE]: Incorrect key server.containerItemsDisallowed was corrected from null to its default, false. 
[08Apr2025 21:44:23.730] [Server thread/WARN] [net.minecraftforge.common.ForgeConfigSpec/CORE]: Incorrect key server.noInteractionBlocks was corrected from null to its default, []. 
[08Apr2025 21:44:23.730] [Server thread/WARN] [net.minecraftforge.common.ForgeConfigSpec/CORE]: Incorrect key server.noConnectionBlocks was corrected from null to its default, []. 
[08Apr2025 21:44:23.731] [Server thread/WARN] [net.minecraftforge.common.ForgeConfigSpec/CORE]: Incorrect key server.leatherBackpack was corrected from null to its default, SimpleCommentedConfig:{}. 
[08Apr2025 21:44:23.731] [Server thread/WARN] [net.minecraftforge.common.ForgeConfigSpec/CORE]: Incorrect key server.leatherBackpack.inventorySlotCount was corrected from null to its default, 27. 
[08Apr2025 21:44:23.731] [Server thread/WARN] [net.minecraftforge.common.ForgeConfigSpec/CORE]: Incorrect key server.leatherBackpack.upgradeSlotCount was corrected from null to its default, 1. 
[08Apr2025 21:44:23.731] [Server thread/WARN] [net.minecraftforge.common.ForgeConfigSpec/CORE]: Incorrect key server.copperBackpack was corrected from null to its default, SimpleCommentedConfig:{}. 
[08Apr2025 21:44:23.731] [Server thread/WARN] [net.minecraftforge.common.ForgeConfigSpec/CORE]: Incorrect key server.copperBackpack.inventorySlotCount was corrected from null to its default, 45. 
[08Apr2025 21:44:23.732] [Server thread/WARN] [net.minecraftforge.common.ForgeConfigSpec/CORE]: Incorrect key server.copperBackpack.upgradeSlotCount was corrected from null to its default, 1. 
[08Apr2025 21:44:23.732] [Server thread/WARN] [net.minecraftforge.common.ForgeConfigSpec/CORE]: Incorrect key server.ironBackpack was corrected from null to its default, SimpleCommentedConfig:{}. 
[08Apr2025 21:44:23.732] [Server thread/WARN] [net.minecraftforge.common.ForgeConfigSpec/CORE]: Incorrect key server.ironBackpack.inventorySlotCount was corrected from null to its default, 54. 
[08Apr2025 21:44:23.732] [Server thread/WARN] [net.minecraftforge.common.ForgeConfigSpec/CORE]: Incorrect key server.ironBackpack.upgradeSlotCount was corrected from null to its default, 2. 
[08Apr2025 21:44:23.732] [Server thread/WARN] [net.minecraftforge.common.ForgeConfigSpec/CORE]: Incorrect key server.goldBackpack was corrected from null to its default, SimpleCommentedConfig:{}. 
[08Apr2025 21:44:23.732] [Server thread/WARN] [net.minecraftforge.common.ForgeConfigSpec/CORE]: Incorrect key server.goldBackpack.inventorySlotCount was corrected from null to its default, 81. 
[08Apr2025 21:44:23.733] [Server thread/WARN] [net.minecraftforge.common.ForgeConfigSpec/CORE]: Incorrect key server.goldBackpack.upgradeSlotCount was corrected from null to its default, 3. 
[08Apr2025 21:44:23.733] [Server thread/WARN] [net.minecraftforge.common.ForgeConfigSpec/CORE]: Incorrect key server.diamondBackpack was corrected from null to its default, SimpleCommentedConfig:{}. 
[08Apr2025 21:44:23.733] [Server thread/WARN] [net.minecraftforge.common.ForgeConfigSpec/CORE]: Incorrect key server.diamondBackpack.inventorySlotCount was corrected from null to its default, 108. 
[08Apr2025 21:44:23.733] [Server thread/WARN] [net.minecraftforge.common.ForgeConfigSpec/CORE]: Incorrect key server.diamondBackpack.upgradeSlotCount was corrected from null to its default, 5. 
[08Apr2025 21:44:23.733] [Server thread/WARN] [net.minecraftforge.common.ForgeConfigSpec/CORE]: Incorrect key server.netheriteBackpack was corrected from null to its default, SimpleCommentedConfig:{}. 
[08Apr2025 21:44:23.734] [Server thread/WARN] [net.minecraftforge.common.ForgeConfigSpec/CORE]: Incorrect key server.netheriteBackpack.inventorySlotCount was corrected from null to its default, 120. 
[08Apr2025 21:44:23.734] [Server thread/WARN] [net.minecraftforge.common.ForgeConfigSpec/CORE]: Incorrect key server.netheriteBackpack.upgradeSlotCount was corrected from null to its default, 7. 
[08Apr2025 21:44:23.734] [Server thread/WARN] [net.minecraftforge.common.ForgeConfigSpec/CORE]: Incorrect key server.compactingUpgrade was corrected from null to its default, SimpleCommentedConfig:{}. 
[08Apr2025 21:44:23.734] [Server thread/WARN] [net.minecraftforge.common.ForgeConfigSpec/CORE]: Incorrect key server.compactingUpgrade.filterSlots was corrected from null to its default, 9. 
[08Apr2025 21:44:23.734] [Server thread/WARN] [net.minecraftforge.common.ForgeConfigSpec/CORE]: Incorrect key server.compactingUpgrade.slotsInRow was corrected from null to its default, 3. 
[08Apr2025 21:44:23.734] [Server thread/WARN] [net.minecraftforge.common.ForgeConfigSpec/CORE]: Incorrect key server.advancedCompactingUpgrade was corrected from null to its default, SimpleCommentedConfig:{}. 
[08Apr2025 21:44:23.734] [Server thread/WARN] [net.minecraftforge.common.ForgeConfigSpec/CORE]: Incorrect key server.advancedCompactingUpgrade.filterSlots was corrected from null to its default, 16. 
[08Apr2025 21:44:23.735] [Server thread/WARN] [net.minecraftforge.common.ForgeConfigSpec/CORE]: Incorrect key server.advancedCompactingUpgrade.slotsInRow was corrected from null to its default, 4. 
[08Apr2025 21:44:23.735] [Server thread/WARN] [net.minecraftforge.common.ForgeConfigSpec/CORE]: Incorrect key server.depositUpgrade was corrected from null to its default, SimpleCommentedConfig:{}. 
[08Apr2025 21:44:23.735] [Server thread/WARN] [net.minecraftforge.common.ForgeConfigSpec/CORE]: Incorrect key server.depositUpgrade.filterSlots was corrected from null to its default, 9. 
[08Apr2025 21:44:23.735] [Server thread/WARN] [net.minecraftforge.common.ForgeConfigSpec/CORE]: Incorrect key server.depositUpgrade.slotsInRow was corrected from null to its default, 3. 
[08Apr2025 21:44:23.735] [Server thread/WARN] [net.minecraftforge.common.ForgeConfigSpec/CORE]: Incorrect key server.advancedDepositUpgrade was corrected from null to its default, SimpleCommentedConfig:{}. 
[08Apr2025 21:44:23.736] [Server thread/WARN] [net.minecraftforge.common.ForgeConfigSpec/CORE]: Incorrect key server.advancedDepositUpgrade.filterSlots was corrected from null to its default, 16. 
[08Apr2025 21:44:23.736] [Server thread/WARN] [net.minecraftforge.common.ForgeConfigSpec/CORE]: Incorrect key server.advancedDepositUpgrade.slotsInRow was corrected from null to its default, 4. 
[08Apr2025 21:44:23.736] [Server thread/WARN] [net.minecraftforge.common.ForgeConfigSpec/CORE]: Incorrect key server.feedingUpgrade was corrected from null to its default, SimpleCommentedConfig:{}. 
[08Apr2025 21:44:23.736] [Server thread/WARN] [net.minecraftforge.common.ForgeConfigSpec/CORE]: Incorrect key server.feedingUpgrade.filterSlots was corrected from null to its default, 9. 
[08Apr2025 21:44:23.736] [Server thread/WARN] [net.minecraftforge.common.ForgeConfigSpec/CORE]: Incorrect key server.feedingUpgrade.slotsInRow was corrected from null to its default, 3. 
[08Apr2025 21:44:23.737] [Server thread/WARN] [net.minecraftforge.common.ForgeConfigSpec/CORE]: Incorrect key server.advancedFeedingUpgrade was corrected from null to its default, SimpleCommentedConfig:{}. 
[08Apr2025 21:44:23.737] [Server thread/WARN] [net.minecraftforge.common.ForgeConfigSpec/CORE]: Incorrect key server.advancedFeedingUpgrade.filterSlots was corrected from null to its default, 16. 
[08Apr2025 21:44:23.737] [Server thread/WARN] [net.minecraftforge.common.ForgeConfigSpec/CORE]: Incorrect key server.advancedFeedingUpgrade.slotsInRow was corrected from null to its default, 4. 
[08Apr2025 21:44:23.737] [Server thread/WARN] [net.minecraftforge.common.ForgeConfigSpec/CORE]: Incorrect key server.filterUpgrade was corrected from null to its default, SimpleCommentedConfig:{}. 
[08Apr2025 21:44:23.737] [Server thread/WARN] [net.minecraftforge.common.ForgeConfigSpec/CORE]: Incorrect key server.filterUpgrade.filterSlots was corrected from null to its default, 9. 
[08Apr2025 21:44:23.737] [Server thread/WARN] [net.minecraftforge.common.ForgeConfigSpec/CORE]: Incorrect key server.filterUpgrade.slotsInRow was corrected from null to its default, 3. 
[08Apr2025 21:44:23.738] [Server thread/WARN] [net.minecraftforge.common.ForgeConfigSpec/CORE]: Incorrect key server.advancedFilterUpgrade was corrected from null to its default, SimpleCommentedConfig:{}. 
[08Apr2025 21:44:23.741] [Server thread/WARN] [net.minecraftforge.common.ForgeConfigSpec/CORE]: Incorrect key server.advancedFilterUpgrade.filterSlots was corrected from null to its default, 16. 
[08Apr2025 21:44:23.742] [Server thread/WARN] [net.minecraftforge.common.ForgeConfigSpec/CORE]: Incorrect key server.advancedFilterUpgrade.slotsInRow was corrected from null to its default, 4. 
[08Apr2025 21:44:23.742] [Server thread/WARN] [net.minecraftforge.common.ForgeConfigSpec/CORE]: Incorrect key server.magnetUpgrade was corrected from null to its default, SimpleCommentedConfig:{}. 
[08Apr2025 21:44:23.742] [Server thread/WARN] [net.minecraftforge.common.ForgeConfigSpec/CORE]: Incorrect key server.magnetUpgrade.filterSlots was corrected from null to its default, 9. 
[08Apr2025 21:44:23.742] [Server thread/WARN] [net.minecraftforge.common.ForgeConfigSpec/CORE]: Incorrect key server.magnetUpgrade.slotsInRow was corrected from null to its default, 3. 
[08Apr2025 21:44:23.742] [Server thread/WARN] [net.minecraftforge.common.ForgeConfigSpec/CORE]: Incorrect key server.magnetUpgrade.magnetRange was corrected from null to its default, 3. 
[08Apr2025 21:44:23.743] [Server thread/WARN] [net.minecraftforge.common.ForgeConfigSpec/CORE]: Incorrect key server.advancedMagnetUpgrade was corrected from null to its default, SimpleCommentedConfig:{}. 
[08Apr2025 21:44:23.743] [Server thread/WARN] [net.minecraftforge.common.ForgeConfigSpec/CORE]: Incorrect key server.advancedMagnetUpgrade.filterSlots was corrected from null to its default, 16. 
[08Apr2025 21:44:23.743] [Server thread/WARN] [net.minecraftforge.common.ForgeConfigSpec/CORE]: Incorrect key server.advancedMagnetUpgrade.slotsInRow was corrected from null to its default, 4. 
[08Apr2025 21:44:23.743] [Server thread/WARN] [net.minecraftforge.common.ForgeConfigSpec/CORE]: Incorrect key server.advancedMagnetUpgrade.magnetRange was corrected from null to its default, 5. 
[08Apr2025 21:44:23.743] [Server thread/WARN] [net.minecraftforge.common.ForgeConfigSpec/CORE]: Incorrect key server.pickupUpgrade was corrected from null to its default, SimpleCommentedConfig:{}. 
[08Apr2025 21:44:23.743] [Server thread/WARN] [net.minecraftforge.common.ForgeConfigSpec/CORE]: Incorrect key server.pickupUpgrade.filterSlots was corrected from null to its default, 9. 
[08Apr2025 21:44:23.743] [Server thread/WARN] [net.minecraftforge.common.ForgeConfigSpec/CORE]: Incorrect key server.pickupUpgrade.slotsInRow was corrected from null to its default, 3. 
[08Apr2025 21:44:23.743] [Server thread/WARN] [net.minecraftforge.common.ForgeConfigSpec/CORE]: Incorrect key server.advancedPickupUpgrade was corrected from null to its default, SimpleCommentedConfig:{}. 
[08Apr2025 21:44:23.744] [Server thread/WARN] [net.minecraftforge.common.ForgeConfigSpec/CORE]: Incorrect key server.advancedPickupUpgrade.filterSlots was corrected from null to its default, 16. 
[08Apr2025 21:44:23.744] [Server thread/WARN] [net.minecraftforge.common.ForgeConfigSpec/CORE]: Incorrect key server.advancedPickupUpgrade.slotsInRow was corrected from null to its default, 4. 
[08Apr2025 21:44:23.744] [Server thread/WARN] [net.minecraftforge.common.ForgeConfigSpec/CORE]: Incorrect key server.refillUpgrade was corrected from null to its default, SimpleCommentedConfig:{}. 
[08Apr2025 21:44:23.744] [Server thread/WARN] [net.minecraftforge.common.ForgeConfigSpec/CORE]: Incorrect key server.refillUpgrade.filterSlots was corrected from null to its default, 6. 
[08Apr2025 21:44:23.744] [Server thread/WARN] [net.minecraftforge.common.ForgeConfigSpec/CORE]: Incorrect key server.refillUpgrade.slotsInRow was corrected from null to its default, 3. 
[08Apr2025 21:44:23.744] [Server thread/WARN] [net.minecraftforge.common.ForgeConfigSpec/CORE]: Incorrect key server.advancedRefillUpgrade was corrected from null to its default, SimpleCommentedConfig:{}. 
[08Apr2025 21:44:23.745] [Server thread/WARN] [net.minecraftforge.common.ForgeConfigSpec/CORE]: Incorrect key server.advancedRefillUpgrade.filterSlots was corrected from null to its default, 12. 
[08Apr2025 21:44:23.745] [Server thread/WARN] [net.minecraftforge.common.ForgeConfigSpec/CORE]: Incorrect key server.advancedRefillUpgrade.slotsInRow was corrected from null to its default, 4. 
[08Apr2025 21:44:23.745] [Server thread/WARN] [net.minecraftforge.common.ForgeConfigSpec/CORE]: Incorrect key server.restockUpgrade was corrected from null to its default, SimpleCommentedConfig:{}. 
[08Apr2025 21:44:23.746] [Server thread/WARN] [net.minecraftforge.common.ForgeConfigSpec/CORE]: Incorrect key server.restockUpgrade.filterSlots was corrected from null to its default, 9. 
[08Apr2025 21:44:23.746] [Server thread/WARN] [net.minecraftforge.common.ForgeConfigSpec/CORE]: Incorrect key server.restockUpgrade.slotsInRow was corrected from null to its default, 3. 
[08Apr2025 21:44:23.747] [Server thread/WARN] [net.minecraftforge.common.ForgeConfigSpec/CORE]: Incorrect key server.advancedRestockUpgrade was corrected from null to its default, SimpleCommentedConfig:{}. 
[08Apr2025 21:44:23.747] [Server thread/WARN] [net.minecraftforge.common.ForgeConfigSpec/CORE]: Incorrect key server.advancedRestockUpgrade.filterSlots was corrected from null to its default, 16. 
[08Apr2025 21:44:23.748] [Server thread/WARN] [net.minecraftforge.common.ForgeConfigSpec/CORE]: Incorrect key server.advancedRestockUpgrade.slotsInRow was corrected from null to its default, 4. 
[08Apr2025 21:44:23.748] [Server thread/WARN] [net.minecraftforge.common.ForgeConfigSpec/CORE]: Incorrect key server.voidUpgrade was corrected from null to its default, SimpleCommentedConfig:{}. 
[08Apr2025 21:44:23.749] [Server thread/WARN] [net.minecraftforge.common.ForgeConfigSpec/CORE]: Incorrect key server.voidUpgrade.filterSlots was corrected from null to its default, 9. 
[08Apr2025 21:44:23.750] [Server thread/WARN] [net.minecraftforge.common.ForgeConfigSpec/CORE]: Incorrect key server.voidUpgrade.slotsInRow was corrected from null to its default, 3. 
[08Apr2025 21:44:23.750] [Server thread/WARN] [net.minecraftforge.common.ForgeConfigSpec/CORE]: Incorrect key server.voidUpgrade.voidAnythingEnabled was corrected from null to its default, true. 
[08Apr2025 21:44:23.750] [Server thread/WARN] [net.minecraftforge.common.ForgeConfigSpec/CORE]: Incorrect key server.advancedVoidUpgrade was corrected from null to its default, SimpleCommentedConfig:{}. 
[08Apr2025 21:44:23.751] [Server thread/WARN] [net.minecraftforge.common.ForgeConfigSpec/CORE]: Incorrect key server.advancedVoidUpgrade.filterSlots was corrected from null to its default, 16. 
[08Apr2025 21:44:23.751] [Server thread/WARN] [net.minecraftforge.common.ForgeConfigSpec/CORE]: Incorrect key server.advancedVoidUpgrade.slotsInRow was corrected from null to its default, 4. 
[08Apr2025 21:44:23.751] [Server thread/WARN] [net.minecraftforge.common.ForgeConfigSpec/CORE]: Incorrect key server.advancedVoidUpgrade.voidAnythingEnabled was corrected from null to its default, true. 
[08Apr2025 21:44:23.751] [Server thread/WARN] [net.minecraftforge.common.ForgeConfigSpec/CORE]: Incorrect key server.stackUpgrade was corrected from null to its default, SimpleCommentedConfig:{}. 
[08Apr2025 21:44:23.752] [Server thread/WARN] [net.minecraftforge.common.ForgeConfigSpec/CORE]: Incorrect key server.stackUpgrade.nonStackableItems was corrected from null to its default, [minecraft:bundle, minecraft:shulker_box, minecraft:white_shulker_box, minecraft:orange_shulker_box, minecraft:magenta_shulker_box, minecraft:light_blue_shulker_box, minecraft:yellow_shulker_box, minecraft:lime_shulker_box, minecraft:pink_shulker_box, minecraft:gray_shulker_box, minecraft:light_gray_shulker_box, minecraft:cyan_shulker_box, minecraft:purple_shulker_box, minecraft:blue_shulker_box, minecraft:brown_shulker_box, minecraft:green_shulker_box, minecraft:red_shulker_box, minecraft:black_shulker_box]. 
[08Apr2025 21:44:23.752] [Server thread/WARN] [net.minecraftforge.common.ForgeConfigSpec/CORE]: Incorrect key server.smeltingUpgrade was corrected from null to its default, SimpleCommentedConfig:{}. 
[08Apr2025 21:44:23.752] [Server thread/WARN] [net.minecraftforge.common.ForgeConfigSpec/CORE]: Incorrect key server.smeltingUpgrade.smeltingSpeedMultiplier was corrected from null to its default, 1.0. 
[08Apr2025 21:44:23.753] [Server thread/WARN] [net.minecraftforge.common.ForgeConfigSpec/CORE]: Incorrect key server.smeltingUpgrade.fuelEfficiencyMultiplier was corrected from null to its default, 1.0. 
[08Apr2025 21:44:23.753] [Server thread/WARN] [net.minecraftforge.common.ForgeConfigSpec/CORE]: Incorrect key server.smokingUpgrade was corrected from null to its default, SimpleCommentedConfig:{}. 
[08Apr2025 21:44:23.753] [Server thread/WARN] [net.minecraftforge.common.ForgeConfigSpec/CORE]: Incorrect key server.smokingUpgrade.smeltingSpeedMultiplier was corrected from null to its default, 1.0. 
[08Apr2025 21:44:23.753] [Server thread/WARN] [net.minecraftforge.common.ForgeConfigSpec/CORE]: Incorrect key server.smokingUpgrade.fuelEfficiencyMultiplier was corrected from null to its default, 1.0. 
[08Apr2025 21:44:23.753] [Server thread/WARN] [net.minecraftforge.common.ForgeConfigSpec/CORE]: Incorrect key server.blastingUpgrade was corrected from null to its default, SimpleCommentedConfig:{}. 
[08Apr2025 21:44:23.754] [Server thread/WARN] [net.minecraftforge.common.ForgeConfigSpec/CORE]: Incorrect key server.blastingUpgrade.smeltingSpeedMultiplier was corrected from null to its default, 1.0. 
[08Apr2025 21:44:23.754] [Server thread/WARN] [net.minecraftforge.common.ForgeConfigSpec/CORE]: Incorrect key server.blastingUpgrade.fuelEfficiencyMultiplier was corrected from null to its default, 1.0. 
[08Apr2025 21:44:23.754] [Server thread/WARN] [net.minecraftforge.common.ForgeConfigSpec/CORE]: Incorrect key server.autoSmeltingUpgrade was corrected from null to its default, SimpleCommentedConfig:{}. 
[08Apr2025 21:44:23.754] [Server thread/WARN] [net.minecraftforge.common.ForgeConfigSpec/CORE]: Incorrect key server.autoSmeltingUpgrade.smeltingSpeedMultiplier was corrected from null to its default, 1.0. 
[08Apr2025 21:44:23.754] [Server thread/WARN] [net.minecraftforge.common.ForgeConfigSpec/CORE]: Incorrect key server.autoSmeltingUpgrade.fuelEfficiencyMultiplier was corrected from null to its default, 1.0. 
[08Apr2025 21:44:23.754] [Server thread/WARN] [net.minecraftforge.common.ForgeConfigSpec/CORE]: Incorrect key server.autoSmeltingUpgrade.inputFilterSlots was corrected from null to its default, 8. 
[08Apr2025 21:44:23.755] [Server thread/WARN] [net.minecraftforge.common.ForgeConfigSpec/CORE]: Incorrect key server.autoSmeltingUpgrade.inputFilterSlotsInRow was corrected from null to its default, 4. 
[08Apr2025 21:44:23.755] [Server thread/WARN] [net.minecraftforge.common.ForgeConfigSpec/CORE]: Incorrect key server.autoSmeltingUpgrade.fuelFilterSlots was corrected from null to its default, 4. 
[08Apr2025 21:44:23.755] [Server thread/WARN] [net.minecraftforge.common.ForgeConfigSpec/CORE]: Incorrect key server.autoSmeltingUpgrade.fuelFilterSlotsInRow was corrected from null to its default, 4. 
[08Apr2025 21:44:23.755] [Server thread/WARN] [net.minecraftforge.common.ForgeConfigSpec/CORE]: Incorrect key server.autoSmokingUpgrade was corrected from null to its default, SimpleCommentedConfig:{}. 
[08Apr2025 21:44:23.755] [Server thread/WARN] [net.minecraftforge.common.ForgeConfigSpec/CORE]: Incorrect key server.autoSmokingUpgrade.smeltingSpeedMultiplier was corrected from null to its default, 1.0. 
[08Apr2025 21:44:23.755] [Server thread/WARN] [net.minecraftforge.common.ForgeConfigSpec/CORE]: Incorrect key server.autoSmokingUpgrade.fuelEfficiencyMultiplier was corrected from null to its default, 1.0. 
[08Apr2025 21:44:23.756] [Server thread/WARN] [net.minecraftforge.common.ForgeConfigSpec/CORE]: Incorrect key server.autoSmokingUpgrade.inputFilterSlots was corrected from null to its default, 8. 
[08Apr2025 21:44:23.756] [Server thread/WARN] [net.minecraftforge.common.ForgeConfigSpec/CORE]: Incorrect key server.autoSmokingUpgrade.inputFilterSlotsInRow was corrected from null to its default, 4. 
[08Apr2025 21:44:23.756] [Server thread/WARN] [net.minecraftforge.common.ForgeConfigSpec/CORE]: Incorrect key server.autoSmokingUpgrade.fuelFilterSlots was corrected from null to its default, 4. 
[08Apr2025 21:44:23.756] [Server thread/WARN] [net.minecraftforge.common.ForgeConfigSpec/CORE]: Incorrect key server.autoSmokingUpgrade.fuelFilterSlotsInRow was corrected from null to its default, 4. 
[08Apr2025 21:44:23.756] [Server thread/WARN] [net.minecraftforge.common.ForgeConfigSpec/CORE]: Incorrect key server.autoBlastingUpgrade was corrected from null to its default, SimpleCommentedConfig:{}. 
[08Apr2025 21:44:23.756] [Server thread/WARN] [net.minecraftforge.common.ForgeConfigSpec/CORE]: Incorrect key server.autoBlastingUpgrade.smeltingSpeedMultiplier was corrected from null to its default, 1.0. 
[08Apr2025 21:44:23.757] [Server thread/WARN] [net.minecraftforge.common.ForgeConfigSpec/CORE]: Incorrect key server.autoBlastingUpgrade.fuelEfficiencyMultiplier was corrected from null to its default, 1.0. 
[08Apr2025 21:44:23.757] [Server thread/WARN] [net.minecraftforge.common.ForgeConfigSpec/CORE]: Incorrect key server.autoBlastingUpgrade.inputFilterSlots was corrected from null to its default, 8. 
[08Apr2025 21:44:23.757] [Server thread/WARN] [net.minecraftforge.common.ForgeConfigSpec/CORE]: Incorrect key server.autoBlastingUpgrade.inputFilterSlotsInRow was corrected from null to its default, 4. 
[08Apr2025 21:44:23.757] [Server thread/WARN] [net.minecraftforge.common.ForgeConfigSpec/CORE]: Incorrect key server.autoBlastingUpgrade.fuelFilterSlots was corrected from null to its default, 4. 
[08Apr2025 21:44:23.757] [Server thread/WARN] [net.minecraftforge.common.ForgeConfigSpec/CORE]: Incorrect key server.autoBlastingUpgrade.fuelFilterSlotsInRow was corrected from null to its default, 4. 
[08Apr2025 21:44:23.757] [Server thread/WARN] [net.minecraftforge.common.ForgeConfigSpec/CORE]: Incorrect key server.inceptionUpgrade was corrected from null to its default, SimpleCommentedConfig:{}. 
[08Apr2025 21:44:23.758] [Server thread/WARN] [net.minecraftforge.common.ForgeConfigSpec/CORE]: Incorrect key server.inceptionUpgrade.upgradesUseInventoriesOfBackpacksInBackpack was corrected from null to its default, true. 
[08Apr2025 21:44:23.758] [Server thread/WARN] [net.minecraftforge.common.ForgeConfigSpec/CORE]: Incorrect key server.inceptionUpgrade.upgradesInContainedBackpacksAreFunctional was corrected from null to its default, true. 
[08Apr2025 21:44:23.758] [Server thread/WARN] [net.minecraftforge.common.ForgeConfigSpec/CORE]: Incorrect key server.toolSwapperUpgrade was corrected from null to its default, SimpleCommentedConfig:{}. 
[08Apr2025 21:44:23.758] [Server thread/WARN] [net.minecraftforge.common.ForgeConfigSpec/CORE]: Incorrect key server.toolSwapperUpgrade.filterSlots was corrected from null to its default, 8. 
[08Apr2025 21:44:23.758] [Server thread/WARN] [net.minecraftforge.common.ForgeConfigSpec/CORE]: Incorrect key server.toolSwapperUpgrade.slotsInRow was corrected from null to its default, 4. 
[08Apr2025 21:44:23.758] [Server thread/WARN] [net.minecraftforge.common.ForgeConfigSpec/CORE]: Incorrect key server.tankUpgrade was corrected from null to its default, SimpleCommentedConfig:{}. 
[08Apr2025 21:44:23.759] [Server thread/WARN] [net.minecraftforge.common.ForgeConfigSpec/CORE]: Incorrect key server.tankUpgrade.capacityPerSlotRow was corrected from null to its default, 4000. 
[08Apr2025 21:44:23.759] [Server thread/WARN] [net.minecraftforge.common.ForgeConfigSpec/CORE]: Incorrect key server.tankUpgrade.stackMultiplierRatio was corrected from null to its default, 1.0. 
[08Apr2025 21:44:23.759] [Server thread/WARN] [net.minecraftforge.common.ForgeConfigSpec/CORE]: Incorrect key server.tankUpgrade.autoFillDrainContainerCooldown was corrected from null to its default, 20. 
[08Apr2025 21:44:23.759] [Server thread/WARN] [net.minecraftforge.common.ForgeConfigSpec/CORE]: Incorrect key server.tankUpgrade.maxInputOutput was corrected from null to its default, 20. 
[08Apr2025 21:44:23.759] [Server thread/WARN] [net.minecraftforge.common.ForgeConfigSpec/CORE]: Incorrect key server.tankUpgrade.energyPerSlotRow was corrected from null to its default, 10000. 
[08Apr2025 21:44:23.759] [Server thread/WARN] [net.minecraftforge.common.ForgeConfigSpec/CORE]: Incorrect key server.pumpUpgrade was corrected from null to its default, SimpleCommentedConfig:{}. 
[08Apr2025 21:44:23.760] [Server thread/WARN] [net.minecraftforge.common.ForgeConfigSpec/CORE]: Incorrect key server.pumpUpgrade.filterSlots was corrected from null to its default, 4. 
[08Apr2025 21:44:23.760] [Server thread/WARN] [net.minecraftforge.common.ForgeConfigSpec/CORE]: Incorrect key server.pumpUpgrade.maxInputOutput was corrected from null to its default, 20. 
[08Apr2025 21:44:23.760] [Server thread/WARN] [net.minecraftforge.common.ForgeConfigSpec/CORE]: Incorrect key server.pumpUpgrade.stackMultiplierRatio was corrected from null to its default, 1.0. 
[08Apr2025 21:44:23.760] [Server thread/WARN] [net.minecraftforge.common.ForgeConfigSpec/CORE]: Incorrect key server.xpPumpUpgrade was corrected from null to its default, SimpleCommentedConfig:{}. 
[08Apr2025 21:44:23.760] [Server thread/WARN] [net.minecraftforge.common.ForgeConfigSpec/CORE]: Incorrect key server.xpPumpUpgrade.mendingOn was corrected from null to its default, true. 
[08Apr2025 21:44:23.760] [Server thread/WARN] [net.minecraftforge.common.ForgeConfigSpec/CORE]: Incorrect key server.xpPumpUpgrade.maxXpPointsPerMending was corrected from null to its default, 5. 
[08Apr2025 21:44:23.761] [Server thread/WARN] [net.minecraftforge.common.ForgeConfigSpec/CORE]: Incorrect key server.entityBackpackAdditions was corrected from null to its default, SimpleCommentedConfig:{}. 
[08Apr2025 21:44:23.761] [Server thread/WARN] [net.minecraftforge.common.ForgeConfigSpec/CORE]: Incorrect key server.entityBackpackAdditions.chance was corrected from null to its default, 0.01. 
[08Apr2025 21:44:23.761] [Server thread/WARN] [net.minecraftforge.common.ForgeConfigSpec/CORE]: Incorrect key server.entityBackpackAdditions.addLoot was corrected from null to its default, true. 
[08Apr2025 21:44:23.761] [Server thread/WARN] [net.minecraftforge.common.ForgeConfigSpec/CORE]: Incorrect key server.entityBackpackAdditions.buffWithPotionEffects was corrected from null to its default, true. 
[08Apr2025 21:44:23.761] [Server thread/WARN] [net.minecraftforge.common.ForgeConfigSpec/CORE]: Incorrect key server.entityBackpackAdditions.buffHealth was corrected from null to its default, true. 
[08Apr2025 21:44:23.761] [Server thread/WARN] [net.minecraftforge.common.ForgeConfigSpec/CORE]: Incorrect key server.entityBackpackAdditions.equipWithArmor was corrected from null to its default, true. 
[08Apr2025 21:44:23.762] [Server thread/WARN] [net.minecraftforge.common.ForgeConfigSpec/CORE]: Incorrect key server.entityBackpackAdditions.entityLootTableList was corrected from null to its default, [minecraft:creeper|minecraft:chests/desert_pyramid, minecraft:drowned|minecraft:chests/shipwreck_treasure, minecraft:enderman|minecraft:chests/end_city_treasure, minecraft:evoker|minecraft:chests/woodland_mansion, minecraft:husk|minecraft:chests/desert_pyramid, minecraft:piglin|minecraft:chests/bastion_bridge, minecraft:piglin_brute|minecraft:chests/bastion_treasure, minecraft:pillager|minecraft:chests/pillager_outpost, minecraft:skeleton|minecraft:chests/simple_dungeon, minecraft:stray|minecraft:chests/igloo_chest, minecraft:vex|minecraft:chests/woodland_mansion, minecraft:vindicator|minecraft:chests/woodland_mansion, minecraft:witch|minecraft:chests/buried_treasure, minecraft:wither_skeleton|minecraft:chests/nether_bridge, minecraft:zombie|minecraft:chests/simple_dungeon, minecraft:zombie_villager|minecraft:chests/village/village_armorer, minecraft:zombified_piglin|minecraft:chests/bastion_other]. 
[08Apr2025 21:44:23.763] [Server thread/WARN] [net.minecraftforge.common.ForgeConfigSpec/CORE]: Incorrect key server.entityBackpackAdditions.discBlockList was corrected from null to its default, [botania:record_gaia_1, botania:record_gaia_2]. 
[08Apr2025 21:44:23.763] [Server thread/WARN] [net.minecraftforge.common.ForgeConfigSpec/CORE]: Incorrect key server.entityBackpackAdditions.playJukebox was corrected from null to its default, true. 
[08Apr2025 21:44:23.763] [Server thread/WARN] [net.minecraftforge.common.ForgeConfigSpec/CORE]: Incorrect key server.entityBackpackAdditions.dropToFakePlayers was corrected from null to its default, false. 
[08Apr2025 21:44:23.763] [Server thread/WARN] [net.minecraftforge.common.ForgeConfigSpec/CORE]: Incorrect key server.entityBackpackAdditions.backpackDropChance was corrected from null to its default, 0.5. 
[08Apr2025 21:44:23.763] [Server thread/WARN] [net.minecraftforge.common.ForgeConfigSpec/CORE]: Incorrect key server.entityBackpackAdditions.lootingChanceIncreasePerLevel was corrected from null to its default, 0.15. 
[08Apr2025 21:44:23.763] [Server thread/WARN] [net.minecraftforge.common.ForgeConfigSpec/CORE]: Incorrect key server.nerfs was corrected from null to its default, SimpleCommentedConfig:{}. 
[08Apr2025 21:44:23.763] [Server thread/WARN] [net.minecraftforge.common.ForgeConfigSpec/CORE]: Incorrect key server.nerfs.tooManyBackpacksSlowness was corrected from null to its default, false. 
[08Apr2025 21:44:23.764] [Server thread/WARN] [net.minecraftforge.common.ForgeConfigSpec/CORE]: Incorrect key server.nerfs.maxNumberOfBackpacks was corrected from null to its default, 3. 
[08Apr2025 21:44:23.764] [Server thread/WARN] [net.minecraftforge.common.ForgeConfigSpec/CORE]: Incorrect key server.nerfs.slownessLevelsPerAdditionalBackpack was corrected from null to its default, 1.0. 
[08Apr2025 21:44:23.764] [Server thread/WARN] [net.minecraftforge.common.ForgeConfigSpec/CORE]: Incorrect key server.nerfs.onlyWornBackpackTriggersUpgrades was corrected from null to its default, false. 
[08Apr2025 21:44:23.764] [Server thread/WARN] [net.minecraftforge.common.ForgeConfigSpec/CORE]: Incorrect key server.maxUpgradesPerStorage was corrected from null to its default, [stack_upgrades|3, furnace_upgrades|1, jukebox_upgrade|1]. 
[08Apr2025 21:44:23.764] [Server thread/WARN] [net.minecraftforge.common.ForgeConfigSpec/CORE]: Incorrect key server.itemFluidHandlerEnabled was corrected from null to its default, true. 
[08Apr2025 21:44:23.764] [Server thread/WARN] [net.minecraftforge.common.ForgeConfigSpec/CORE]: Incorrect key server.allowOpeningOtherPlayerBackpacks was corrected from null to its default, true. 
[08Apr2025 21:44:23.765] [Server thread/WARN] [net.minecraftforge.common.ForgeConfigSpec/CORE]: Incorrect key server.itemDisplayDisabled was corrected from null to its default, false. 
[08Apr2025 21:44:23.765] [Server thread/WARN] [net.minecraftforge.common.ForgeConfigSpec/CORE]: Incorrect key server.tickDedupeLogicDisabled was corrected from null to its default, false. 
[08Apr2025 21:44:23.765] [Server thread/WARN] [net.minecraftforge.common.ForgeConfigSpec/CORE]: Incorrect key server.canBePlacedInContainerItems was corrected from null to its default, false. 
[08Apr2025 21:44:23.768] [Server thread/WARN] [net.minecraftforge.common.ForgeConfigSpec/CORE]: Configuration file /workspaces/PlanetQu/servidor_minecraft/config/hangglider-server.toml is not correct. Correcting
[08Apr2025 21:44:23.768] [Server thread/WARN] [net.minecraftforge.common.ForgeConfigSpec/CORE]: Incorrect key wind was corrected from null to its default, SimpleCommentedConfig:{}. 
[08Apr2025 21:44:23.768] [Server thread/WARN] [net.minecraftforge.common.ForgeConfigSpec/CORE]: Incorrect key wind.gust_size was corrected from null to its default, 19.0. 
[08Apr2025 21:44:23.768] [Server thread/WARN] [net.minecraftforge.common.ForgeConfigSpec/CORE]: Incorrect key wind.raining_multiplier was corrected from null to its default, 3.0. 
[08Apr2025 21:44:23.769] [Server thread/WARN] [net.minecraftforge.common.ForgeConfigSpec/CORE]: Incorrect key wind.allow_wind was corrected from null to its default, true. 
[08Apr2025 21:44:23.769] [Server thread/WARN] [net.minecraftforge.common.ForgeConfigSpec/CORE]: Incorrect key wind.frequency was corrected from null to its default, 0.15. 
[08Apr2025 21:44:23.769] [Server thread/WARN] [net.minecraftforge.common.ForgeConfigSpec/CORE]: Incorrect key wind.height_multiplier was corrected from null to its default, 1.5. 
[08Apr2025 21:44:23.770] [Server thread/WARN] [net.minecraftforge.common.ForgeConfigSpec/CORE]: Incorrect key wind.allow_air_resistance was corrected from null to its default, true. 
[08Apr2025 21:44:23.770] [Server thread/WARN] [net.minecraftforge.common.ForgeConfigSpec/CORE]: Incorrect key wind.durability_multiplier was corrected from null to its default, 0.7. 
[08Apr2025 21:44:23.770] [Server thread/WARN] [net.minecraftforge.common.ForgeConfigSpec/CORE]: Incorrect key wind.overall_power was corrected from null to its default, 1.0. 
[08Apr2025 21:44:23.771] [Server thread/WARN] [net.minecraftforge.common.ForgeConfigSpec/CORE]: Incorrect key wind.speed_multiplier was corrected from null to its default, 0.4. 
[08Apr2025 21:44:23.771] [Server thread/WARN] [net.minecraftforge.common.ForgeConfigSpec/CORE]: Incorrect key reinforced_hang_glider was corrected from null to its default, SimpleCommentedConfig:{}. 
[08Apr2025 21:44:23.772] [Server thread/WARN] [net.minecraftforge.common.ForgeConfigSpec/CORE]: Incorrect key reinforced_hang_glider.overall_wind_power was corrected from null to its default, 0.75. 
[08Apr2025 21:44:23.772] [Server thread/WARN] [net.minecraftforge.common.ForgeConfigSpec/CORE]: Incorrect key reinforced_hang_glider.fast_forward_movement was corrected from null to its default, 0.08. 
[08Apr2025 21:44:23.773] [Server thread/WARN] [net.minecraftforge.common.ForgeConfigSpec/CORE]: Incorrect key reinforced_hang_glider.normal_fall_movement was corrected from null to its default, 0.55. 
[08Apr2025 21:44:23.773] [Server thread/WARN] [net.minecraftforge.common.ForgeConfigSpec/CORE]: Incorrect key reinforced_hang_glider.consume_durability was corrected from null to its default, true. 
[08Apr2025 21:44:23.774] [Server thread/WARN] [net.minecraftforge.common.ForgeConfigSpec/CORE]: Incorrect key reinforced_hang_glider.durability_use_interval was corrected from null to its default, 200. 
[08Apr2025 21:44:23.774] [Server thread/WARN] [net.minecraftforge.common.ForgeConfigSpec/CORE]: Incorrect key reinforced_hang_glider.air_resistance was corrected from null to its default, 0.99. 
[08Apr2025 21:44:23.774] [Server thread/WARN] [net.minecraftforge.common.ForgeConfigSpec/CORE]: Incorrect key reinforced_hang_glider.normal_forward_movement was corrected from null to its default, 0.04. 
[08Apr2025 21:44:23.775] [Server thread/WARN] [net.minecraftforge.common.ForgeConfigSpec/CORE]: Incorrect key reinforced_hang_glider.fast_fall_movement was corrected from null to its default, 0.675. 
[08Apr2025 21:44:23.775] [Server thread/WARN] [net.minecraftforge.common.ForgeConfigSpec/CORE]: Incorrect key hang_glider was corrected from null to its default, SimpleCommentedConfig:{}. 
[08Apr2025 21:44:23.775] [Server thread/WARN] [net.minecraftforge.common.ForgeConfigSpec/CORE]: Incorrect key hang_glider.overall_wind_power was corrected from null to its default, 1.4. 
[08Apr2025 21:44:23.776] [Server thread/WARN] [net.minecraftforge.common.ForgeConfigSpec/CORE]: Incorrect key hang_glider.fast_forward_movement was corrected from null to its default, 0.05. 
[08Apr2025 21:44:23.776] [Server thread/WARN] [net.minecraftforge.common.ForgeConfigSpec/CORE]: Incorrect key hang_glider.normal_fall_movement was corrected from null to its default, 0.55. 
[08Apr2025 21:44:23.776] [Server thread/WARN] [net.minecraftforge.common.ForgeConfigSpec/CORE]: Incorrect key hang_glider.consume_durability was corrected from null to its default, true. 
[08Apr2025 21:44:23.776] [Server thread/WARN] [net.minecraftforge.common.ForgeConfigSpec/CORE]: Incorrect key hang_glider.durability_use_interval was corrected from null to its default, 200. 
[08Apr2025 21:44:23.776] [Server thread/WARN] [net.minecraftforge.common.ForgeConfigSpec/CORE]: Incorrect key hang_glider.air_resistance was corrected from null to its default, 0.985. 
[08Apr2025 21:44:23.777] [Server thread/WARN] [net.minecraftforge.common.ForgeConfigSpec/CORE]: Incorrect key hang_glider.normal_forward_movement was corrected from null to its default, 0.025. 
[08Apr2025 21:44:23.777] [Server thread/WARN] [net.minecraftforge.common.ForgeConfigSpec/CORE]: Incorrect key hang_glider.fast_fall_movement was corrected from null to its default, 0.675. 
[08Apr2025 21:44:23.778] [Server thread/INFO] [Puzzles Lib/]: Loading server config for hangglider
[08Apr2025 21:44:23.779] [Server thread/WARN] [net.minecraftforge.common.ForgeConfigSpec/CORE]: Configuration file ./world/serverconfig/curios-server.toml is not correct. Correcting
[08Apr2025 21:44:23.779] [Server thread/WARN] [net.minecraftforge.common.ForgeConfigSpec/CORE]: Incorrect key keepCurios was corrected from null to its default, DEFAULT. 
[08Apr2025 21:44:23.780] [Thread-3/INFO] [Puzzles Lib/]: Reloading server config for hangglider
[08Apr2025 21:44:23.781] [Server thread/WARN] [net.minecraftforge.common.ForgeConfigSpec/CORE]: Incorrect key menu was corrected from null to its default, SimpleCommentedConfig:{}. 
[08Apr2025 21:44:23.781] [Server thread/WARN] [net.minecraftforge.common.ForgeConfigSpec/CORE]: Incorrect key menu.enableLegacyMenu was corrected from null to its default, false. 
[08Apr2025 21:44:23.781] [Server thread/WARN] [net.minecraftforge.common.ForgeConfigSpec/CORE]: Incorrect key menu.experimental was corrected from null to its default, SimpleCommentedConfig:{}. 
[08Apr2025 21:44:23.781] [Server thread/WARN] [net.minecraftforge.common.ForgeConfigSpec/CORE]: Incorrect key menu.experimental.minimumColumns was corrected from null to its default, 1. 
[08Apr2025 21:44:23.781] [Server thread/WARN] [net.minecraftforge.common.ForgeConfigSpec/CORE]: Incorrect key menu.experimental.maxSlotsPerPage was corrected from null to its default, 48. 
[08Apr2025 21:44:23.782] [Server thread/WARN] [net.minecraftforge.common.ForgeConfigSpec/CORE]: Configuration file ./world/serverconfig/elevatorid-server.toml is not correct. Correcting
[08Apr2025 21:44:23.783] [Server thread/WARN] [net.minecraftforge.common.ForgeConfigSpec/CORE]: Incorrect key General was corrected from null to its default, SimpleCommentedConfig:{}. 
[08Apr2025 21:44:23.783] [Server thread/WARN] [net.minecraftforge.common.ForgeConfigSpec/CORE]: Incorrect key General.sameColor was corrected from null to its default, false. 
[08Apr2025 21:44:23.783] [Server thread/WARN] [net.minecraftforge.common.ForgeConfigSpec/CORE]: Incorrect key General.range was corrected from null to its default, 384. 
[08Apr2025 21:44:23.783] [Server thread/WARN] [net.minecraftforge.common.ForgeConfigSpec/CORE]: Incorrect key General.precisionTarget was corrected from null to its default, true. 
[08Apr2025 21:44:23.783] [Server thread/WARN] [net.minecraftforge.common.ForgeConfigSpec/CORE]: Incorrect key General.mobSpawn was corrected from null to its default, false. 
[08Apr2025 21:44:23.783] [Server thread/WARN] [net.minecraftforge.common.ForgeConfigSpec/CORE]: Incorrect key General.resetPitchNormal was corrected from null to its default, false. 
[08Apr2025 21:44:23.783] [Server thread/WARN] [net.minecraftforge.common.ForgeConfigSpec/CORE]: Incorrect key General.resetPitchDirectional was corrected from null to its default, true. 
[08Apr2025 21:44:23.784] [Server thread/WARN] [net.minecraftforge.common.ForgeConfigSpec/CORE]: Incorrect key General.useXP was corrected from null to its default, false. 
[08Apr2025 21:44:23.784] [Server thread/WARN] [net.minecraftforge.common.ForgeConfigSpec/CORE]: Incorrect key General.XPPointsAmount was corrected from null to its default, 1. 
[08Apr2025 21:44:23.785] [Server thread/WARN] [net.minecraftforge.common.ForgeConfigSpec/CORE]: Configuration file /workspaces/PlanetQu/servidor_minecraft/config/tombstone-server.toml is not correct. Correcting
[08Apr2025 21:44:23.785] [Server thread/WARN] [net.minecraftforge.common.ForgeConfigSpec/CORE]: Incorrect key player_death was corrected from null to its default, SimpleCommentedConfig:{}. 
[08Apr2025 21:44:23.786] [Server thread/WARN] [net.minecraftforge.common.ForgeConfigSpec/CORE]: Incorrect key player_death.decay_time was corrected from null to its default, -1. 
[08Apr2025 21:44:23.786] [Server thread/WARN] [net.minecraftforge.common.ForgeConfigSpec/CORE]: Incorrect key general was corrected from null to its default, SimpleCommentedConfig:{}. 
[08Apr2025 21:44:23.786] [Server thread/WARN] [net.minecraftforge.common.ForgeConfigSpec/CORE]: Incorrect key general.always_keep_xp_on_death was corrected from null to its default, false. 
[08Apr2025 21:44:23.787] [Server thread/WARN] [net.minecraftforge.common.ForgeConfigSpec/CORE]: Incorrect key general.ghostly_shape_duration was corrected from null to its default, 120. 
[08Apr2025 21:44:23.788] [Server thread/WARN] [net.minecraftforge.common.ForgeConfigSpec/CORE]: Incorrect key enchantments was corrected from null to its default, SimpleCommentedConfig:{}. 
[08Apr2025 21:44:23.788] [Server thread/WARN] [net.minecraftforge.common.ForgeConfigSpec/CORE]: Incorrect key enchantments.enable_enchantment_spectral_bite was corrected from null to its default, true. 
[08Apr2025 21:44:23.788] [Server thread/WARN] [net.minecraftforge.common.ForgeConfigSpec/CORE]: Incorrect key enchantments.enable_enchantment_soulbound was corrected from null to its default, true. 
[08Apr2025 21:44:23.788] [Server thread/WARN] [net.minecraftforge.common.ForgeConfigSpec/CORE]: Incorrect key enchantments.enable_enchantment_magic_siphon was corrected from null to its default, true. 
[08Apr2025 21:44:23.788] [Server thread/WARN] [net.minecraftforge.common.ForgeConfigSpec/CORE]: Incorrect key enchantments.enable_enchantment_plague_bringer was corrected from null to its default, true. 
[08Apr2025 21:44:23.789] [Server thread/WARN] [net.minecraftforge.common.ForgeConfigSpec/CORE]: Incorrect key enchantments.enable_enchantment_curse_of_bones was corrected from null to its default, true. 
[08Apr2025 21:44:23.789] [Server thread/WARN] [net.minecraftforge.common.ForgeConfigSpec/CORE]: Incorrect key enchantments.enable_enchantment_blessing was corrected from null to its default, true. 
[08Apr2025 21:44:23.789] [Server thread/WARN] [net.minecraftforge.common.ForgeConfigSpec/CORE]: Incorrect key enchantments.enable_enchantment_frostbite was corrected from null to its default, true. 
[08Apr2025 21:44:23.789] [Server thread/WARN] [net.minecraftforge.common.ForgeConfigSpec/CORE]: Incorrect key enchantments.soulbound_enchanting_table was corrected from null to its default, true. 
[08Apr2025 21:44:23.790] [Server thread/WARN] [net.minecraftforge.common.ForgeConfigSpec/CORE]: Incorrect key enchantments.spectral_bite_enchanting_table was corrected from null to its default, false. 
[08Apr2025 21:44:23.790] [Server thread/WARN] [net.minecraftforge.common.ForgeConfigSpec/CORE]: Incorrect key enchantments.magic_siphon_enchanting_table was corrected from null to its default, false. 
[08Apr2025 21:44:23.790] [Server thread/WARN] [net.minecraftforge.common.ForgeConfigSpec/CORE]: Incorrect key enchantments.plague_bringer_enchanting_table was corrected from null to its default, false. 
[08Apr2025 21:44:23.790] [Server thread/WARN] [net.minecraftforge.common.ForgeConfigSpec/CORE]: Incorrect key enchantments.curse_of_bones_enchanting_table was corrected from null to its default, false. 
[08Apr2025 21:44:23.791] [Server thread/WARN] [net.minecraftforge.common.ForgeConfigSpec/CORE]: Incorrect key enchantments.blessing_enchanting_table was corrected from null to its default, false. 
[08Apr2025 21:44:23.791] [Server thread/WARN] [net.minecraftforge.common.ForgeConfigSpec/CORE]: Incorrect key enchantments.frostbite_enchanting_table was corrected from null to its default, false. 
[08Apr2025 21:44:23.791] [Server thread/WARN] [net.minecraftforge.common.ForgeConfigSpec/CORE]: Incorrect key enchantments.plague_bringer_combining_magic_siphon was corrected from null to its default, false. 
[08Apr2025 21:44:23.791] [Server thread/WARN] [net.minecraftforge.common.ForgeConfigSpec/CORE]: Incorrect key enchantments.frostbite_combining_fire_aspect was corrected from null to its default, true. 
[08Apr2025 21:44:23.792] [Server thread/WARN] [net.minecraftforge.common.ForgeConfigSpec/CORE]: Incorrect key allowed_perks was corrected from null to its default, SimpleCommentedConfig:{}. 
[08Apr2025 21:44:23.792] [Server thread/WARN] [net.minecraftforge.common.ForgeConfigSpec/CORE]: Incorrect key allowed_perks.allow_alchemist was corrected from null to its default, true. 
[08Apr2025 21:44:23.792] [Server thread/WARN] [net.minecraftforge.common.ForgeConfigSpec/CORE]: Incorrect key allowed_perks.level_max_alchemist was corrected from null to its default, 5. 
[08Apr2025 21:44:23.792] [Server thread/WARN] [net.minecraftforge.common.ForgeConfigSpec/CORE]: Incorrect key allowed_perks.allow_concentration was corrected from null to its default, true. 
[08Apr2025 21:44:23.792] [Server thread/WARN] [net.minecraftforge.common.ForgeConfigSpec/CORE]: Incorrect key allowed_perks.level_max_concentration was corrected from null to its default, 3. 
[08Apr2025 21:44:23.792] [Server thread/WARN] [net.minecraftforge.common.ForgeConfigSpec/CORE]: Incorrect key allowed_perks.allow_jailer was corrected from null to its default, true. 
[08Apr2025 21:44:23.793] [Server thread/WARN] [net.minecraftforge.common.ForgeConfigSpec/CORE]: Incorrect key allowed_perks.level_max_jailer was corrected from null to its default, 5. 
[08Apr2025 21:44:23.793] [Server thread/WARN] [net.minecraftforge.common.ForgeConfigSpec/CORE]: Incorrect key allowed_perks.allow_memento_mori was corrected from null to its default, true. 
[08Apr2025 21:44:23.793] [Server thread/WARN] [net.minecraftforge.common.ForgeConfigSpec/CORE]: Incorrect key allowed_perks.level_max_memento_mori was corrected from null to its default, 5. 
[08Apr2025 21:44:23.793] [Server thread/WARN] [net.minecraftforge.common.ForgeConfigSpec/CORE]: Incorrect key allowed_perks.allow_necromancer was corrected from null to its default, true. 
[08Apr2025 21:44:23.793] [Server thread/WARN] [net.minecraftforge.common.ForgeConfigSpec/CORE]: Incorrect key allowed_perks.level_max_necromancer was corrected from null to its default, 5. 
[08Apr2025 21:44:23.793] [Server thread/WARN] [net.minecraftforge.common.ForgeConfigSpec/CORE]: Incorrect key allowed_perks.allow_rune_inscriber was corrected from null to its default, true. 
[08Apr2025 21:44:23.793] [Server thread/WARN] [net.minecraftforge.common.ForgeConfigSpec/CORE]: Incorrect key allowed_perks.level_max_rune_inscriber was corrected from null to its default, 5. 
[08Apr2025 21:44:23.794] [Server thread/WARN] [net.minecraftforge.common.ForgeConfigSpec/CORE]: Incorrect key allowed_perks.allow_scribe was corrected from null to its default, true. 
[08Apr2025 21:44:23.794] [Server thread/WARN] [net.minecraftforge.common.ForgeConfigSpec/CORE]: Incorrect key allowed_perks.level_max_scribe was corrected from null to its default, 5. 
[08Apr2025 21:44:23.794] [Server thread/WARN] [net.minecraftforge.common.ForgeConfigSpec/CORE]: Incorrect key allowed_perks.allow_shadow_walker was corrected from null to its default, true. 
[08Apr2025 21:44:23.794] [Server thread/WARN] [net.minecraftforge.common.ForgeConfigSpec/CORE]: Incorrect key allowed_perks.level_max_shadow_walker was corrected from null to its default, 5. 
[08Apr2025 21:44:23.794] [Server thread/WARN] [net.minecraftforge.common.ForgeConfigSpec/CORE]: Incorrect key allowed_perks.allow_treasure_seeker was corrected from null to its default, true. 
[08Apr2025 21:44:23.794] [Server thread/WARN] [net.minecraftforge.common.ForgeConfigSpec/CORE]: Incorrect key allowed_perks.level_max_treasure_seeker was corrected from null to its default, 5. 
[08Apr2025 21:44:23.794] [Server thread/WARN] [net.minecraftforge.common.ForgeConfigSpec/CORE]: Incorrect key allowed_perks.allow_witch_doctor was corrected from null to its default, true. 
[08Apr2025 21:44:23.795] [Server thread/WARN] [net.minecraftforge.common.ForgeConfigSpec/CORE]: Incorrect key allowed_perks.level_max_witch_doctor was corrected from null to its default, 5. 
[08Apr2025 21:44:23.795] [Server thread/WARN] [net.minecraftforge.common.ForgeConfigSpec/CORE]: Incorrect key allowed_perks.allow_gladiator was corrected from null to its default, true. 
[08Apr2025 21:44:23.795] [Server thread/WARN] [net.minecraftforge.common.ForgeConfigSpec/CORE]: Incorrect key allowed_perks.level_max_gladiator was corrected from null to its default, 5. 
[08Apr2025 21:44:23.795] [Server thread/WARN] [net.minecraftforge.common.ForgeConfigSpec/CORE]: Incorrect key allowed_perks.cooldown_reset_perk was corrected from null to its default, 120. 
[08Apr2025 21:44:23.796] [Server thread/WARN] [net.minecraftforge.common.ForgeConfigSpec/CORE]: Incorrect key magic_item was corrected from null to its default, SimpleCommentedConfig:{}. 
[08Apr2025 21:44:23.796] [Server thread/WARN] [net.minecraftforge.common.ForgeConfigSpec/CORE]: Incorrect key magic_item.always_enchant_grave_key was corrected from null to its default, false. 
[08Apr2025 21:44:23.796] [Server thread/WARN] [net.minecraftforge.common.ForgeConfigSpec/CORE]: Incorrect key magic_item.scroll_duration was corrected from null to its default, 12000. 
[08Apr2025 21:44:23.796] [Server thread/WARN] [net.minecraftforge.common.ForgeConfigSpec/CORE]: Incorrect key magic_item.scroll_of_knowledge_loss was corrected from null to its default, 0. 
[08Apr2025 21:44:23.796] [Server thread/WARN] [net.minecraftforge.common.ForgeConfigSpec/CORE]: Incorrect key magic_item.tablet_max_use was corrected from null to its default, 3. 
[08Apr2025 21:44:23.796] [Server thread/WARN] [net.minecraftforge.common.ForgeConfigSpec/CORE]: Incorrect key magic_item.tablet_cooldown was corrected from null to its default, 300. 
[08Apr2025 21:44:23.797] [Server thread/WARN] [net.minecraftforge.common.ForgeConfigSpec/CORE]: Incorrect key decorative_grave was corrected from null to its default, SimpleCommentedConfig:{}. 
[08Apr2025 21:44:23.797] [Server thread/WARN] [net.minecraftforge.common.ForgeConfigSpec/CORE]: Incorrect key decorative_grave.cooldown_to_pray was corrected from null to its default, 3. 
[08Apr2025 21:44:23.798] [Server thread/WARN] [net.minecraftforge.common.ForgeConfigSpec/CORE]: Incorrect key allowedMagicItems was corrected from null to its default, SimpleCommentedConfig:{}. 
[08Apr2025 21:44:23.798] [Server thread/WARN] [net.minecraftforge.common.ForgeConfigSpec/CORE]: Incorrect key allowedMagicItems.allow_voodoo_poppet was corrected from null to its default, true. 
[08Apr2025 21:44:23.798] [Server thread/WARN] [net.minecraftforge.common.ForgeConfigSpec/CORE]: Incorrect key allowedMagicItems.allow_familiar_receptacle was corrected from null to its default, true. 
[08Apr2025 21:44:23.798] [Server thread/WARN] [net.minecraftforge.common.ForgeConfigSpec/CORE]: Incorrect key allowedMagicItems.allow_book_of_disenchantment was corrected from null to its default, true. 
[08Apr2025 21:44:23.798] [Server thread/WARN] [net.minecraftforge.common.ForgeConfigSpec/CORE]: Incorrect key allowedMagicItems.allow_scroll_of_preservation was corrected from null to its default, true. 
[08Apr2025 21:44:23.799] [Server thread/WARN] [net.minecraftforge.common.ForgeConfigSpec/CORE]: Incorrect key allowedMagicItems.allow_grave_key was corrected from null to its default, true. 
[08Apr2025 21:44:23.799] [Server thread/WARN] [net.minecraftforge.common.ForgeConfigSpec/CORE]: Incorrect key allowedMagicItems.allow_scroll_of_knowledge was corrected from null to its default, true. 
[08Apr2025 21:44:23.799] [Server thread/WARN] [net.minecraftforge.common.ForgeConfigSpec/CORE]: Incorrect key allowedMagicItems.allow_tablet_of_recall was corrected from null to its default, true. 
[08Apr2025 21:44:23.799] [Server thread/WARN] [net.minecraftforge.common.ForgeConfigSpec/CORE]: Incorrect key allowedMagicItems.allow_tablet_of_home was corrected from null to its default, true. 
[08Apr2025 21:44:23.799] [Server thread/WARN] [net.minecraftforge.common.ForgeConfigSpec/CORE]: Incorrect key allowedMagicItems.allow_tablet_of_assistance was corrected from null to its default, true. 
[08Apr2025 21:44:23.799] [Server thread/WARN] [net.minecraftforge.common.ForgeConfigSpec/CORE]: Incorrect key allowedMagicItems.allow_tablet_of_cupidity was corrected from null to its default, true. 
[08Apr2025 21:44:23.799] [Server thread/WARN] [net.minecraftforge.common.ForgeConfigSpec/CORE]: Incorrect key allowedMagicItems.allow_scroll_of_unstable_intangibility was corrected from null to its default, true. 
[08Apr2025 21:44:23.800] [Server thread/WARN] [net.minecraftforge.common.ForgeConfigSpec/CORE]: Incorrect key allowedMagicItems.allow_scroll_of_feather_fall was corrected from null to its default, true. 
[08Apr2025 21:44:23.800] [Server thread/WARN] [net.minecraftforge.common.ForgeConfigSpec/CORE]: Incorrect key allowedMagicItems.allow_scroll_of_purification was corrected from null to its default, true. 
[08Apr2025 21:44:23.800] [Server thread/WARN] [net.minecraftforge.common.ForgeConfigSpec/CORE]: Incorrect key allowedMagicItems.allow_scroll_of_true_sight was corrected from null to its default, true. 
[08Apr2025 21:44:23.800] [Server thread/WARN] [net.minecraftforge.common.ForgeConfigSpec/CORE]: Incorrect key allowedMagicItems.allow_lost_tablet was corrected from null to its default, true. 
[08Apr2025 21:44:23.800] [Server thread/WARN] [net.minecraftforge.common.ForgeConfigSpec/CORE]: Incorrect key allowedMagicItems.allow_scroll_of_reach was corrected from null to its default, true. 
[08Apr2025 21:44:23.800] [Server thread/WARN] [net.minecraftforge.common.ForgeConfigSpec/CORE]: Incorrect key allowedMagicItems.allow_scroll_of_lightning_resistance was corrected from null to its default, true. 
[08Apr2025 21:44:23.800] [Server thread/WARN] [net.minecraftforge.common.ForgeConfigSpec/CORE]: Incorrect key allowedMagicItems.allow_scroll_of_frost_resistance was corrected from null to its default, true. 
[08Apr2025 21:44:23.800] [Server thread/WARN] [net.minecraftforge.common.ForgeConfigSpec/CORE]: Incorrect key allowedMagicItems.allow_scroll_of_aquatic_life was corrected from null to its default, true. 
[08Apr2025 21:44:23.801] [Server thread/WARN] [net.minecraftforge.common.ForgeConfigSpec/CORE]: Incorrect key allowedMagicItems.allow_scroll_of_mercy was corrected from null to its default, true. 
[08Apr2025 21:44:23.801] [Server thread/WARN] [net.minecraftforge.common.ForgeConfigSpec/CORE]: Incorrect key allowedMagicItems.allow_dust_of_vanishing was corrected from null to its default, true. 
[08Apr2025 21:44:23.801] [Server thread/WARN] [net.minecraftforge.common.ForgeConfigSpec/CORE]: Incorrect key allowedMagicItems.allow_dust_of_frost was corrected from null to its default, true. 
[08Apr2025 21:44:23.801] [Server thread/WARN] [net.minecraftforge.common.ForgeConfigSpec/CORE]: Incorrect key allowedMagicItems.allow_enchanted_bundle was corrected from null to its default, true. 
[08Apr2025 21:44:23.801] [Server thread/WARN] [net.minecraftforge.common.ForgeConfigSpec/CORE]: Incorrect key allowedMagicItems.allow_book_of_recycling was corrected from null to its default, true. 
[08Apr2025 21:44:23.801] [Server thread/WARN] [net.minecraftforge.common.ForgeConfigSpec/CORE]: Incorrect key allowedMagicItems.allow_book_of_repairing was corrected from null to its default, true. 
[08Apr2025 21:44:23.801] [Server thread/WARN] [net.minecraftforge.common.ForgeConfigSpec/CORE]: Incorrect key allowedMagicItems.allow_book_of_magic_impregnation was corrected from null to its default, true. 
[08Apr2025 21:44:23.802] [Server thread/WARN] [net.minecraftforge.common.ForgeConfigSpec/CORE]: Incorrect key allowedMagicItems.allow_book_of_scribe was corrected from null to its default, true. 
[08Apr2025 21:44:23.802] [Server thread/WARN] [net.minecraftforge.common.ForgeConfigSpec/CORE]: Incorrect key allowedMagicItems.allow_smoke_ball was corrected from null to its default, true. 
[08Apr2025 21:44:23.802] [Server thread/WARN] [net.minecraftforge.common.ForgeConfigSpec/CORE]: Incorrect key allowedMagicItems.allow_seeker_rod was corrected from null to its default, true. 
[08Apr2025 21:44:23.802] [Server thread/WARN] [net.minecraftforge.common.ForgeConfigSpec/CORE]: Incorrect key allowedMagicItems.allow_christmas_hat was corrected from null to its default, true. 
[08Apr2025 21:44:23.802] [Server thread/WARN] [net.minecraftforge.common.ForgeConfigSpec/CORE]: Incorrect key allowedMagicItems.allow_bag_of_seeds was corrected from null to its default, true. 
[08Apr2025 21:44:23.802] [Server thread/WARN] [net.minecraftforge.common.ForgeConfigSpec/CORE]: Incorrect key allowedMagicItems.allow_magic_scroll was corrected from null to its default, true. 
[08Apr2025 21:44:23.802] [Server thread/WARN] [net.minecraftforge.common.ForgeConfigSpec/CORE]: Incorrect key allowedMagicItems.allow_familiar_stone was corrected from null to its default, true. 
[08Apr2025 21:44:23.803] [Server thread/WARN] [net.minecraftforge.common.ForgeConfigSpec/CORE]: Incorrect key allowedMagicItems.allow_merchant_stone was corrected from null to its default, true. 
[08Apr2025 21:44:23.803] [Server thread/WARN] [net.minecraftforge.common.ForgeConfigSpec/CORE]: Incorrect key allowedMagicItems.allow_prayer_stone was corrected from null to its default, true. 
[08Apr2025 21:44:23.804] [Server thread/WARN] [net.minecraftforge.common.ForgeConfigSpec/CORE]: Incorrect key compatibility was corrected from null to its default, SimpleCommentedConfig:{}. 
[08Apr2025 21:44:23.804] [Server thread/WARN] [net.minecraftforge.common.ForgeConfigSpec/CORE]: Incorrect key compatibility.fix_anvil_custom_name was corrected from null to its default, true. 
[08Apr2025 21:44:23.804] [Server thread/WARN] [net.minecraftforge.common.ForgeConfigSpec/CORE]: Incorrect key compatibility.fix_repair_cost_zero was corrected from null to its default, true. 
[08Apr2025 21:44:23.806] [Server thread/WARN] [net.minecraftforge.common.ForgeConfigSpec/CORE]: Configuration file /workspaces/PlanetQu/servidor_minecraft/config/enchantinginfuser-server.toml is not correct. Correcting
[08Apr2025 21:44:23.807] [Server thread/WARN] [net.minecraftforge.common.ForgeConfigSpec/CORE]: Incorrect key advanced_infuser was corrected from null to its default, SimpleCommentedConfig:{}. 
[08Apr2025 21:44:23.807] [Server thread/WARN] [net.minecraftforge.common.ForgeConfigSpec/CORE]: Incorrect key advanced_infuser.allow_repairing was corrected from null to its default, TOOLS_AND_ARMOR. 
[08Apr2025 21:44:23.807] [Server thread/WARN] [net.minecraftforge.common.ForgeConfigSpec/CORE]: Incorrect key advanced_infuser.types was corrected from null to its default, SimpleCommentedConfig:{}. 
[08Apr2025 21:44:23.808] [Server thread/WARN] [net.minecraftforge.common.ForgeConfigSpec/CORE]: Incorrect key advanced_infuser.types.allow_curses_enchantments was corrected from null to its default, false. 
[08Apr2025 21:44:23.808] [Server thread/WARN] [net.minecraftforge.common.ForgeConfigSpec/CORE]: Incorrect key advanced_infuser.types.allow_treasure_enchantments was corrected from null to its default, false. 
[08Apr2025 21:44:23.808] [Server thread/WARN] [net.minecraftforge.common.ForgeConfigSpec/CORE]: Incorrect key advanced_infuser.types.allow_untradeable_enchantments was corrected from null to its default, false. 
[08Apr2025 21:44:23.808] [Server thread/WARN] [net.minecraftforge.common.ForgeConfigSpec/CORE]: Incorrect key advanced_infuser.types.allow_anvil_enchantments was corrected from null to its default, true. 
[08Apr2025 21:44:23.808] [Server thread/WARN] [net.minecraftforge.common.ForgeConfigSpec/CORE]: Incorrect key advanced_infuser.types.allow_undiscoverable_enchantments was corrected from null to its default, false. 
[08Apr2025 21:44:23.808] [Server thread/WARN] [net.minecraftforge.common.ForgeConfigSpec/CORE]: Incorrect key advanced_infuser.repair was corrected from null to its default, SimpleCommentedConfig:{}. 
[08Apr2025 21:44:23.808] [Server thread/WARN] [net.minecraftforge.common.ForgeConfigSpec/CORE]: Incorrect key advanced_infuser.repair.repair_step_multiplier was corrected from null to its default, 2.0. 
[08Apr2025 21:44:23.809] [Server thread/WARN] [net.minecraftforge.common.ForgeConfigSpec/CORE]: Incorrect key advanced_infuser.repair.repair_percentage_step was corrected from null to its default, 0.25. 
[08Apr2025 21:44:23.809] [Server thread/WARN] [net.minecraftforge.common.ForgeConfigSpec/CORE]: Incorrect key advanced_infuser.costs was corrected from null to its default, SimpleCommentedConfig:{}. 
[08Apr2025 21:44:23.809] [Server thread/WARN] [net.minecraftforge.common.ForgeConfigSpec/CORE]: Incorrect key advanced_infuser.costs.very_rare_cost_multiplier was corrected from null to its default, 5. 
[08Apr2025 21:44:23.809] [Server thread/WARN] [net.minecraftforge.common.ForgeConfigSpec/CORE]: Incorrect key advanced_infuser.costs.double_uniques was corrected from null to its default, true. 
[08Apr2025 21:44:23.809] [Server thread/WARN] [net.minecraftforge.common.ForgeConfigSpec/CORE]: Incorrect key advanced_infuser.costs.rare_cost_multiplier was corrected from null to its default, 4. 
[08Apr2025 21:44:23.809] [Server thread/WARN] [net.minecraftforge.common.ForgeConfigSpec/CORE]: Incorrect key advanced_infuser.costs.maximum_cost was corrected from null to its default, 20. 
[08Apr2025 21:44:23.809] [Server thread/WARN] [net.minecraftforge.common.ForgeConfigSpec/CORE]: Incorrect key advanced_infuser.costs.scale_costs_by_vanilla_only was corrected from null to its default, true. 
[08Apr2025 21:44:23.810] [Server thread/WARN] [net.minecraftforge.common.ForgeConfigSpec/CORE]: Incorrect key advanced_infuser.costs.uncommon_cost_multiplier was corrected from null to its default, 3. 
[08Apr2025 21:44:23.810] [Server thread/WARN] [net.minecraftforge.common.ForgeConfigSpec/CORE]: Incorrect key advanced_infuser.costs.common_cost_multiplier was corrected from null to its default, 2. 
[08Apr2025 21:44:23.810] [Server thread/WARN] [net.minecraftforge.common.ForgeConfigSpec/CORE]: Incorrect key advanced_infuser.allow_modifying_enchantments was corrected from null to its default, ALL. 
[08Apr2025 21:44:23.810] [Server thread/WARN] [net.minecraftforge.common.ForgeConfigSpec/CORE]: Incorrect key advanced_infuser.maximum_bookshelves was corrected from null to its default, 15. 
[08Apr2025 21:44:23.810] [Server thread/WARN] [net.minecraftforge.common.ForgeConfigSpec/CORE]: Incorrect key advanced_infuser.power was corrected from null to its default, SimpleCommentedConfig:{}. 
[08Apr2025 21:44:23.810] [Server thread/WARN] [net.minecraftforge.common.ForgeConfigSpec/CORE]: Incorrect key advanced_infuser.power.rare_multiplier was corrected from null to its default, 0.4. 
[08Apr2025 21:44:23.810] [Server thread/WARN] [net.minecraftforge.common.ForgeConfigSpec/CORE]: Incorrect key advanced_infuser.power.untradeable_multiplier was corrected from null to its default, 0.9. 
[08Apr2025 21:44:23.811] [Server thread/WARN] [net.minecraftforge.common.ForgeConfigSpec/CORE]: Incorrect key advanced_infuser.power.rarity_range was corrected from null to its default, 0.4. 
[08Apr2025 21:44:23.811] [Server thread/WARN] [net.minecraftforge.common.ForgeConfigSpec/CORE]: Incorrect key advanced_infuser.power.undiscoverable_multiplier was corrected from null to its default, 0.9. 
[08Apr2025 21:44:23.811] [Server thread/WARN] [net.minecraftforge.common.ForgeConfigSpec/CORE]: Incorrect key advanced_infuser.power.treasure_multiplier was corrected from null to its default, 0.95. 
[08Apr2025 21:44:23.811] [Server thread/WARN] [net.minecraftforge.common.ForgeConfigSpec/CORE]: Incorrect key advanced_infuser.power.curse_multiplier was corrected from null to its default, 1.0. 
[08Apr2025 21:44:23.811] [Server thread/WARN] [net.minecraftforge.common.ForgeConfigSpec/CORE]: Incorrect key advanced_infuser.power.common_multiplier was corrected from null to its default, -0.2. 
[08Apr2025 21:44:23.811] [Server thread/WARN] [net.minecraftforge.common.ForgeConfigSpec/CORE]: Incorrect key advanced_infuser.power.very_rare_multiplier was corrected from null to its default, 0.6. 
[08Apr2025 21:44:23.811] [Server thread/WARN] [net.minecraftforge.common.ForgeConfigSpec/CORE]: Incorrect key advanced_infuser.power.uncommon_multiplier was corrected from null to its default, 0.2. 
[08Apr2025 21:44:23.811] [Server thread/WARN] [net.minecraftforge.common.ForgeConfigSpec/CORE]: Incorrect key advanced_infuser.increase_anvil_repair_cost was corrected from null to its default, false. 
[08Apr2025 21:44:23.811] [Server thread/WARN] [net.minecraftforge.common.ForgeConfigSpec/CORE]: Incorrect key advanced_infuser.allow_books was corrected from null to its default, true. 
[08Apr2025 21:44:23.812] [Server thread/WARN] [net.minecraftforge.common.ForgeConfigSpec/CORE]: Incorrect key normal_infuser was corrected from null to its default, SimpleCommentedConfig:{}. 
[08Apr2025 21:44:23.812] [Server thread/WARN] [net.minecraftforge.common.ForgeConfigSpec/CORE]: Incorrect key normal_infuser.allow_repairing was corrected from null to its default, NOTHING. 
[08Apr2025 21:44:23.812] [Server thread/WARN] [net.minecraftforge.common.ForgeConfigSpec/CORE]: Incorrect key normal_infuser.types was corrected from null to its default, SimpleCommentedConfig:{}. 
[08Apr2025 21:44:23.813] [Server thread/WARN] [net.minecraftforge.common.ForgeConfigSpec/CORE]: Incorrect key normal_infuser.types.allow_curses_enchantments was corrected from null to its default, false. 
[08Apr2025 21:44:23.813] [Server thread/WARN] [net.minecraftforge.common.ForgeConfigSpec/CORE]: Incorrect key normal_infuser.types.allow_treasure_enchantments was corrected from null to its default, false. 
[08Apr2025 21:44:23.813] [Server thread/WARN] [net.minecraftforge.common.ForgeConfigSpec/CORE]: Incorrect key normal_infuser.types.allow_untradeable_enchantments was corrected from null to its default, false. 
[08Apr2025 21:44:23.814] [Server thread/WARN] [net.minecraftforge.common.ForgeConfigSpec/CORE]: Incorrect key normal_infuser.types.allow_anvil_enchantments was corrected from null to its default, false. 
[08Apr2025 21:44:23.814] [Server thread/WARN] [net.minecraftforge.common.ForgeConfigSpec/CORE]: Incorrect key normal_infuser.types.allow_undiscoverable_enchantments was corrected from null to its default, false. 
[08Apr2025 21:44:23.814] [Server thread/WARN] [net.minecraftforge.common.ForgeConfigSpec/CORE]: Incorrect key normal_infuser.repair was corrected from null to its default, SimpleCommentedConfig:{}. 
[08Apr2025 21:44:23.814] [Server thread/WARN] [net.minecraftforge.common.ForgeConfigSpec/CORE]: Incorrect key normal_infuser.repair.repair_step_multiplier was corrected from null to its default, 2.0. 
[08Apr2025 21:44:23.814] [Server thread/WARN] [net.minecraftforge.common.ForgeConfigSpec/CORE]: Incorrect key normal_infuser.repair.repair_percentage_step was corrected from null to its default, 0.25. 
[08Apr2025 21:44:23.815] [Server thread/WARN] [net.minecraftforge.common.ForgeConfigSpec/CORE]: Incorrect key normal_infuser.costs was corrected from null to its default, SimpleCommentedConfig:{}. 
[08Apr2025 21:44:23.815] [Server thread/WARN] [net.minecraftforge.common.ForgeConfigSpec/CORE]: Incorrect key normal_infuser.costs.very_rare_cost_multiplier was corrected from null to its default, 5. 
[08Apr2025 21:44:23.815] [Server thread/WARN] [net.minecraftforge.common.ForgeConfigSpec/CORE]: Incorrect key normal_infuser.costs.double_uniques was corrected from null to its default, true. 
[08Apr2025 21:44:23.815] [Server thread/WARN] [net.minecraftforge.common.ForgeConfigSpec/CORE]: Incorrect key normal_infuser.costs.rare_cost_multiplier was corrected from null to its default, 4. 
[08Apr2025 21:44:23.816] [Server thread/WARN] [net.minecraftforge.common.ForgeConfigSpec/CORE]: Incorrect key normal_infuser.costs.maximum_cost was corrected from null to its default, 30. 
[08Apr2025 21:44:23.816] [Server thread/WARN] [net.minecraftforge.common.ForgeConfigSpec/CORE]: Incorrect key normal_infuser.costs.scale_costs_by_vanilla_only was corrected from null to its default, true. 
[08Apr2025 21:44:23.816] [Server thread/WARN] [net.minecraftforge.common.ForgeConfigSpec/CORE]: Incorrect key normal_infuser.costs.uncommon_cost_multiplier was corrected from null to its default, 3. 
[08Apr2025 21:44:23.816] [Server thread/WARN] [net.minecraftforge.common.ForgeConfigSpec/CORE]: Incorrect key normal_infuser.costs.common_cost_multiplier was corrected from null to its default, 2. 
[08Apr2025 21:44:23.817] [Server thread/WARN] [net.minecraftforge.common.ForgeConfigSpec/CORE]: Incorrect key normal_infuser.allow_modifying_enchantments was corrected from null to its default, UNENCHANTED. 
[08Apr2025 21:44:23.817] [Server thread/WARN] [net.minecraftforge.common.ForgeConfigSpec/CORE]: Incorrect key normal_infuser.maximum_bookshelves was corrected from null to its default, 15. 
[08Apr2025 21:44:23.817] [Server thread/WARN] [net.minecraftforge.common.ForgeConfigSpec/CORE]: Incorrect key normal_infuser.power was corrected from null to its default, SimpleCommentedConfig:{}. 
[08Apr2025 21:44:23.817] [Server thread/WARN] [net.minecraftforge.common.ForgeConfigSpec/CORE]: Incorrect key normal_infuser.power.rare_multiplier was corrected from null to its default, 0.4. 
[08Apr2025 21:44:23.818] [Server thread/WARN] [net.minecraftforge.common.ForgeConfigSpec/CORE]: Incorrect key normal_infuser.power.untradeable_multiplier was corrected from null to its default, 0.9. 
[08Apr2025 21:44:23.818] [Server thread/WARN] [net.minecraftforge.common.ForgeConfigSpec/CORE]: Incorrect key normal_infuser.power.rarity_range was corrected from null to its default, 0.4. 
[08Apr2025 21:44:23.818] [Server thread/WARN] [net.minecraftforge.common.ForgeConfigSpec/CORE]: Incorrect key normal_infuser.power.undiscoverable_multiplier was corrected from null to its default, 0.9. 
[08Apr2025 21:44:23.818] [Server thread/WARN] [net.minecraftforge.common.ForgeConfigSpec/CORE]: Incorrect key normal_infuser.power.treasure_multiplier was corrected from null to its default, 0.95. 
[08Apr2025 21:44:23.818] [Server thread/WARN] [net.minecraftforge.common.ForgeConfigSpec/CORE]: Incorrect key normal_infuser.power.curse_multiplier was corrected from null to its default, 1.0. 
[08Apr2025 21:44:23.818] [Server thread/WARN] [net.minecraftforge.common.ForgeConfigSpec/CORE]: Incorrect key normal_infuser.power.common_multiplier was corrected from null to its default, -0.2. 
[08Apr2025 21:44:23.818] [Server thread/WARN] [net.minecraftforge.common.ForgeConfigSpec/CORE]: Incorrect key normal_infuser.power.very_rare_multiplier was corrected from null to its default, 0.6. 
[08Apr2025 21:44:23.818] [Server thread/WARN] [net.minecraftforge.common.ForgeConfigSpec/CORE]: Incorrect key normal_infuser.power.uncommon_multiplier was corrected from null to its default, 0.2. 
[08Apr2025 21:44:23.819] [Server thread/WARN] [net.minecraftforge.common.ForgeConfigSpec/CORE]: Incorrect key normal_infuser.increase_anvil_repair_cost was corrected from null to its default, false. 
[08Apr2025 21:44:23.819] [Server thread/WARN] [net.minecraftforge.common.ForgeConfigSpec/CORE]: Incorrect key normal_infuser.allow_books was corrected from null to its default, false. 
[08Apr2025 21:44:23.819] [Server thread/WARN] [net.minecraftforge.common.ForgeConfigSpec/CORE]: Incorrect key integration was corrected from null to its default, SimpleCommentedConfig:{}. 
[08Apr2025 21:44:23.819] [Server thread/WARN] [net.minecraftforge.common.ForgeConfigSpec/CORE]: Incorrect key integration.apotheosis was corrected from null to its default, true. 
[08Apr2025 21:44:23.821] [Server thread/INFO] [Puzzles Lib/]: Loading server config for enchantinginfuser
[08Apr2025 21:44:23.821] [Thread-3/INFO] [Puzzles Lib/]: Reloading server config for enchantinginfuser
[08Apr2025 21:44:23.822] [Server thread/WARN] [net.minecraftforge.common.ForgeConfigSpec/CORE]: Configuration file /workspaces/PlanetQu/servidor_minecraft/config/mutantmonsters-server.toml is not correct. Correcting
[08Apr2025 21:44:23.822] [Server thread/WARN] [net.minecraftforge.common.ForgeConfigSpec/CORE]: Incorrect key endersoul_hand_teleport_distance was corrected from null to its default, 128. 
[08Apr2025 21:44:23.823] [Server thread/WARN] [net.minecraftforge.common.ForgeConfigSpec/CORE]: Incorrect key mutant_x_conversions was corrected from null to its default, [minecraft:creeper,mutantmonsters:mutant_creeper, minecraft:enderman,mutantmonsters:mutant_enderman, minecraft:skeleton,mutantmonsters:mutant_skeleton, minecraft:snow_golem,mutantmonsters:mutant_snow_golem, minecraft:zombie,mutantmonsters:mutant_zombie, minecraft:pig,mutantmonsters:spider_pig]. 
[08Apr2025 21:44:23.824] [Thread-3/INFO] [Puzzles Lib/]: Reloading server config for enchantinginfuser
[08Apr2025 21:44:23.831] [Server thread/INFO] [Puzzles Lib/]: Loading server config for mutantmonsters
[08Apr2025 21:44:23.831] [Thread-3/INFO] [Puzzles Lib/]: Reloading server config for mutantmonsters
[08Apr2025 21:44:23.832] [Server thread/WARN] [net.minecraftforge.common.ForgeConfigSpec/CORE]: Configuration file ./world/serverconfig/jei-server.toml is not correct. Correcting
[08Apr2025 21:44:23.832] [Server thread/WARN] [net.minecraftforge.common.ForgeConfigSpec/CORE]: Incorrect key cheat mode was corrected from null to its default, SimpleCommentedConfig:{}. 
[08Apr2025 21:44:23.832] [Server thread/WARN] [net.minecraftforge.common.ForgeConfigSpec/CORE]: Incorrect key cheat mode.enableCheatModeForOp was corrected from null to its default, true. 
[08Apr2025 21:44:23.832] [Server thread/WARN] [net.minecraftforge.common.ForgeConfigSpec/CORE]: Incorrect key cheat mode.enableCheatModeForCreative was corrected from null to its default, true. 
[08Apr2025 21:44:23.832] [Thread-3/INFO] [Puzzles Lib/]: Reloading server config for mutantmonsters
[08Apr2025 21:44:23.832] [Server thread/WARN] [net.minecraftforge.common.ForgeConfigSpec/CORE]: Incorrect key cheat mode.enableCheatModeForGive was corrected from null to its default, false. 
[08Apr2025 21:44:23.835] [Server thread/WARN] [net.minecraftforge.common.ForgeConfigSpec/CORE]: Configuration file ./world/serverconfig/securitycraft-server.toml is not correct. Correcting
[08Apr2025 21:44:23.835] [Server thread/WARN] [net.minecraftforge.common.ForgeConfigSpec/CORE]: Incorrect key codebreaker_chance was corrected from null to its default, 0.33. 
[08Apr2025 21:44:23.836] [Server thread/WARN] [net.minecraftforge.common.ForgeConfigSpec/CORE]: Incorrect key allowAdminTool was corrected from null to its default, true. 
[08Apr2025 21:44:23.836] [Server thread/WARN] [net.minecraftforge.common.ForgeConfigSpec/CORE]: Incorrect key shouldSpawnFire was corrected from null to its default, true. 
[08Apr2025 21:44:23.837] [Server thread/WARN] [net.minecraftforge.common.ForgeConfigSpec/CORE]: Incorrect key ableToBreakMines was corrected from null to its default, true. 
[08Apr2025 21:44:23.838] [Server thread/WARN] [net.minecraftforge.common.ForgeConfigSpec/CORE]: Incorrect key smallerMineExplosion was corrected from null to its default, false. 
[08Apr2025 21:44:23.838] [Server thread/WARN] [net.minecraftforge.common.ForgeConfigSpec/CORE]: Incorrect key mineExplodesWhenInCreative was corrected from null to its default, true. 
[08Apr2025 21:44:23.839] [Server thread/WARN] [net.minecraftforge.common.ForgeConfigSpec/CORE]: Incorrect key mineExplosionsBreakBlocks was corrected from null to its default, true. 
[08Apr2025 21:44:23.839] [Server thread/WARN] [net.minecraftforge.common.ForgeConfigSpec/CORE]: Incorrect key laserBlockRange was corrected from null to its default, 5. 
[08Apr2025 21:44:23.840] [Server thread/WARN] [net.minecraftforge.common.ForgeConfigSpec/CORE]: Incorrect key inventoryScannerRange was corrected from null to its default, 2. 
[08Apr2025 21:44:23.840] [Server thread/WARN] [net.minecraftforge.common.ForgeConfigSpec/CORE]: Incorrect key maxAlarmRange was corrected from null to its default, 100. 
[08Apr2025 21:44:23.841] [Server thread/WARN] [net.minecraftforge.common.ForgeConfigSpec/CORE]: Incorrect key allowBlockClaim was corrected from null to its default, false. 
[08Apr2025 21:44:23.842] [Server thread/WARN] [net.minecraftforge.common.ForgeConfigSpec/CORE]: Incorrect key respect_invisibility was corrected from null to its default, false. 
[08Apr2025 21:44:23.842] [Server thread/WARN] [net.minecraftforge.common.ForgeConfigSpec/CORE]: Incorrect key reinforced_block_tint was corrected from null to its default, true. 
[08Apr2025 21:44:23.843] [Server thread/WARN] [net.minecraftforge.common.ForgeConfigSpec/CORE]: Incorrect key force_reinforced_block_tint was corrected from null to its default, false. 
[08Apr2025 21:44:23.844] [Server thread/WARN] [net.minecraftforge.common.ForgeConfigSpec/CORE]: Incorrect key retinalScannerFace was corrected from null to its default, true. 
[08Apr2025 21:44:23.844] [Server thread/WARN] [net.minecraftforge.common.ForgeConfigSpec/CORE]: Incorrect key enable_team_ownership was corrected from null to its default, false. 
[08Apr2025 21:44:23.845] [Server thread/WARN] [net.minecraftforge.common.ForgeConfigSpec/CORE]: Incorrect key disable_thanks_message was corrected from null to its default, false. 
[08Apr2025 21:44:23.845] [Server thread/WARN] [net.minecraftforge.common.ForgeConfigSpec/CORE]: Incorrect key trick_scanners_with_player_heads was corrected from null to its default, false. 
[08Apr2025 21:44:23.846] [Server thread/WARN] [net.minecraftforge.common.ForgeConfigSpec/CORE]: Incorrect key prevent_reinforced_floor_glitching was corrected from null to its default, false. 
[08Apr2025 21:44:23.846] [Server thread/WARN] [net.minecraftforge.common.ForgeConfigSpec/CORE]: Incorrect key taser_damage was corrected from null to its default, 1.0. 
[08Apr2025 21:44:23.847] [Server thread/WARN] [net.minecraftforge.common.ForgeConfigSpec/CORE]: Incorrect key powered_taser_damage was corrected from null to its default, 2.0. 
[08Apr2025 21:44:23.848] [Server thread/WARN] [net.minecraftforge.common.ForgeConfigSpec/CORE]: Incorrect key taser_effects was corrected from null to its default, [minecraft:weakness|200|2, minecraft:nausea|200|2, minecraft:slowness|200|2]. 
[08Apr2025 21:44:23.848] [Server thread/WARN] [net.minecraftforge.common.ForgeConfigSpec/CORE]: Incorrect key powered_taser_effects was corrected from null to its default, [minecraft:weakness|400|5, minecraft:nausea|400|5, minecraft:slowness|400|5]. 
[08Apr2025 21:44:23.849] [Server thread/WARN] [net.minecraftforge.common.ForgeConfigSpec/CORE]: Incorrect key laser_damage was corrected from null to its default, 10.0. 
[08Apr2025 21:44:23.850] [Server thread/WARN] [net.minecraftforge.common.ForgeConfigSpec/CORE]: Incorrect key incorrectPasscodeDamage was corrected from null to its default, 4. 
[08Apr2025 21:44:23.850] [Server thread/WARN] [net.minecraftforge.common.ForgeConfigSpec/CORE]: Incorrect key sentry_bullet_damage was corrected from null to its default, 2. 
[08Apr2025 21:44:23.851] [Server thread/WARN] [net.minecraftforge.common.ForgeConfigSpec/CORE]: Incorrect key sentry_attackable_entities_allowlist was corrected from null to its default, []. 
[08Apr2025 21:44:23.852] [Server thread/WARN] [net.minecraftforge.common.ForgeConfigSpec/CORE]: Incorrect key sentry_attackable_entities_denylist was corrected from null to its default, []. 
[08Apr2025 21:44:24.085] [Server thread/INFO] [net.minecraft.server.dedicated.DedicatedServer/]: Preparing level "world"
[08Apr2025 21:44:29.731] [Server thread/INFO] [net.minecraft.server.MinecraftServer/]: Preparing start region for dimension minecraft:overworld
[08Apr2025 21:44:32.545] [Worker-Main-1/INFO] [net.minecraft.server.level.progress.LoggerChunkProgressListener/]: Preparing spawn area: 0%
[08Apr2025 21:44:32.565] [Worker-Main-1/INFO] [net.minecraft.server.level.progress.LoggerChunkProgressListener/]: Preparing spawn area: 0%
[08Apr2025 21:44:32.580] [Worker-Main-3/INFO] [net.minecraft.server.level.progress.LoggerChunkProgressListener/]: Preparing spawn area: 0%
[08Apr2025 21:44:32.591] [Worker-Main-2/INFO] [net.minecraft.server.level.progress.LoggerChunkProgressListener/]: Preparing spawn area: 0%
[08Apr2025 21:44:32.598] [Worker-Main-1/INFO] [net.minecraft.server.level.progress.LoggerChunkProgressListener/]: Preparing spawn area: 0%
[08Apr2025 21:44:32.605] [Worker-Main-1/INFO] [net.minecraft.server.level.progress.LoggerChunkProgressListener/]: Preparing spawn area: 0%
[08Apr2025 21:44:32.734] [Worker-Main-3/INFO] [net.minecraft.server.level.progress.LoggerChunkProgressListener/]: Preparing spawn area: 0%
[08Apr2025 21:44:33.231] [Worker-Main-3/INFO] [net.minecraft.server.level.progress.LoggerChunkProgressListener/]: Preparing spawn area: 0%
[08Apr2025 21:44:33.733] [Worker-Main-2/INFO] [net.minecraft.server.level.progress.LoggerChunkProgressListener/]: Preparing spawn area: 18%
[08Apr2025 21:44:34.231] [Worker-Main-1/INFO] [net.minecraft.server.level.progress.LoggerChunkProgressListener/]: Preparing spawn area: 84%
[08Apr2025 21:44:34.359] [Server thread/INFO] [net.minecraft.server.level.progress.LoggerChunkProgressListener/]: Time elapsed: 4628 ms
[08Apr2025 21:44:34.359] [Server thread/INFO] [net.minecraft.server.dedicated.DedicatedServer/]: Done (10.657s)! For help, type "help"
[08Apr2025 21:44:34.419] [Server thread/INFO] [net.minecraftforge.server.permission.PermissionAPI/]: Successfully initialized permission handler forge:default_handler
[08Apr2025 21:44:34.425] [Server thread/INFO] [net.stardustlabs.nullscape.Nullscape/]: Thanks for choosing Nullscape!
[08Apr2025 21:44:34.425] [Server thread/INFO] [atomicstryker.multimine.common.MultiMine/]: MultiMine ServerStartedEvent
[08Apr2025 21:44:34.426] [Server thread/INFO] [atomicstryker.multimine.common.MultiMine/]: config loading now
[08Apr2025 21:44:34.427] [Server thread/INFO] [atomicstryker.multimine.common.MultiMine/]: config loaded successfully
[08Apr2025 21:44:34.427] [Server thread/WARN] [com.cupboard.Cupboard/]: Config brutalbosses.json not found, recreating default
[08Apr2025 21:44:34.428] [Server thread/INFO] [com.cupboard.Cupboard/]: Loaded config for: brutalbosses.json
[08Apr2025 21:44:34.429] [Server thread/INFO] [com.github.alexthe666.iceandfire.IceAndFire/]: {iceandfire:fire_dragon_roost=true, iceandfire:fire_lily=true, iceandfire:spawn_dragon_skeleton_fire=true, iceandfire:lightning_dragon_roost=true, iceandfire:spawn_dragon_skeleton_lightning=true, iceandfire:ice_dragon_roost=true, iceandfire:ice_dragon_cave=true, iceandfire:lightning_dragon_cave=true, iceandfire:cyclops_cave=true, iceandfire:spawn_wandering_cyclops=true, iceandfire:spawn_sea_serpent=true, iceandfire:frost_lily=true, iceandfire:hydra_cave=true, iceandfire:lightning_lily=true, iceandfire:pixie_village=true, iceandfire:myrmex_hive_jungle=true, iceandfire:myrmex_hive_desert=true, iceandfire:silver_ore=true, iceandfire:siren_island=true, iceandfire:spawn_dragon_skeleton_ice=true, iceandfire:spawn_stymphalian_bird=true, iceandfire:fire_dragon_cave=true, iceandfire:sapphire_ore=true, iceandfire:spawn_hippocampus=true, iceandfire:spawn_death_worm=true}
[08Apr2025 21:44:34.429] [Server thread/INFO] [com.github.alexthe666.iceandfire.IceAndFire/]: {TROLL_S=true, HIPPOGRYPH=true, AMPHITHERE=true, COCKATRICE=true, TROLL_M=true, DREAD_LICH=true, TROLL_F=true}
[08Apr2025 21:44:34.444] [Server thread/INFO] [atomicstryker.infernalmobs.common.InfernalMobsCore/]: item config parser finished, item count: 14
[08Apr2025 21:44:34.444] [Server thread/INFO] [atomicstryker.infernalmobs.common.InfernalMobsCore/]: item config parser finished, item count: 17
[08Apr2025 21:44:34.445] [Server thread/INFO] [atomicstryker.infernalmobs.common.InfernalMobsCore/]: item config parser finished, item count: 16
[08Apr2025 21:44:34.445] [Server thread/INFO] [atomicstryker.infernalmobs.common.InfernalMobsCore/]: InfernalMobsCore commonSetup completed! Modifiers ready: 28
[08Apr2025 21:44:34.446] [Server thread/INFO] [atomicstryker.infernalmobs.common.InfernalMobsCore/]: InfernalMobsCore commonSetup completed! config file at: /workspaces/PlanetQu/servidor_minecraft/./config/infernalmobs.cfg
[08Apr2025 21:44:36.031] [Server thread/INFO] [com.github.alexthe666.alexsmobs.AlexsMobs/]: Found Pupfish chunk at -881 ~ 144 after 15 tries
[08Apr2025 21:45:04.329] [User Authenticator #1/INFO] [net.minecraft.server.network.ServerLoginPacketListenerImpl/]: UUID of player Luxenberg is 20cf7514-a0f9-446f-8202-652cffddb3e5
[08Apr2025 21:45:32.453] [Server thread/INFO] [net.minecraft.server.network.ServerLoginPacketListenerImpl/]: Disconnecting com.mojang.authlib.GameProfile@1e724072[id=20cf7514-a0f9-446f-8202-652cffddb3e5,name=Luxenberg,properties={textures=[com.mojang.authlib.properties.Property@113329c5]},legacy=false] (/127.94.133.163:53511): Took too long to log in
[08Apr2025 21:45:32.454] [Server thread/INFO] [net.minecraft.server.network.ServerLoginPacketListenerImpl/]: com.mojang.authlib.GameProfile@1e724072[id=20cf7514-a0f9-446f-8202-652cffddb3e5,name=Luxenberg,properties={textures=[com.mojang.authlib.properties.Property@113329c5]},legacy=false] (/127.94.133.163:53511) lost connection: Took too long to log in
[08Apr2025 21:45:32.498] [Server thread/WARN] [net.minecraft.network.Connection/]: handleDisconnection() called twice
[08Apr2025 21:45:54.044] [User Authenticator #2/INFO] [net.minecraft.server.network.ServerLoginPacketListenerImpl/]: UUID of player Luxenberg is 20cf7514-a0f9-446f-8202-652cffddb3e5
[08Apr2025 21:46:22.806] [Server thread/WARN] [net.minecraft.network.syncher.SynchedEntityData/]: defineId called for: class net.minecraft.world.entity.player.Player from class tschipp.carryon.common.carry.CarryOnDataManager
[08Apr2025 21:46:22.848] [Server thread/WARN] [net.minecraft.server.PlayerAdvancements/]: Ignored advancement 'minecraft:recipes/decorations/crafting_table' in progress file ./world/advancements/20cf7514-a0f9-446f-8202-652cffddb3e5.json - it doesn't exist anymore?
[08Apr2025 21:46:22.848] [Server thread/WARN] [net.minecraft.server.PlayerAdvancements/]: Ignored advancement 'minecraft:recipes/building_blocks/spruce_planks' in progress file ./world/advancements/20cf7514-a0f9-446f-8202-652cffddb3e5.json - it doesn't exist anymore?
[08Apr2025 21:46:22.848] [Server thread/WARN] [net.minecraft.server.PlayerAdvancements/]: Ignored advancement 'minecraft:recipes/misc/charcoal' in progress file ./world/advancements/20cf7514-a0f9-446f-8202-652cffddb3e5.json - it doesn't exist anymore?
[08Apr2025 21:46:22.848] [Server thread/WARN] [net.minecraft.server.PlayerAdvancements/]: Ignored advancement 'minecraft:recipes/building_blocks/spruce_wood' in progress file ./world/advancements/20cf7514-a0f9-446f-8202-652cffddb3e5.json - it doesn't exist anymore?
[08Apr2025 21:46:22.848] [Server thread/WARN] [net.minecraft.server.PlayerAdvancements/]: Ignored advancement 'minecraft:recipes/redstone/spruce_button' in progress file ./world/advancements/20cf7514-a0f9-446f-8202-652cffddb3e5.json - it doesn't exist anymore?
[08Apr2025 21:46:22.848] [Server thread/WARN] [net.minecraft.server.PlayerAdvancements/]: Ignored advancement 'minecraft:recipes/redstone/spruce_pressure_plate' in progress file ./world/advancements/20cf7514-a0f9-446f-8202-652cffddb3e5.json - it doesn't exist anymore?
[08Apr2025 21:46:22.848] [Server thread/WARN] [net.minecraft.server.PlayerAdvancements/]: Ignored advancement 'minecraft:recipes/decorations/spruce_sign' in progress file ./world/advancements/20cf7514-a0f9-446f-8202-652cffddb3e5.json - it doesn't exist anymore?
[08Apr2025 21:46:22.848] [Server thread/WARN] [net.minecraft.server.PlayerAdvancements/]: Ignored advancement 'minecraft:recipes/redstone/spruce_trapdoor' in progress file ./world/advancements/20cf7514-a0f9-446f-8202-652cffddb3e5.json - it doesn't exist anymore?
[08Apr2025 21:46:22.849] [Server thread/WARN] [net.minecraft.server.PlayerAdvancements/]: Ignored advancement 'minecraft:recipes/redstone/spruce_door' in progress file ./world/advancements/20cf7514-a0f9-446f-8202-652cffddb3e5.json - it doesn't exist anymore?
[08Apr2025 21:46:22.849] [Server thread/WARN] [net.minecraft.server.PlayerAdvancements/]: Ignored advancement 'minecraft:recipes/redstone/spruce_fence_gate' in progress file ./world/advancements/20cf7514-a0f9-446f-8202-652cffddb3e5.json - it doesn't exist anymore?
[08Apr2025 21:46:22.849] [Server thread/WARN] [net.minecraft.server.PlayerAdvancements/]: Ignored advancement 'minecraft:recipes/misc/stick' in progress file ./world/advancements/20cf7514-a0f9-446f-8202-652cffddb3e5.json - it doesn't exist anymore?
[08Apr2025 21:46:22.849] [Server thread/WARN] [net.minecraft.server.PlayerAdvancements/]: Ignored advancement 'minecraft:recipes/decorations/barrel' in progress file ./world/advancements/20cf7514-a0f9-446f-8202-652cffddb3e5.json - it doesn't exist anymore?
[08Apr2025 21:46:22.849] [Server thread/WARN] [net.minecraft.server.PlayerAdvancements/]: Ignored advancement 'minecraft:recipes/decorations/spruce_fence' in progress file ./world/advancements/20cf7514-a0f9-446f-8202-652cffddb3e5.json - it doesn't exist anymore?
[08Apr2025 21:46:22.849] [Server thread/WARN] [net.minecraft.server.PlayerAdvancements/]: Ignored advancement 'minecraft:recipes/building_blocks/spruce_stairs' in progress file ./world/advancements/20cf7514-a0f9-446f-8202-652cffddb3e5.json - it doesn't exist anymore?
[08Apr2025 21:46:22.849] [Server thread/WARN] [net.minecraft.server.PlayerAdvancements/]: Ignored advancement 'minecraft:recipes/building_blocks/spruce_slab' in progress file ./world/advancements/20cf7514-a0f9-446f-8202-652cffddb3e5.json - it doesn't exist anymore?
[08Apr2025 21:46:22.849] [Server thread/WARN] [net.minecraft.server.PlayerAdvancements/]: Ignored advancement 'minecraft:recipes/decorations/ladder' in progress file ./world/advancements/20cf7514-a0f9-446f-8202-652cffddb3e5.json - it doesn't exist anymore?
[08Apr2025 21:46:22.849] [Server thread/WARN] [net.minecraft.server.PlayerAdvancements/]: Ignored advancement 'minecraft:recipes/decorations/campfire' in progress file ./world/advancements/20cf7514-a0f9-446f-8202-652cffddb3e5.json - it doesn't exist anymore?
[08Apr2025 21:46:22.849] [Server thread/WARN] [net.minecraft.server.PlayerAdvancements/]: Ignored advancement 'minecraft:recipes/tools/wooden_hoe' in progress file ./world/advancements/20cf7514-a0f9-446f-8202-652cffddb3e5.json - it doesn't exist anymore?
[08Apr2025 21:46:22.850] [Server thread/WARN] [net.minecraft.server.PlayerAdvancements/]: Ignored advancement 'minecraft:recipes/tools/wooden_pickaxe' in progress file ./world/advancements/20cf7514-a0f9-446f-8202-652cffddb3e5.json - it doesn't exist anymore?
[08Apr2025 21:46:22.850] [Server thread/WARN] [net.minecraft.server.PlayerAdvancements/]: Ignored advancement 'minecraft:recipes/tools/wooden_axe' in progress file ./world/advancements/20cf7514-a0f9-446f-8202-652cffddb3e5.json - it doesn't exist anymore?
[08Apr2025 21:46:22.850] [Server thread/WARN] [net.minecraft.server.PlayerAdvancements/]: Ignored advancement 'minecraft:recipes/tools/wooden_shovel' in progress file ./world/advancements/20cf7514-a0f9-446f-8202-652cffddb3e5.json - it doesn't exist anymore?
[08Apr2025 21:46:22.850] [Server thread/WARN] [net.minecraft.server.PlayerAdvancements/]: Ignored advancement 'minecraft:recipes/combat/wooden_sword' in progress file ./world/advancements/20cf7514-a0f9-446f-8202-652cffddb3e5.json - it doesn't exist anymore?
[08Apr2025 21:46:22.850] [Server thread/WARN] [net.minecraft.server.PlayerAdvancements/]: Ignored advancement 'minecraft:recipes/redstone/lever' in progress file ./world/advancements/20cf7514-a0f9-446f-8202-652cffddb3e5.json - it doesn't exist anymore?
[08Apr2025 21:46:22.850] [Server thread/WARN] [net.minecraft.server.PlayerAdvancements/]: Ignored advancement 'minecraft:recipes/combat/stone_sword' in progress file ./world/advancements/20cf7514-a0f9-446f-8202-652cffddb3e5.json - it doesn't exist anymore?
[08Apr2025 21:46:22.850] [Server thread/WARN] [net.minecraft.server.PlayerAdvancements/]: Ignored advancement 'minecraft:recipes/decorations/cobblestone_wall' in progress file ./world/advancements/20cf7514-a0f9-446f-8202-652cffddb3e5.json - it doesn't exist anymore?
[08Apr2025 21:46:22.850] [Server thread/WARN] [net.minecraft.server.PlayerAdvancements/]: Ignored advancement 'minecraft:recipes/tools/stone_pickaxe' in progress file ./world/advancements/20cf7514-a0f9-446f-8202-652cffddb3e5.json - it doesn't exist anymore?
[08Apr2025 21:46:22.850] [Server thread/WARN] [net.minecraft.server.PlayerAdvancements/]: Ignored advancement 'minecraft:recipes/tools/stone_axe' in progress file ./world/advancements/20cf7514-a0f9-446f-8202-652cffddb3e5.json - it doesn't exist anymore?
[08Apr2025 21:46:22.850] [Server thread/WARN] [net.minecraft.server.PlayerAdvancements/]: Ignored advancement 'minecraft:recipes/decorations/furnace' in progress file ./world/advancements/20cf7514-a0f9-446f-8202-652cffddb3e5.json - it doesn't exist anymore?
[08Apr2025 21:46:22.850] [Server thread/WARN] [net.minecraft.server.PlayerAdvancements/]: Ignored advancement 'minecraft:recipes/building_blocks/cobblestone_slab' in progress file ./world/advancements/20cf7514-a0f9-446f-8202-652cffddb3e5.json - it doesn't exist anymore?
[08Apr2025 21:46:22.850] [Server thread/WARN] [net.minecraft.server.PlayerAdvancements/]: Ignored advancement 'minecraft:recipes/building_blocks/cobblestone_slab_from_cobblestone_stonecutting' in progress file ./world/advancements/20cf7514-a0f9-446f-8202-652cffddb3e5.json - it doesn't exist anymore?
[08Apr2025 21:46:22.850] [Server thread/WARN] [net.minecraft.server.PlayerAdvancements/]: Ignored advancement 'minecraft:recipes/building_blocks/stone' in progress file ./world/advancements/20cf7514-a0f9-446f-8202-652cffddb3e5.json - it doesn't exist anymore?
[08Apr2025 21:46:22.850] [Server thread/WARN] [net.minecraft.server.PlayerAdvancements/]: Ignored advancement 'minecraft:recipes/decorations/cobblestone_wall_from_cobblestone_stonecutting' in progress file ./world/advancements/20cf7514-a0f9-446f-8202-652cffddb3e5.json - it doesn't exist anymore?
[08Apr2025 21:46:22.851] [Server thread/WARN] [net.minecraft.server.PlayerAdvancements/]: Ignored advancement 'minecraft:recipes/building_blocks/cobblestone_stairs_from_cobblestone_stonecutting' in progress file ./world/advancements/20cf7514-a0f9-446f-8202-652cffddb3e5.json - it doesn't exist anymore?
[08Apr2025 21:46:22.851] [Server thread/WARN] [net.minecraft.server.PlayerAdvancements/]: Ignored advancement 'minecraft:recipes/building_blocks/cobblestone_stairs' in progress file ./world/advancements/20cf7514-a0f9-446f-8202-652cffddb3e5.json - it doesn't exist anymore?
[08Apr2025 21:46:22.851] [Server thread/WARN] [net.minecraft.server.PlayerAdvancements/]: Ignored advancement 'minecraft:recipes/tools/stone_hoe' in progress file ./world/advancements/20cf7514-a0f9-446f-8202-652cffddb3e5.json - it doesn't exist anymore?
[08Apr2025 21:46:22.851] [Server thread/WARN] [net.minecraft.server.PlayerAdvancements/]: Ignored advancement 'minecraft:recipes/tools/stone_shovel' in progress file ./world/advancements/20cf7514-a0f9-446f-8202-652cffddb3e5.json - it doesn't exist anymore?
[08Apr2025 21:46:22.862] [Server thread/ERROR] [net.minecraft.stats.ServerRecipeBook/]: Tried to load unrecognized recipe: minecraft:stone_shovel removed now.
[08Apr2025 21:46:22.862] [Server thread/ERROR] [net.minecraft.stats.ServerRecipeBook/]: Tried to load unrecognized recipe: minecraft:stone_hoe removed now.
[08Apr2025 21:46:22.862] [Server thread/ERROR] [net.minecraft.stats.ServerRecipeBook/]: Tried to load unrecognized recipe: minecraft:stone_sword removed now.
[08Apr2025 21:46:22.862] [Server thread/ERROR] [net.minecraft.stats.ServerRecipeBook/]: Tried to load unrecognized recipe: minecraft:stone_pickaxe removed now.
[08Apr2025 21:46:22.862] [Server thread/ERROR] [net.minecraft.stats.ServerRecipeBook/]: Tried to load unrecognized recipe: minecraft:furnace removed now.
[08Apr2025 21:46:22.863] [Server thread/ERROR] [net.minecraft.stats.ServerRecipeBook/]: Tried to load unrecognized recipe: minecraft:ladder removed now.
[08Apr2025 21:46:22.863] [Server thread/ERROR] [net.minecraft.stats.ServerRecipeBook/]: Tried to load unrecognized recipe: minecraft:stone_axe removed now.
[08Apr2025 21:46:22.863] [Server thread/ERROR] [net.minecraft.stats.ServerRecipeBook/]: Tried to load unrecognized recipe: minecraft:stone_shovel removed now.
[08Apr2025 21:46:22.863] [Server thread/ERROR] [net.minecraft.stats.ServerRecipeBook/]: Tried to load unrecognized recipe: minecraft:stone_hoe removed now.
[08Apr2025 21:46:22.863] [Server thread/ERROR] [net.minecraft.stats.ServerRecipeBook/]: Tried to load unrecognized recipe: minecraft:stone_sword removed now.
[08Apr2025 21:46:22.863] [Server thread/ERROR] [net.minecraft.stats.ServerRecipeBook/]: Tried to load unrecognized recipe: minecraft:stone_pickaxe removed now.
[08Apr2025 21:46:22.863] [Server thread/ERROR] [net.minecraft.stats.ServerRecipeBook/]: Tried to load unrecognized recipe: minecraft:furnace removed now.
[08Apr2025 21:46:22.863] [Server thread/ERROR] [net.minecraft.stats.ServerRecipeBook/]: Tried to load unrecognized recipe: minecraft:ladder removed now.
[08Apr2025 21:46:22.864] [Server thread/ERROR] [net.minecraft.stats.ServerRecipeBook/]: Tried to load unrecognized recipe: minecraft:stone_axe removed now.
[08Apr2025 21:46:22.865] [Server thread/INFO] [net.minecraft.server.players.PlayerList/]: Luxenberg[/127.94.133.163:46661] logged in with entity id 1545 at (-68.3808300801063, 63.0, 90.1433604373277)
[08Apr2025 21:46:22.991] [Server thread/INFO] [net.minecraft.server.MinecraftServer/]: Luxenberg joined the game
[08Apr2025 21:46:23.183] [Server thread/INFO] [net.minecraft.server.MinecraftServer/]: Luxenberg has reached the goal [Easter]
[08Apr2025 21:46:23.397] [Server thread/INFO] [net.minecraft.server.MinecraftServer/]: Luxenberg has made the advancement [Ice and Fire]
[08Apr2025 21:46:23.398] [Server thread/INFO] [net.minecraft.server.MinecraftServer/]: Luxenberg has completed the challenge [The Undead]
[08Apr2025 21:49:37.063] [Server thread/INFO] [net.minecraft.server.MinecraftServer/]: Luxenberg has made the advancement [Alex's Mobs]
